element,sp_num,obs_wl_vac(nm),unc_obs_wl,ritz_wl_vac(nm),intens,Aki(s^-1),Acc,Ei(cm-1),Ek(cm-1),conf_i,term_i,J_i,conf_k,term_k,J_k,g_i,g_k,Type,tp_ref,line_ref,
Ba,2,"=""189.265""","=""""","=""189.2505+""","=""""","=""1.3e+07""",D,"=""20261.561""","=""73101.58""","=""6p""","=""2P*""","=""1/2""","=""10d""","=""2D""","=""3/2""",2,4,,"=""T3225,T7387""","=""L3450""",
Ba,2,"=""192.46712""","=""""","=""192.46710+""","=""10""","=""3.1e+06""",E,"=""5674.807""","=""57631.739""","=""5d""","=""2D""","=""5/2""","=""5f""","=""2F*""","=""7/2""",6,8,,"=""T4515""","=""L9224""",
Ba,2,"=""195.421""","=""""","=""195.4272+""","=""""","=""1.4e+07""",D,"=""21952.404""","=""73122.35""","=""6p""","=""2P*""","=""3/2""","=""10d""","=""2D""","=""5/2""",4,6,,"=""T3225,T7387""","=""L3450""",
Ba,2,"=""197.019""","=""""","=""197.0332+""","=""""","=""6.7e+06""",E,"=""21952.404""","=""72705.28""","=""6p""","=""2P*""","=""3/2""","=""11s""","=""2S""","=""1/2""",4,2,,"=""T4515""","=""L3450""",
Ba,2,"=""198.57548""","=""""","=""198.57548+""","=""6""","=""2.0e+07""",D,"=""20261.561""","=""70620.247""","=""6p""","=""2P*""","=""1/2""","=""9d""","=""2D""","=""3/2""",2,4,,"=""T3225,T7387""","=""L9224""",
Ba,2,"=""199.952""","=""""","=""199.95465+""","=""""","=""1.0e+07""",E,"=""0.000""","=""50011.340""","=""6s""","=""2S""","=""1/2""","=""7p""","=""2P*""","=""3/2""",2,4,,"=""T4515""","=""L3450""",
element,sp_num,obs_wl_air(nm),unc_obs_wl,ritz_wl_air(nm),intens,Aki(s^-1),Acc,Ei(cm-1),Ek(cm-1),conf_i,term_i,J_i,conf_k,term_k,J_k,g_i,g_k,Type,tp_ref,line_ref,
Ba,2,"=""200.920""","=""""","=""200.92785+""","=""""","=""6.5e+06""",C+,"=""20261.561""","=""70014.584""","=""6p""","=""2P*""","=""1/2""","=""10s""","=""2S""","=""1/2""",2,2,,"=""T3225,T7387""","=""L3450""",
Ba,2,"=""202.40561""","=""""","=""202.40564+""","=""5""","=""6.9e+06""",C,"=""0.000""","=""49389.822""","=""6s""","=""2S""","=""1/2""","=""7p""","=""2P*""","=""1/2""",2,2,,"=""T3225,T7387""","=""L9224""",
Ba,2,"=""205.27516""","=""""","=""205.27516+""","=""12""","=""2.2e+07""",D,"=""21952.404""","=""70651.905""","=""6p""","=""2P*""","=""3/2""","=""9d""","=""2D""","=""5/2""",4,6,,"=""T3225,T7387""","=""L9224""",
Ba,2,"=""205.391""","=""""","=""205.40871+""","=""""","=""3.7e+06""",D,"=""21952.404""","=""70620.247""","=""6p""","=""2P*""","=""3/2""","=""9d""","=""2D""","=""3/2""",4,4,,"=""T3225,T7387""","=""L3450""",
Ba,2,"=""207.99753""","=""""","=""207.99753+""","=""9""","=""1.2e+07""",C+,"=""21952.404""","=""70014.584""","=""6p""","=""2P*""","=""3/2""","=""10s""","=""2S""","=""1/2""",4,2,,"=""T3225,T7387""","=""L9224""",
Ba,2,"=""215.39336""","=""""","=""215.39337+""","=""74""","=""3.4e+07""",C,"=""20261.561""","=""66673.651""","=""6p""","=""2P*""","=""1/2""","=""8d""","=""2D""","=""3/2""",2,4,,"=""T3225,T7387""","=""L9224""",
Ba,2,"=""220.08853""","=""""","=""220.08852+""","=""30""","=""1.1e+07""",C+,"=""20261.561""","=""65683.646""","=""6p""","=""2P*""","=""1/2""","=""9s""","=""2S""","=""1/2""",2,2,,"=""T3225,T7387""","=""L9224""",
Ba,2,"=""221.47634""","=""""","=""221.47634+""","=""45""","=""1.6e+06""",D,"=""4873.852""","=""50011.340""","=""5d""","=""2D""","=""3/2""","=""7p""","=""2P*""","=""3/2""",4,4,,"=""T3225,T7387""","=""L9224""",
Ba,2,"=""223.27858""","=""""","=""223.27858+""","=""170""","=""3.7e+07""",C,"=""21952.404""","=""66725.591""","=""6p""","=""2P*""","=""3/2""","=""8d""","=""2D""","=""5/2""",4,6,,"=""T3225,T7387""","=""L9224""",
Ba,2,"=""223.53795""","=""""","=""223.53793+""","=""17""","=""6.1e+06""",C,"=""21952.404""","=""66673.651""","=""6p""","=""2P*""","=""3/2""","=""8d""","=""2D""","=""3/2""",4,4,,"=""T3225,T7387""","=""L9224""",
Ba,2,"=""224.56883""","=""""","=""224.56883+""","=""173""","=""1.6e+07""",D,"=""4873.852""","=""49389.822""","=""5d""","=""2D""","=""3/2""","=""7p""","=""2P*""","=""1/2""",4,2,,"=""T3225,T7387""","=""L9224""",
Ba,2,"=""225.47779""","=""""","=""225.47778+""","=""415""","=""1.4e+07""",D,"=""5674.807""","=""50011.340""","=""5d""","=""2D""","=""5/2""","=""7p""","=""2P*""","=""3/2""",6,4,,"=""T3225,T7387""","=""L9224""",
Ba,2,"=""228.59894""","=""""","=""228.59895+""","=""68""","=""2.0e+07""",C+,"=""21952.404""","=""65683.646""","=""6p""","=""2P*""","=""3/2""","=""9s""","=""2S""","=""1/2""",4,2,,"=""T3225,T7387""","=""L9224""",
Ba,1,"=""240.9233""","=""0.0006""","=""240.9232+""","=""5a""","=""8.6e+04""",C+,"=""0.000""","=""41494.39""","=""6s2""","=""1S""","=""0""","=""6s.18p""","=""1P*""","=""1""",1,3,,"=""T3039""","=""L570,L16234""",
Ba,1,"=""241.4080""","=""0.0006""","=""241.4081+""","=""6a""","=""1.5e+05""",C+,"=""0.000""","=""41411.04""","=""6s2""","=""1S""","=""0""","=""6s.17p""","=""1P*""","=""1""",1,3,,"=""T3039""","=""L570,L16234""",
Ba,1,"=""242.0111""","=""0.0006""","=""242.0110+""","=""8a""","=""2.3e+05""",C+,"=""0.000""","=""41307.88""","=""6s2""","=""1S""","=""0""","=""6s.16p""","=""1P*""","=""1""",1,3,,"=""T3039""","=""L570,L16234""",
Ba,1,"=""242.7410""","=""0.0006""","=""242.7414+""","=""6a""","=""5.6e+05""",C+,"=""0.000""","=""41183.60""","=""6s2""","=""1S""","=""0""","=""6s.15p""","=""1P*""","=""1""",1,3,,"=""T3039""","=""L570,L16234""",
Ba,1,"=""243.2519""","=""0.0020""","=""243.2518+""","=""15a""","=""7.2e+05""",D,"=""0.000""","=""41097.20""","=""6s2""","=""1S""","=""0""","=""5d.8p""","=""3P*""","=""1""",1,3,,"=""T4515""","=""L570,L16234""",
Ba,1,"=""243.8809""","=""0.0012""","=""243.8807+""","=""6a""","=""1.4e+05""",C+,"=""0.000""","=""40991.23""","=""6s2""","=""1S""","=""0""","=""6s.14p""","=""1P*""","=""1""",1,3,,"=""T3039""","=""L16234""",
Ba,1,"=""244.4642""","=""0.0012""","=""244.4620+""","=""10a""","=""4.5e+05""",D,"=""0.000""","=""40893.76""","=""6s2""","=""1S""","=""0""","=""5d.8p""","=""3D*""","=""1""",1,3,,"=""T4515""","=""L16234""",
Ba,1,"=""245.2378""","=""0.0012""","=""245.2328+""","=""2a""","=""8.1e+04""",C+,"=""0.000""","=""40765.23""","=""6s2""","=""1S""","=""0""","=""6s.13p""","=""1P*""","=""1""",1,3,,"=""T3039""","=""L16234""",
Ba,1,"=""247.3""","=""0.20""","=""247.2744+""","=""""","=""4.6e+05""",C+,"=""0.000""","=""40428.68""","=""6s2""","=""1S""","=""0""","=""6s.12p""","=""1P*""","=""1""",1,3,,"=""T3039""","=""L16231""",
Ba,1,"=""250.02""","=""0.02""","=""250.0363+""","=""""","=""1.5e+06""",E,"=""0.000""","=""39982.14""","=""6s2""","=""1S""","=""0""","=""6s.11p""","=""1P*""","=""1""",1,3,,"=""T4515""","=""L7361""",
Ba,2,"=""252.84078""","=""""","=""252.84078+""","=""249""","=""6.9e+07""",C,"=""20261.561""","=""59800.254""","=""6p""","=""2P*""","=""1/2""","=""7d""","=""2D""","=""3/2""",2,4,,"=""T3225,T7387""","=""L9224""",
Ba,1,"=""254.32""","=""0.02""","=""254.2992+""","=""""","=""4.1e+06""",E,"=""0.000""","=""39311.95""","=""6s2""","=""1S""","=""0""","=""6s.10p""","=""1P*""","=""1""",1,3,,"=""T4515""","=""L7361""",
Ba,1,"=""259.66357""","=""""","=""259.66357+""","=""120""","=""1.2e+07""",E,"=""0.000""","=""38499.860""","=""6s2""","=""1S""","=""0""","=""5d.7p""","=""1P*""","=""1""",1,3,,"=""T4515""","=""L9224""",
Ba,2,"=""263.47799""","=""""","=""263.47799+""","=""381""","=""7.3e+07""",C,"=""21952.404""","=""59894.928""","=""6p""","=""2P*""","=""3/2""","=""7d""","=""2D""","=""5/2""",4,6,,"=""T3225,T7387""","=""L9224""",
Ba,2,"=""264.13710""","=""""","=""264.13711+""","=""41""","=""1.2e+07""",C,"=""21952.404""","=""59800.254""","=""6p""","=""2P*""","=""3/2""","=""7d""","=""2D""","=""3/2""",4,4,,"=""T3225,T7387""","=""L9224""",
Ba,1,"=""264.650""","=""0.005""","=""264.6446+""","=""1h""","=""1.1e+06""",E,"=""0.000""","=""37775.28""","=""6s2""","=""1S""","=""0""","=""6s.9p""","=""1P*""","=""1""",1,3,,"=""T4515""","=""L7361""",
Ba,2,"=""264.72608""","=""""","=""264.72608+""","=""64""","=""2.26e+07""",B,"=""20261.561""","=""58025.211""","=""6p""","=""2P*""","=""1/2""","=""8s""","=""2S""","=""1/2""",2,2,,"=""T3225,T7387""","=""L9224""",
Ba,1,"=""270.26331""","=""""","=""270.26331+""","=""78""","=""2.5e+06""",E,"=""0.000""","=""36989.981""","=""6s2""","=""1S""","=""0""","=""5d.7p""","=""3P*""","=""1""",1,3,,"=""T4515""","=""L9224""",
Ba,1,"=""273.92363""","=""""","=""273.92359+""","=""39""","=""9.1e+05""",E,"=""0.000""","=""36495.732""","=""6s2""","=""1S""","=""0""","=""5d.7p""","=""3D*""","=""1""",1,3,,"=""T4515""","=""L9224""",
Ba,2,"=""277.13528""","=""""","=""277.13530+""","=""77""","=""3.95e+07""",B,"=""21952.404""","=""58025.211""","=""6p""","=""2P*""","=""3/2""","=""8s""","=""2S""","=""1/2""",4,2,,"=""T3225,T7387""","=""L9224""",
Ba,1,"=""278.52784""","=""""","=""278.52784+""","=""95""","=""2.8e+06""",E,"=""0.000""","=""35892.465""","=""6s2""","=""1S""","=""0""","=""6s.8p""","=""1P*""","=""1""",1,3,,"=""T4515""","=""L9224""",
Ba,1,"=""307.15841""","=""""","=""307.15842+""","=""168""","=""4.2e+07""",C,"=""0.000""","=""32547.033""","=""6s2""","=""1S""","=""0""","=""6s.7p""","=""1P*""","=""1""",1,3,,"=""T4784""","=""L9224""",
Ba,1,"=""350.11075""","=""""","=""350.11076+""","=""860""","=""3.5e+07""",B,"=""0.000""","=""28554.221""","=""6s2""","=""1S""","=""0""","=""5d.6p""","=""1P*""","=""1""",1,3,,"=""T5037""","=""L9224""",
Ba,2,"=""355.245""","=""""","=""355.2446+""","=""""","=""3.9e+05""",C,"=""45949.472""","=""74091.05""","=""6d""","=""2D""","=""3/2""","=""9f""","=""2F*""","=""5/2""",4,6,,"=""T3225,T7387""","=""L6094""",
Ba,2,"=""357.628""","=""""","=""357.6275+""","=""""","=""4.1e+05""",C,"=""46154.847""","=""74108.92""","=""6d""","=""2D""","=""5/2""","=""9f""","=""2F*""","=""7/2""",6,8,,"=""T3225,T7387""","=""L6094""",
Ba,2,"=""381.669""","=""""","=""381.6687+""","=""""","=""2.3e+05""",E,"=""45949.472""","=""72142.77""","=""6d""","=""2D""","=""3/2""","=""8f""","=""2F*""","=""5/2""",4,6,,"=""T4515""","=""L6094""",
Ba,2,"=""384.280""","=""""","=""384.2796+""","=""""","=""2.2e+05""",E,"=""46154.847""","=""72170.19""","=""6d""","=""2D""","=""5/2""","=""8f""","=""2F*""","=""7/2""",6,8,,"=""T4515""","=""L6094""",
Ba,1,"=""388.93263""","=""""","=""388.93263+""","=""165""","=""1.10e+06""",C+,"=""0.000""","=""25704.110""","=""6s2""","=""1S""","=""0""","=""5d.6p""","=""3P*""","=""1""",1,3,,"=""T5495""","=""L9224""",
Ba,2,"=""389.17790""","=""""","=""389.17790+""","=""500""","=""2.17e+08""",B,"=""20261.561""","=""45949.472""","=""6p""","=""2P*""","=""1/2""","=""6d""","=""2D""","=""3/2""",2,4,,"=""T3225,T7387""","=""L9224""",
Ba,1,"=""390.99092""","=""""","=""390.99092+""","=""272""","=""4.9e+07""",E,"=""9033.966""","=""34602.765""","=""6s.5d""","=""3D""","=""1""","=""6s.4f""","=""3F*""","=""2""",3,5,,"=""T4515""","=""L9224""",
Ba,1,"=""393.57167""","=""""","=""393.57167+""","=""423""","=""4.7e+07""",E,"=""9215.501""","=""34616.643""","=""6s.5d""","=""3D""","=""2""","=""6s.4f""","=""3F*""","=""3""",5,7,,"=""T4515""","=""L9224""",
Ba,1,"=""393.78681""","=""""","=""393.78682+""","=""59""","=""1.1e+07""",E,"=""9215.501""","=""34602.765""","=""6s.5d""","=""3D""","=""2""","=""6s.4f""","=""3F*""","=""2""",5,5,,"=""T4515""","=""L9224""",
Ba,1,"=""399.33989""","=""""","=""399.33989+""","=""530""","=""5.5e+07""",E,"=""9596.533""","=""34630.779""","=""6s.5d""","=""3D""","=""3""","=""6s.4f""","=""3F*""","=""4""",7,9,,"=""T4515""","=""L9224""",
Ba,1,"=""399.56551""","=""""","=""399.56552+""","=""61""","=""8.8e+06""",E,"=""9596.533""","=""34616.643""","=""6s.5d""","=""3D""","=""3""","=""6s.4f""","=""3F*""","=""3""",7,7,,"=""T4515""","=""L9224""",
Ba,2,"=""413.06491""","=""""","=""413.06491+""","=""910""","=""2.18e+08""",B,"=""21952.404""","=""46154.847""","=""6p""","=""2P*""","=""3/2""","=""6d""","=""2D""","=""5/2""",4,6,,"=""T3225,T7387""","=""L9224""",
Ba,1,"=""413.24266""","=""""","=""413.24266+""","=""309""","=""1.46e+06""",B,"=""0.000""","=""24192.033""","=""6s2""","=""1S""","=""0""","=""5d.6p""","=""3D*""","=""1""",1,3,,"=""T5037,T5495""","=""L9224""",
Ba,2,"=""416.60014""","=""""","=""416.60013+""","=""103""","=""3.54e+07""",B,"=""21952.404""","=""45949.472""","=""6p""","=""2P*""","=""3/2""","=""6d""","=""2D""","=""3/2""",4,4,,"=""T3225,T7387""","=""L9224""",
Ba,2,"=""421.604""","=""""","=""421.6129+""","=""""","=""5.09e+06""",B,"=""49389.822""","=""73101.58""","=""7p""","=""2P*""","=""1/2""","=""10d""","=""2D""","=""3/2""",2,4,,"=""T3225,T7387""","=""L6094""",
Ba,1,"=""423.95552""","=""""","=""423.9555+""","=""25""","=""2.4e+07""",E,"=""13514.745""","=""37095.486""","=""6s.6p""","=""3P*""","=""2""","=""5d.6d""","=""3S""","=""1""",5,3,,"=""T4515""","=""L9224""",
Ba,1,"=""424.26050""","=""""","=""424.2605+""","=""17""","=""5.6e+06""",E,"=""12636.623""","=""36200.412""","=""6s.6p""","=""3P*""","=""1""","=""5d.6d""","=""3D""","=""2""",3,5,,"=""T4515""","=""L9224""",
Ba,1,"=""426.44174""","=""""","=""426.4417+""","=""42""","=""1.5e+07""",E,"=""12266.024""","=""35709.289""","=""6s.6p""","=""3P*""","=""0""","=""6s.7d""","=""3D""","=""1""",1,3,,"=""T4515""","=""L9224""",
Ba,2,"=""426.79199""","=""""","=""426.7923+""","=""8""","=""3.1e+07""",D,"=""48258.617""","=""71682.623u""","=""4f""","=""2F*""","=""5/2""","=""7g""","=""2G""","=""7/2""",6,8,,"=""T3225,T7387""","=""L9224""",
Ba,1,"=""428.30973""","=""""","=""428.3097+""","=""530""","=""6.4e+07""",E,"=""11395.350""","=""34736.373""","=""6s.5d""","=""1D""","=""2""","=""6s.4f""","=""1F*""","=""3""",5,7,,"=""T4515""","=""L9224""",
Ba,2,"=""428.780""","=""""","=""428.7794+""","=""""","=""2.4e+06""",E,"=""49389.822""","=""72705.28""","=""7p""","=""2P*""","=""1/2""","=""11s""","=""2S""","=""1/2""",2,2,,"=""T4515""","=""L6094""",
Ba,2,"=""430.92662""","=""""","=""430.9265+""","=""4*""","=""3.1e+07""",D,"=""48483.332""","=""71682.623u""","=""4f""","=""2F*""","=""7/2""","=""7g""","=""2G""","=""9/2""",8,10,,"=""T3225,T7387""","=""L9224""",
Ba,2,"=""430.92662""","=""""","=""430.9265+""","=""4*""","=""1.1e+07""",D,"=""48483.332""","=""71682.623u""","=""4f""","=""2F*""","=""7/2""","=""7g""","=""2G""","=""7/2""",8,8,,"=""T3225,T7387""","=""L9224""",
Ba,1,"=""432.30031""","=""""","=""432.3003+""","=""61""","=""8.8e+06""",C+,"=""12636.623""","=""35762.187""","=""6s.6p""","=""3P*""","=""1""","=""6s.7d""","=""1D""","=""2""",3,5,,"=""T5495""","=""L9224""",
Ba,1,"=""432.51085""","=""""","=""432.5108+""","=""18""","=""7.1e+06""",E,"=""13514.745""","=""36629.053""","=""6s.6p""","=""3P*""","=""2""","=""5d.6d""","=""3D""","=""3""",5,7,,"=""T4515""","=""L9224""",
Ba,2,"=""432.573""","=""""","=""432.5726+""","=""""","=""5.65e+06""",B,"=""50011.340""","=""73122.35""","=""7p""","=""2P*""","=""3/2""","=""10d""","=""2D""","=""5/2""",4,6,,"=""T3225,T7387""","=""L6094""",
Ba,2,"=""432.962""","=""""","=""432.9617+""","=""""","=""9.39e+05""",B,"=""50011.340""","=""73101.58""","=""7p""","=""2P*""","=""3/2""","=""10d""","=""2D""","=""3/2""",4,4,,"=""T3225,T7387""","=""L6094""",
Ba,1,"=""433.29146""","=""""","=""433.2915+""","=""39""","=""1.5e+07""",E,"=""12636.623""","=""35709.289""","=""6s.6p""","=""3P*""","=""1""","=""6s.7d""","=""3D""","=""1""",3,3,,"=""T4515""","=""L9224""",
Ba,1,"=""435.03255""","=""""","=""435.0326+""","=""271""","=""6.0e+07""",E,"=""12636.623""","=""35616.949""","=""6s.6p""","=""3P*""","=""1""","=""6s.7d""","=""3D""","=""2""",3,5,,"=""T4515""","=""L9224""",
Ba,1,"=""440.25386""","=""""","=""440.2538+""","=""273""","=""2.7e+07""",C,"=""12636.623""","=""35344.413""","=""6s.6p""","=""3P*""","=""1""","=""6p2""","=""3P""","=""2""",3,5,,"=""T5429""","=""L9224""",
Ba,2,"=""440.523""","=""""","=""440.5225+""","=""""","=""3.9e+06""",E,"=""50011.340""","=""72705.28""","=""7p""","=""2P*""","=""3/2""","=""11s""","=""2S""","=""1/2""",4,2,,"=""T4515""","=""L6094""",
Ba,1,"=""440.68319""","=""""","=""440.6832+""","=""29""","=""1.0e+07""",E,"=""13514.745""","=""36200.412""","=""6s.6p""","=""3P*""","=""2""","=""5d.6d""","=""3D""","=""2""",5,5,,"=""T4515""","=""L9224""",
Ba,1,"=""443.18943""","=""""","=""443.1894+""","=""374""","=""1.2e+08""",E,"=""12266.024""","=""34823.406""","=""6s.6p""","=""3P*""","=""0""","=""6p2""","=""3P""","=""1""",1,3,,"=""T4515""","=""L9224""",
Ba,1,"=""446.70914""","=""""","=""446.7091+""","=""30""","=""6.6e+06""",E,"=""13514.745""","=""35894.395""","=""6s.6p""","=""3P*""","=""2""","=""5d.6d""","=""3G""","=""3""",5,7,,"=""T4515""","=""L9224""",
Ba,1,"=""448.8980""","=""""","=""448.8980+""","=""234""","=""2.8e+07""",C+,"=""13514.745""","=""35785.273""","=""6s.6p""","=""3P*""","=""2""","=""6s.7d""","=""3D""","=""3""",5,7,,"=""T5495""","=""L9224""",
Ba,1,"=""449.3638""","=""""","=""449.3638+""","=""137""","=""2.0e+07""",C+,"=""13514.745""","=""35762.187""","=""6s.6p""","=""3P*""","=""2""","=""6s.7d""","=""1D""","=""2""",5,5,,"=""T5495""","=""L9224""",
Ba,1,"=""450.5924""","=""""","=""450.5924+""","=""209""","=""1.1e+08""",E,"=""12636.623""","=""34823.406""","=""6s.6p""","=""3P*""","=""1""","=""6p2""","=""3P""","=""1""",3,3,,"=""T4515""","=""L9224""",
Ba,2,"=""450.963""","=""""","=""450.9625+""","=""""","=""1.2e+06""",E,"=""48483.332""","=""70651.905""","=""4f""","=""2F*""","=""7/2""","=""9d""","=""2D""","=""5/2""",8,6,,"=""T4515""","=""L6094""",
Ba,1,"=""452.3167""","=""""","=""452.3167+""","=""327""","=""9.6e+07""",E,"=""13514.745""","=""35616.949""","=""6s.6p""","=""3P*""","=""2""","=""6s.7d""","=""3D""","=""2""",5,5,,"=""T4515""","=""L9224""",
Ba,2,"=""452.4926""","=""""","=""452.4926+""","=""188""","=""6.63e+07""",B,"=""20261.561""","=""42355.175""","=""6p""","=""2P*""","=""1/2""","=""7s""","=""2S""","=""1/2""",2,2,,"=""T3225,T7387""","=""L9224""",
Ba,2,"=""455.4033""","=""""","=""455.40332+""","=""9300""","=""1.11e+08""",B,"=""0.000""","=""21952.404""","=""6s""","=""2S""","=""1/2""","=""6p""","=""2P*""","=""3/2""",2,4,,"=""T5855""","=""L9224""",
Ba,1,"=""457.3853""","=""""","=""457.3853+""","=""230""","=""1.21e+08""",B,"=""12636.623""","=""34493.904""","=""6s.6p""","=""3P*""","=""1""","=""6p2""","=""3P""","=""0""",3,1,,"=""T5429""","=""L9224""",
Ba,1,"=""457.9638""","=""""","=""457.9638+""","=""580""","=""7.0e+07""",C+,"=""13514.745""","=""35344.413""","=""6s.6p""","=""3P*""","=""2""","=""6p2""","=""3P""","=""2""",5,5,,"=""T5429""","=""L9224""",
Ba,1,"=""459.1824""","=""""","=""459.1824+""","=""28""","=""1.6e+06""",E,"=""9215.501""","=""30987.240""","=""6s.5d""","=""3D""","=""2""","=""6s.7p""","=""3P*""","=""2""",5,5,,"=""T4515""","=""L9224""",
Ba,1,"=""459.9717""","=""""","=""459.9717+""","=""108""","=""4.1e+07""",B+,"=""12636.623""","=""34371.002""","=""6s.6p""","=""3P*""","=""1""","=""6s.8s""","=""1S""","=""0""",3,1,,"=""T5429""","=""L9224""",
Ba,1,"=""460.4983""","=""""","=""460.4983+""","=""28""","=""7.7e+06""",E,"=""9033.966""","=""30743.490""","=""6s.5d""","=""3D""","=""1""","=""6s.7p""","=""3P*""","=""0""",3,1,,"=""T4515""","=""L9224""",
Ba,1,"=""461.9920""","=""""","=""461.9920+""","=""40""","=""2.7e+06""",C+,"=""12266.024""","=""33905.358""","=""6s.6p""","=""3P*""","=""0""","=""6s.8s""","=""3S""","=""1""",1,3,,"=""T5495""","=""L9224""",
Ba,1,"=""462.8331""","=""""","=""462.8331+""","=""63""","=""6.0e+06""",E,"=""9215.501""","=""30815.512""","=""6s.5d""","=""3D""","=""2""","=""6s.7p""","=""3P*""","=""1""",5,3,,"=""T4515""","=""L9224""",
Ba,1,"=""467.3619""","=""""","=""467.3619+""","=""133""","=""6.5e+06""",E,"=""9596.533""","=""30987.240""","=""6s.5d""","=""3D""","=""3""","=""6s.7p""","=""3P*""","=""2""",7,5,,"=""T4515""","=""L9224""",
Ba,1,"=""469.1614""","=""""","=""469.1614+""","=""306""","=""1.6e+08""",E,"=""13514.745""","=""34823.406""","=""6s.6p""","=""3P*""","=""2""","=""6p2""","=""3P""","=""1""",5,3,,"=""T4515""","=""L9224""",
Ba,1,"=""470.0422""","=""""","=""470.0422+""","=""80""","=""6.1e+06""",C+,"=""12636.623""","=""33905.358""","=""6s.6p""","=""3P*""","=""1""","=""6s.8s""","=""3S""","=""1""",3,3,,"=""T5495""","=""L9224""",
Ba,2,"=""470.894""","=""""","=""470.8904+""","=""""","=""8.47e+06""",B,"=""49389.822""","=""70620.247""","=""7p""","=""2P*""","=""1/2""","=""9d""","=""2D""","=""3/2""",2,4,,"=""T3225,T7387""","=""L6094""",
Ba,1,"=""472.6434""","=""""","=""472.6434+""","=""371""","=""3.3e+07""",C,"=""11395.350""","=""32547.033""","=""6s.5d""","=""1D""","=""2""","=""6s.7p""","=""1P*""","=""1""",5,3,,"=""T5037""","=""L9224""",
Ba,2,"=""484.346""","=""""","=""484.3475+""","=""""","=""9.34e+06""",B,"=""50011.340""","=""70651.905""","=""7p""","=""2P*""","=""3/2""","=""9d""","=""2D""","=""5/2""",4,6,,"=""T3225,T7387""","=""L6094""",
Ba,2,"=""484.714""","=""""","=""484.7187+""","=""""","=""3.5e+06""",C+,"=""49389.822""","=""70014.584""","=""7p""","=""2P*""","=""1/2""","=""10s""","=""2S""","=""1/2""",2,2,,"=""T3225,T7387""","=""L6094""",
Ba,2,"=""485.084""","=""""","=""485.0916+""","=""""","=""1.55e+06""",B,"=""50011.340""","=""70620.247""","=""7p""","=""2P*""","=""3/2""","=""9d""","=""2D""","=""3/2""",4,4,,"=""T3225,T7387""","=""L6094""",
Ba,2,"=""489.9927""","=""""","=""489.9927+""","=""273""","=""1.04e+08""",B,"=""21952.404""","=""42355.175""","=""6p""","=""2P*""","=""3/2""","=""7s""","=""2S""","=""1/2""",4,2,,"=""T3225,T7387""","=""L9224""",
Ba,1,"=""490.2848""","=""""","=""490.2848+""","=""63""","=""5.4e+06""",C+,"=""13514.745""","=""33905.358""","=""6s.6p""","=""3P*""","=""2""","=""6s.8s""","=""3S""","=""1""",5,3,,"=""T5495""","=""L9224""",
Ba,2,"=""493.4077""","=""""","=""493.40766+""","=""6900""","=""9.53e+07""",B,"=""0.000""","=""20261.561""","=""6s""","=""2S""","=""1/2""","=""6p""","=""2P*""","=""1/2""",2,2,,"=""T5855""","=""L9224""",
Ba,2,"=""495.7092""","=""""","=""495.7095+""","=""10""","=""5.1e+07""",C,"=""48258.617""","=""68426.095u""","=""4f""","=""2F*""","=""5/2""","=""6g""","=""2G""","=""7/2""",6,8,,"=""T3225,T7387""","=""L9224""",
Ba,2,"=""499.781""","=""""","=""499.7795+""","=""""","=""6.4e+06""",C+,"=""50011.340""","=""70014.584""","=""7p""","=""2P*""","=""3/2""","=""10s""","=""2S""","=""1/2""",4,2,,"=""T3225,T7387""","=""L6094""",
Ba,2,"=""501.2954""","=""""","=""501.2952+""","=""5*""","=""5.2e+07""",C,"=""48483.332""","=""68426.095u""","=""4f""","=""2F*""","=""7/2""","=""6g""","=""2G""","=""9/2""",8,10,,"=""T3225,T7387""","=""L9224""",
Ba,2,"=""501.2954""","=""""","=""501.2952+""","=""5*""","=""1.9e+06""",C,"=""48483.332""","=""68426.095u""","=""4f""","=""2F*""","=""7/2""","=""6g""","=""2G""","=""7/2""",8,8,,"=""T3225,T7387""","=""L9224""",
Ba,2,"=""536.135""","=""""","=""536.134+""","=""""","=""4.0e+06""",C+,"=""45949.472""","=""64596.33""","=""6d""","=""2D""","=""3/2""","=""6f""","=""2F*""","=""5/2""",4,6,,"=""T3225,T7387""","=""L6094""",
Ba,2,"=""539.160""","=""""","=""539.159+""","=""""","=""4.2e+06""",C+,"=""46154.847""","=""64697.08""","=""6d""","=""2D""","=""5/2""","=""6f""","=""2F*""","=""7/2""",6,8,,"=""T3225,T7387""","=""L6094""",
Ba,2,"=""542.105""","=""""","=""542.105+""","=""""","=""2.8e+05""",C+,"=""46154.847""","=""64596.33""","=""6d""","=""2D""","=""5/2""","=""6f""","=""2F*""","=""5/2""",6,6,,"=""T3225,T7387""","=""L6094""",
Ba,2,"=""542.879""","=""""","=""542.8837+""","=""""","=""1.9e+05""",C,"=""48258.617""","=""66673.651""","=""4f""","=""2F*""","=""5/2""","=""8d""","=""2D""","=""3/2""",6,4,,"=""T3225,T7387""","=""L6094""",
Ba,2,"=""548.030""","=""""","=""548.0254+""","=""""","=""1.8e+05""",C,"=""48483.332""","=""66725.591""","=""4f""","=""2F*""","=""7/2""","=""8d""","=""2D""","=""5/2""",8,6,,"=""T3225,T7387""","=""L6094""",
Ba,1,"=""551.9044""","=""""","=""551.9044+""","=""280""","=""5.7e+07""",C+,"=""12636.623""","=""30750.672""","=""6s.6p""","=""3P*""","=""1""","=""6s.6d""","=""3D""","=""2""",3,5,,"=""T5495""","=""L9224""",
Ba,1,"=""553.5481""","=""""","=""553.5481+""","=""1830""","=""1.190e+08""",A+,"=""0.000""","=""18060.261""","=""6s2""","=""1S""","=""0""","=""6s.6p""","=""1P*""","=""1""",1,3,,"=""T3202""","=""L9224""",
Ba,1,"=""577.7618""","=""""","=""577.7619+""","=""740""","=""8.0e+07""",C+,"=""13514.745""","=""30818.115""","=""6s.6p""","=""3P*""","=""2""","=""6s.6d""","=""3D""","=""3""",5,7,,"=""T5495""","=""L9224""",
Ba,1,"=""578.4042""","=""""","=""578.4043+""","=""5""","=""2.1e+07""",C,"=""18060.261""","=""35344.413""","=""6s.6p""","=""1P*""","=""1""","=""6p2""","=""3P""","=""2""",3,5,,"=""T5429""","=""L9224""",
Ba,2,"=""578.418""","=""""","=""578.4151+""","=""""","=""1.59e+07""",B,"=""49389.822""","=""66673.651""","=""7p""","=""2P*""","=""1/2""","=""8d""","=""2D""","=""3/2""",2,4,,"=""T3225,T7387""","=""L6094""",
Ba,1,"=""580.0226""","=""""","=""580.0226+""","=""203""","=""2.4e+07""",C+,"=""13514.745""","=""30750.672""","=""6s.6p""","=""3P*""","=""2""","=""6s.6d""","=""3D""","=""2""",5,5,,"=""T5495""","=""L9224""",
Ba,1,"=""580.5681""","=""""","=""580.5681+""","=""419""","=""1.1e+06""",E,"=""9596.533""","=""26816.266""","=""6s.5d""","=""3D""","=""3""","=""5d.6p""","=""1F*""","=""3""",7,7,,"=""T4515""","=""L9224""",
Ba,1,"=""582.6274""","=""""","=""582.6274+""","=""610""","=""4.5e+07""",B,"=""11395.350""","=""28554.221""","=""6s.5d""","=""1D""","=""2""","=""5d.6p""","=""1P*""","=""1""",5,3,,"=""T5037""","=""L9224""",
Ba,2,"=""585.3675""","=""""","=""585.3675+""","=""331""","=""6.00e+06""",B,"=""4873.852""","=""21952.404""","=""5d""","=""2D""","=""3/2""","=""6p""","=""2P*""","=""3/2""",4,4,,"=""T5855""","=""L9224""",
Ba,1,"=""590.7636""","=""""","=""590.7637+""","=""94""","=""3.6e+06""",E,"=""9033.966""","=""25956.519""","=""6s.5d""","=""3D""","=""1""","=""5d.6p""","=""3P*""","=""2""",3,5,,"=""T4515""","=""L9224""",
Ba,1,"=""597.1698""","=""""","=""597.1698+""","=""700""","=""1.6e+07""",C+,"=""9215.501""","=""25956.519""","=""6s.5d""","=""3D""","=""2""","=""5d.6p""","=""3P*""","=""2""",5,5,,"=""T5495""","=""L9224""",
Ba,2,"=""598.125""","=""""","=""598.1262+""","=""""","=""1.73e+07""",B,"=""50011.340""","=""66725.591""","=""7p""","=""2P*""","=""3/2""","=""8d""","=""2D""","=""5/2""",4,6,,"=""T3225,T7387""","=""L6094""",
Ba,1,"=""599.7087""","=""""","=""599.7087+""","=""620""","=""2.8e+07""",C+,"=""9033.966""","=""25704.110""","=""6s.5d""","=""3D""","=""1""","=""5d.6p""","=""3P*""","=""1""",3,3,,"=""T5495""","=""L9224""",
Ba,2,"=""599.985""","=""""","=""599.9907+""","=""""","=""2.86e+06""",B,"=""50011.340""","=""66673.651""","=""7p""","=""2P*""","=""3/2""","=""8d""","=""2D""","=""3/2""",4,4,,"=""T3225,T7387""","=""L6094""",
Ba,1,"=""601.9470""","=""""","=""601.9470+""","=""610""","=""8.1e+07""",C,"=""9033.966""","=""25642.126""","=""6s.5d""","=""3D""","=""1""","=""5d.6p""","=""3P*""","=""0""",3,1,,"=""T5495""","=""L9224""",
Ba,1,"=""606.3114""","=""""","=""606.3114+""","=""840""","=""5.6e+07""",C+,"=""9215.501""","=""25704.110""","=""6s.5d""","=""3D""","=""2""","=""5d.6p""","=""3P*""","=""1""",5,3,,"=""T5495""","=""L9224""",
Ba,1,"=""608.3394""","=""""","=""608.3394+""","=""5""","=""1.1e+07""",D+,"=""18060.261""","=""34493.904""","=""6s.6p""","=""1P*""","=""1""","=""6p2""","=""3P""","=""0""",3,1,,"=""T5429""","=""L9224""",
Ba,1,"=""611.0783""","=""""","=""611.0783+""","=""880""","=""1.0e+08""",E,"=""9596.533""","=""25956.519""","=""6s.5d""","=""3D""","=""3""","=""5d.6p""","=""3P*""","=""2""",7,5,,"=""T4515""","=""L9224""",
Ba,1,"=""612.9233""","=""""","=""612.9233+""","=""5""","=""6.0e+06""",C,"=""18060.261""","=""34371.002""","=""6s.6p""","=""1P*""","=""1""","=""6s.8s""","=""1S""","=""0""",3,1,,"=""T5429""","=""L9224""",
Ba,2,"=""613.583""","=""""","=""613.5597+""","=""""","=""6.64e+06""",B,"=""49389.822""","=""65683.646""","=""7p""","=""2P*""","=""1/2""","=""9s""","=""2S""","=""1/2""",2,2,,"=""T3225,T7387""","=""L6094""",
Ba,2,"=""614.1713""","=""""","=""614.1713+""","=""1510""","=""4.12e+07""",B,"=""5674.807""","=""21952.404""","=""5d""","=""2D""","=""5/2""","=""6p""","=""2P*""","=""3/2""",6,4,,"=""T5855""","=""L9224""",
Ba,1,"=""634.1680""","=""""","=""634.1680+""","=""900""","=""1.16e+07""",C+,"=""9215.501""","=""24979.834""","=""6s.5d""","=""3D""","=""2""","=""5d.6p""","=""3D*""","=""3""",5,7,,"=""T5495""","=""L9224""",
Ba,2,"=""637.89""","=""""","=""637.8918+""","=""""","=""1.18e+07""",B,"=""50011.340""","=""65683.646""","=""7p""","=""2P*""","=""3/2""","=""9s""","=""2S""","=""1/2""",4,2,,"=""T3225,T7387""","=""L6094""",
Ba,1,"=""645.0851""","=""""","=""645.0851+""","=""580""","=""1.10e+07""",B,"=""9033.966""","=""24531.513""","=""6s.5d""","=""3D""","=""1""","=""5d.6p""","=""3D*""","=""2""",3,5,,"=""T5037,T5495""","=""L9224""",
Ba,1,"=""648.2908""","=""""","=""648.2908+""","=""1770""","=""4.4e+07""",E,"=""11395.350""","=""26816.266""","=""6s.5d""","=""1D""","=""2""","=""5d.6p""","=""1F*""","=""3""",5,7,,"=""T4515""","=""L9224""",
Ba,2,"=""649.6898""","=""""","=""649.6898+""","=""900""","=""3.10e+07""",B,"=""4873.852""","=""20261.561""","=""5d""","=""2D""","=""3/2""","=""6p""","=""2P*""","=""1/2""",4,2,,"=""T5855""","=""L9224""",
Ba,1,"=""649.8760""","=""""","=""649.8760+""","=""1060""","=""5.4e+07""",C+,"=""9596.533""","=""24979.834""","=""6s.5d""","=""3D""","=""3""","=""5d.6p""","=""3D*""","=""3""",7,7,,"=""T5495""","=""L9224""",
Ba,1,"=""652.7311""","=""""","=""652.7311+""","=""890""","=""3.3e+07""",B,"=""9215.501""","=""24531.513""","=""6s.5d""","=""3D""","=""2""","=""5d.6p""","=""3D*""","=""2""",5,5,,"=""T5037,T5495""","=""L9224""",
Ba,1,"=""659.5325""","=""""","=""659.5326+""","=""740""","=""3.8e+07""",B+,"=""9033.966""","=""24192.033""","=""6s.5d""","=""3D""","=""1""","=""5d.6p""","=""3D*""","=""1""",3,3,,"=""T5037,T5495""","=""L9224""",
Ba,1,"=""667.5270""","=""""","=""667.5270+""","=""462""","=""1.89e+07""",B+,"=""9215.501""","=""24192.033""","=""6s.5d""","=""3D""","=""2""","=""5d.6p""","=""3D*""","=""1""",5,3,,"=""T5037,T5495""","=""L9224""",
Ba,1,"=""669.3842""","=""""","=""669.3842+""","=""454""","=""1.46e+07""",B,"=""9596.533""","=""24531.513""","=""6s.5d""","=""3D""","=""3""","=""5d.6p""","=""3D*""","=""2""",7,5,,"=""T5037,T5495""","=""L9224""",
Ba,2,"=""676.9477""","=""""","=""676.9480+""","=""6""","=""9.4e+07""",C,"=""48258.617""","=""63026.725u""","=""4f""","=""2F*""","=""5/2""","=""5g""","=""2G""","=""7/2""",6,8,,"=""T3225,T7387""","=""L9224""",
Ba,1,"=""686.5686""","=""""","=""686.5686+""","=""62""","=""7.8e+06""",E,"=""11395.350""","=""25956.519""","=""6s.5d""","=""1D""","=""2""","=""5d.6p""","=""3P*""","=""2""",5,5,,"=""T4515""","=""L9224""",
Ba,2,"=""687.4079""","=""""","=""687.4078+""","=""7*""","=""9.3e+07""",C,"=""48483.332""","=""63026.725u""","=""4f""","=""2F*""","=""7/2""","=""5g""","=""2G""","=""9/2""",8,10,,"=""T3225,T7387""","=""L9224""",
Ba,2,"=""687.4079""","=""""","=""687.4078+""","=""7*""","=""9.3e+07""",C,"=""48483.332""","=""63026.725u""","=""4f""","=""2F*""","=""7/2""","=""5g""","=""2G""","=""7/2""",8,8,,"=""T3225,T7387""","=""L9224""",
Ba,1,"=""705.9943""","=""""","=""705.9943+""","=""770""","=""5.0e+07""",C,"=""9596.533""","=""23757.049""","=""6s.5d""","=""3D""","=""3""","=""5d.6p""","=""3F*""","=""4""",7,9,,"=""T5495""","=""L9224""",
Ba,1,"=""712.0331""","=""""","=""712.0331+""","=""530""","=""1.1e+07""",C,"=""9033.966""","=""23074.387""","=""6s.5d""","=""3D""","=""1""","=""5d.6p""","=""1D*""","=""2""",3,5,,"=""T5037""","=""L9224""",
Ba,1,"=""719.5230""","=""""","=""719.5229+""","=""53""","=""5.6e+06""",C+,"=""12266.024""","=""26160.293""","=""6s.6p""","=""3P*""","=""0""","=""6s.7s""","=""3S""","=""1""",1,3,,"=""T5495""","=""L9224""",
Ba,1,"=""728.0296""","=""""","=""728.0296+""","=""1280""","=""3.2e+07""",C+,"=""9215.501""","=""22947.423""","=""6s.5d""","=""3D""","=""2""","=""5d.6p""","=""3F*""","=""3""",5,7,,"=""T5037,T5495""","=""L9224""",
Ba,1,"=""739.2405""","=""""","=""739.2406+""","=""143""","=""1.8e+07""",C+,"=""12636.623""","=""26160.293""","=""6s.6p""","=""3P*""","=""1""","=""6s.7s""","=""3S""","=""1""",3,3,,"=""T5495""","=""L9224""",
Ba,1,"=""741.7536""","=""""","=""741.7536+""","=""30""","=""7.7e+05""",C,"=""9596.533""","=""23074.387""","=""6s.5d""","=""3D""","=""3""","=""5d.6p""","=""1D*""","=""2""",7,5,,"=""T5037""","=""L9224""",
Ba,1,"=""748.8075""","=""""","=""748.8075+""","=""253""","=""7.3e+06""",C+,"=""9596.533""","=""22947.423""","=""6s.5d""","=""3D""","=""3""","=""5d.6p""","=""3F*""","=""3""",7,7,,"=""T5037,T5495""","=""L9224""",
Ba,1,"=""761.0477""","=""""","=""761.0478+""","=""22""","=""1.1e+06""",C,"=""11395.350""","=""24531.513""","=""6s.5d""","=""1D""","=""2""","=""5d.6p""","=""3D*""","=""2""",5,5,,"=""T5037""","=""L9224""",
Ba,1,"=""767.2085""","=""""","=""767.2085+""","=""560""","=""1.5e+07""",C,"=""9033.966""","=""22064.645""","=""6s.5d""","=""3D""","=""1""","=""5d.6p""","=""3F*""","=""2""",3,5,,"=""T5037""","=""L9224""",
Ba,1,"=""778.0478""","=""""","=""778.0479+""","=""299""","=""7.6e+06""",C,"=""9215.501""","=""22064.645""","=""6s.5d""","=""3D""","=""2""","=""5d.6p""","=""3F*""","=""2""",5,5,,"=""T5037""","=""L9224""",
Ba,1,"=""787.7801""","=""""","=""787.7798+""","=""2""","=""1.6e+06""",C+,"=""18060.261""","=""30750.672""","=""6s.6p""","=""1P*""","=""1""","=""6s.6d""","=""3D""","=""2""",3,5,,"=""T5495""","=""L9224""",
Ba,1,"=""790.5747""","=""""","=""790.5747+""","=""150""","=""2.6e+07""",C+,"=""13514.745""","=""26160.293""","=""6s.6p""","=""3P*""","=""2""","=""6s.7s""","=""3S""","=""1""",5,3,,"=""T5495""","=""L9224""",
Ba,1,"=""791.1329""","=""""","=""791.1330+""","=""160""","=""2.98e+05""",D,"=""0.000""","=""12636.623""","=""6s2""","=""1S""","=""0""","=""6s.6p""","=""3P*""","=""1""",1,3,,"=""T4515""","=""L9224""",
Ba,1,"=""855.9998""","=""""","=""855.9998+""","=""700""","=""2.0e+07""",C+,"=""11395.350""","=""23074.387""","=""6s.5d""","=""1D""","=""2""","=""5d.6p""","=""1D*""","=""2""",5,5,,"=""T5037""","=""L9224""",
Ba,1,"=""865.4078""","=""""","=""865.4078+""","=""13""","=""3.1e+05""",D+,"=""11395.350""","=""22947.423""","=""6s.5d""","=""1D""","=""2""","=""5d.6p""","=""3F*""","=""3""",5,7,,"=""T5037""","=""L9224""",
Ba,2,"=""871.0768""","=""""","=""871.0768+""","=""24""","=""7.88e+07""",B,"=""46154.847""","=""57631.739""","=""6d""","=""2D""","=""5/2""","=""5f""","=""2F*""","=""7/2""",6,8,,"=""T3225,T7387""","=""L9224""",
Ba,2,"=""873.7751""","=""""","=""873.7751+""","=""18""","=""7.29e+07""",B,"=""45949.472""","=""57390.922""","=""6d""","=""2D""","=""3/2""","=""5f""","=""2F*""","=""5/2""",4,6,,"=""T3225,T7387""","=""L9224""",
Ba,2,"=""889.7463""","=""""","=""889.7462+""","=""2""","=""4.93e+06""",B,"=""46154.847""","=""57390.922""","=""6d""","=""2D""","=""5/2""","=""5f""","=""2F*""","=""5/2""",6,6,,"=""T3225,T7387""","=""L9224""",
Ba,1,"=""937.0119""","=""""","=""937.0120+""","=""510""","=""7.6e+06""",C,"=""11395.350""","=""22064.645""","=""6s.5d""","=""1D""","=""2""","=""5d.6p""","=""3F*""","=""2""",5,5,,"=""T5037""","=""L9224""",
Ba,2,"=""960.3111""","=""""","=""960.3115+""","=""9""","=""4.16e+07""",B,"=""49389.822""","=""59800.254""","=""7p""","=""2P*""","=""1/2""","=""7d""","=""2D""","=""3/2""",2,4,,"=""T3225,T7387""","=""L9224""",
Ba,1,"=""964.5600""","=""""","=""964.5600+""","=""9""","=""1.1e+07""",C,"=""24979.834""","=""35344.413""","=""5d.6p""","=""3D*""","=""3""","=""6p2""","=""3P""","=""2""",7,5,,"=""T5429""","=""L9224""",
Ba,1,"=""970.4309""","=""""","=""970.4313+""","=""4""","=""1.6e+07""",C,"=""24192.033""","=""34493.904""","=""5d.6p""","=""3D*""","=""1""","=""6p2""","=""3P""","=""0""",3,1,,"=""T5429""","=""L9224""",
Ba,1,"=""982.160""","=""0.005""","=""982.1485+""","=""3h""","=""5.5e+06""",D+,"=""24192.033""","=""34371.002""","=""5d.6p""","=""3D*""","=""1""","=""6s.8s""","=""1S""","=""0""",3,1,,"=""T5429""","=""L7361""",
Ba,2,"=""1011.5009""","=""""","=""1011.5010+""","=""14""","=""4.27e+07""",B,"=""50011.340""","=""59894.928""","=""7p""","=""2P*""","=""3/2""","=""7d""","=""2D""","=""5/2""",4,6,,"=""T3225,T7387""","=""L9224""",
Ba,2,"=""1021.2839""","=""""","=""1021.2839+""","=""2""","=""6.92e+06""",B,"=""50011.340""","=""59800.254""","=""7p""","=""2P*""","=""3/2""","=""7d""","=""2D""","=""3/2""",4,4,,"=""T3225,T7387""","=""L9224""",
