element,sp_num,obs_wl_vac(nm),ritz_wl_vac(nm),intens,Aki(s^-1),Acc,Ei(cm-1),Ek(cm-1),conf_i,term_i,J_i,conf_k,term_k,J_k,g_i,g_k,Type,tp_ref,line_ref,
Cd,2,"=""192.223""","=""192.2237+""","=""300""","=""1.97e+09""",B,"=""69258.91""","=""121281.64""","=""4d9.5s2""","=""2D""","=""5/2""","=""4d9.5s.(3D).5p""","=""2D*""","=""5/2""",6,6,,"=""T3096""","=""L3540""",
Cd,2,"=""194.354""","=""194.3549+""","=""100""","=""7.0e+06""",C+,"=""69258.91""","=""120711.18""","=""4d9.5s2""","=""2D""","=""5/2""","=""4d10.8p""","=""2P*""","=""3/2""",6,4,,"=""T3096""","=""L3540""",
Cd,2,"=""196.554""","=""196.5551+""","=""40""","=""7.8e+07""",C+,"=""69258.91""","=""120135.22""","=""4d9.5s2""","=""2D""","=""5/2""","=""4d9.5s.(3D).5p""","=""2D*""","=""3/2""",6,4,,"=""T3096""","=""L3540""",
Cd,2,"=""199.543""","=""199.5439+""","=""200""","=""1.13e+09""",B,"=""69258.91""","=""119373.19""","=""4d9.5s2""","=""2D""","=""5/2""","=""4d9.5s.(3D).5p""","=""2F*""","=""7/2""",6,8,,"=""T3096""","=""L3540""",
element,sp_num,obs_wl_air(nm),ritz_wl_air(nm),intens,Aki(s^-1),Acc,Ei(cm-1),Ek(cm-1),conf_i,term_i,J_i,conf_k,term_k,J_k,g_i,g_k,Type,tp_ref,line_ref,
Cd,2,"=""200.749""","=""200.7496+""","=""100""","=""1.91e+09""",B,"=""69258.91""","=""119056.11""","=""4d9.5s2""","=""2D""","=""5/2""","=""4d9.5s.(3D).5p""","=""2P*""","=""3/2""",6,4,,"=""T3096""","=""L3540""",
Cd,2,"=""203.245""","=""203.2468+""","=""50""","=""8.e+06""",D+,"=""69258.91""","=""118444.36""","=""4d9.5s2""","=""2D""","=""5/2""","=""4d10.5f""","=""2F*""","=""7/2""",6,8,,"=""T3096""","=""L3540""",
Cd,2,"=""209.600""","=""209.5999+""","=""150""","=""3.85e+08""",C+,"=""69258.91""","=""116953.70""","=""4d9.5s2""","=""2D""","=""5/2""","=""4d9.5s.(3D).5p""","=""2F*""","=""5/2""",6,6,,"=""T3096""","=""L3540""",
Cd,2,"=""214.43943""","=""214.4393+""","=""1000r""","=""3.778e+08""",AA,"=""0.00""","=""46618.55""","=""4d10.5s""","=""2S""","=""1/2""","=""4d10.5p""","=""2P*""","=""3/2""",2,4,,"=""T7900""","=""L3486,L3540""",
Cd,2,"=""215.5062""","=""215.5053+""","=""50""","=""2.25e+08""",C+,"=""74893.66""","=""121281.64""","=""4d9.5s2""","=""2D""","=""3/2""","=""4d9.5s.(3D).5p""","=""2D*""","=""5/2""",4,6,,"=""T3096""","=""L3540""",
Cd,2,"=""218.6300""","=""218.6313+""","=""15""","=""1.35e+06""",D+,"=""74893.66""","=""120618.46""","=""4d9.5s2""","=""2D""","=""3/2""","=""4d10.8p""","=""2P*""","=""1/2""",4,2,,"=""T3096""","=""L3540""",
Cd,2,"=""218.7794""","=""218.7816+""","=""100""","=""1.43e+06""",C,"=""69258.91""","=""114952.30""","=""4d9.5s2""","=""2D""","=""5/2""","=""4d9.5s.(3D).5p""","=""4D*""","=""5/2""",6,6,,"=""T3096""","=""L3540""",
Cd,2,"=""219.4557""","=""219.4551+""","=""1000""","=""5.67e+08""",A,"=""44136.08""","=""89689.25""","=""4d10.5p""","=""2P*""","=""1/2""","=""4d10.5d""","=""2D""","=""3/2""",2,4,,"=""T8893""","=""L3540""",
Cd,2,"=""220.9653""","=""220.9668+""","=""20""","=""1.95e+09""",B,"=""74893.66""","=""120135.22""","=""4d9.5s2""","=""2D""","=""3/2""","=""4d9.5s.(3D).5p""","=""2D*""","=""3/2""",4,4,,"=""T3096""","=""L3540""",
Cd,2,"=""225.154""","=""225.1538+""","=""5""","=""1.91e+09""",B,"=""74893.66""","=""119293.99""","=""4d9.5s2""","=""2D""","=""3/2""","=""4d9.5s.(3D).5p""","=""2P*""","=""1/2""",4,2,,"=""T3096""","=""L3540""",
Cd,2,"=""226.3649""","=""226.3667+""","=""5""","=""2.1e+07""",D+,"=""74893.66""","=""119056.11""","=""4d9.5s2""","=""2D""","=""3/2""","=""4d9.5s.(3D).5p""","=""2P*""","=""3/2""",4,4,,"=""T3096""","=""L3540""",
Cd,2,"=""226.50145""","=""226.5019+""","=""1000""","=""3.177e+08""",AAA,"=""0.00""","=""44136.08""","=""4d10.5s""","=""2S""","=""1/2""","=""4d10.5p""","=""2P*""","=""1/2""",2,2,,"=""T7900""","=""L3486,L3540""",
Cd,1,"=""228.80225""","=""228.80227""","=""1500r""","=""5.3e+08""",C,"=""0.000""","=""43692.384""","=""4d10.5s2""","=""1S""","=""0""","=""4d10.5s.5p""","=""1P*""","=""1""",1,3,,"=""T4515""","=""L3486""",
Cd,2,"=""231.2766""","=""231.2753+""","=""1000""","=""5.83e+08""",A+,"=""46618.55""","=""89843.78""","=""4d10.5p""","=""2P*""","=""3/2""","=""4d10.5d""","=""2D""","=""5/2""",4,6,,"=""T3315""","=""L3540""",
Cd,2,"=""232.1074""","=""232.1051+""","=""200""","=""1.052e+08""",A,"=""46618.55""","=""89689.25""","=""4d10.5p""","=""2P*""","=""3/2""","=""4d10.5d""","=""2D""","=""3/2""",4,4,,"=""T8893""","=""L3540""",
Cd,2,"=""237.6820""","=""237.6828+""","=""40""","=""1.26e+09""",C+,"=""74893.66""","=""116953.70""","=""4d9.5s2""","=""2D""","=""3/2""","=""4d9.5s.(3D).5p""","=""2F*""","=""5/2""",4,6,,"=""T3096""","=""L3540""",
Cd,2,"=""246.9733""","=""246.9737+""","=""50""","=""4.2e+06""",C+,"=""69258.91""","=""109736.82""","=""4d9.5s2""","=""2D""","=""5/2""","=""4d9.5s.(3D).5p""","=""4F*""","=""7/2""",6,8,,"=""T3096""","=""L3540""",
Cd,2,"=""249.5584""","=""249.5588+""","=""40""","=""2.3e+05""",C,"=""74893.66""","=""114952.30""","=""4d9.5s2""","=""2D""","=""3/2""","=""4d9.5s.(3D).5p""","=""4D*""","=""5/2""",4,6,,"=""T3096""","=""L3540""",
Cd,2,"=""""","=""254.081+""","=""""","=""3.2e+06""",C,"=""89843.78""","=""129189.5""","=""4d10.5d""","=""2D""","=""5/2""","=""4d9.5s.(1D).5p""","=""2F*""","=""7/2""",6,8,,"=""T3096""","=""""",
Cd,2,"=""255.1976""","=""255.1979+""","=""50""","=""5.5e+05""",C,"=""69258.91""","=""108432.43""","=""4d9.5s2""","=""2D""","=""5/2""","=""4d10.4f""","=""2F*""","=""7/2""",6,8,,"=""T3096""","=""L3540""",
Cd,2,"=""257.29434""","=""257.2928+""","=""500""","=""1.61e+08""",B+,"=""44136.08""","=""82990.66""","=""4d10.5p""","=""2P*""","=""1/2""","=""4d10.6s""","=""2S""","=""1/2""",2,2,,"=""T9861""","=""L3486,L3540""",
Cd,2,"=""265.0293""","=""265.0288+""","=""8""","=""2.3e+05""",D+,"=""82990.66""","=""120711.18""","=""4d10.6s""","=""2S""","=""1/2""","=""4d10.8p""","=""2P*""","=""3/2""",2,4,,"=""T3096""","=""L3540""",
Cd,2,"=""270.7003""","=""270.7002+""","=""50""","=""2.3e+05""",D+,"=""69258.91""","=""106189.20""","=""4d9.5s2""","=""2D""","=""5/2""","=""4d9.5s.(3D).5p""","=""4P*""","=""5/2""",6,6,,"=""T3096""","=""L3540""",
Cd,2,"=""274.85558""","=""274.8547+""","=""1000""","=""3.09e+08""",B+,"=""46618.55""","=""82990.66""","=""4d10.5p""","=""2P*""","=""3/2""","=""4d10.6s""","=""2S""","=""1/2""",4,2,,"=""T9861""","=""L3486,L3540""",
Cd,2,"=""275.3759""","=""275.3754+""","=""20""","=""3.4e+06""",D+,"=""82990.66""","=""119293.99""","=""4d10.6s""","=""2S""","=""1/2""","=""4d9.5s.(3D).5p""","=""2P*""","=""1/2""",2,2,,"=""T3096""","=""L3540""",
Cd,2,"=""277.1923""","=""277.1918+""","=""20""","=""5.9e+06""",C+,"=""82990.66""","=""119056.11""","=""4d10.6s""","=""2S""","=""1/2""","=""4d9.5s.(3D).5p""","=""2P*""","=""3/2""",2,4,,"=""T3096""","=""L3540""",
Cd,2,"=""283.4081""","=""283.4079+""","=""20""","=""7.8e+05""",C,"=""74893.66""","=""110168.11""","=""4d9.5s2""","=""2D""","=""3/2""","=""4d9.5s.(3D).5p""","=""4F*""","=""5/2""",4,6,,"=""T3096""","=""L3540""",
Cd,1,"=""283.68999""","=""283.689991""","=""200""","=""2.8e+07""",D,"=""30113.990""","=""65353.372""","=""4d10.5s.5p""","=""3P*""","=""0""","=""4d10.5s.6d""","=""3D""","=""1""",1,3,,"=""T4515""","=""L3486""",
Cd,1,"=""288.07670""","=""288.076727""","=""200r""","=""4.2e+07""",D,"=""30656.087""","=""65358.881""","=""4d10.5s.5p""","=""3P*""","=""1""","=""4d10.5s.6d""","=""3D""","=""2""",3,5,,"=""T4515""","=""L3486""",
Cd,1,"=""288.12245""","=""288.122468""","=""50r""","=""2.4e+07""",D,"=""30656.087""","=""65353.372""","=""4d10.5s.5p""","=""3P*""","=""1""","=""4d10.5s.6d""","=""3D""","=""1""",3,3,,"=""T4515""","=""L3486""",
Cd,1,"=""298.06204""","=""298.06204""","=""1000r""","=""5.9e+07""",D,"=""31826.952""","=""65367.227""","=""4d10.5s.5p""","=""3P*""","=""2""","=""4d10.5s.6d""","=""3D""","=""3""",5,7,,"=""T4515""","=""L3486""",
Cd,1,"=""298.13625""","=""298.13623""","=""200r""","=""1.5e+07""",D,"=""31826.952""","=""65358.881""","=""4d10.5s.5p""","=""3P*""","=""2""","=""4d10.5s.6d""","=""3D""","=""2""",5,5,,"=""T4515""","=""L3486""",
Cd,2,"=""""","=""298.1906+""","=""""","=""1.27e+06""",C,"=""74893.66""","=""108419.47""","=""4d9.5s2""","=""2D""","=""3/2""","=""4d10.4f""","=""2F*""","=""5/2""",4,6,,"=""T3096""","=""""",
Cd,2,"=""316.4343""","=""316.4403+""","=""1""","=""7.3e+05""",C,"=""89689.25""","=""121281.64""","=""4d10.5d""","=""2D""","=""3/2""","=""4d9.5s.(3D).5p""","=""2D*""","=""5/2""",4,6,,"=""T3096""","=""L3540""",
Cd,2,"=""317.9961""","=""317.9958+""","=""10""","=""8.5e+05""",C,"=""89843.78""","=""121281.64""","=""4d10.5d""","=""2D""","=""5/2""","=""4d9.5s.(3D).5p""","=""2D*""","=""5/2""",6,6,,"=""T3096""","=""L3540""",
Cd,2,"=""323.2260""","=""323.2257+""","=""5""","=""6.0e+05""",C,"=""89689.25""","=""120618.46""","=""4d10.5d""","=""2D""","=""3/2""","=""4d10.8p""","=""2P*""","=""1/2""",4,2,,"=""T3096""","=""L3540""",
Cd,2,"=""323.8742""","=""323.8729+""","=""10""","=""7.3e+05""",C,"=""89843.78""","=""120711.18""","=""4d10.5d""","=""2D""","=""5/2""","=""4d10.8p""","=""2P*""","=""3/2""",6,4,,"=""T3096""","=""L3540""",
Cd,2,"=""325.03240""","=""325.0293+""","=""150""","=""2.78e+06""",B,"=""44136.08""","=""74893.66""","=""4d10.5p""","=""2P*""","=""1/2""","=""4d9.5s2""","=""2D""","=""3/2""",2,4,,"=""T3315n,T2536""","=""L3486,L3540""",
Cd,1,"=""326.10548""","=""326.10546""","=""300""","=""4.06e+05""",C,"=""0.000""","=""30656.087""","=""4d10.5s2""","=""1S""","=""0""","=""4d10.5s.5p""","=""3P*""","=""1""",1,3,,"=""T4515""","=""L3486""",
Cd,2,"=""328.3565""","=""328.3561+""","=""3""","=""1.40e+06""",C,"=""89689.25""","=""120135.22""","=""4d10.5d""","=""2D""","=""3/2""","=""4d9.5s.(3D).5p""","=""2D*""","=""3/2""",4,4,,"=""T3096""","=""L3540""",
Cd,2,"=""""","=""330.0312+""","=""""","=""1.8e+05""",D+,"=""89843.78""","=""120135.22""","=""4d10.5d""","=""2D""","=""5/2""","=""4d9.5s.(3D).5p""","=""2D*""","=""3/2""",6,4,,"=""T3096""","=""""",
Cd,2,"=""338.5486""","=""338.5482+""","=""50""","=""3.33e+06""",C+,"=""89843.78""","=""119373.19""","=""4d10.5d""","=""2D""","=""5/2""","=""4d9.5s.(3D).5p""","=""2F*""","=""7/2""",6,8,,"=""T3096""","=""L3540""",
Cd,2,"=""338.8884""","=""338.8889+""","=""30""","=""1.70e+06""",C,"=""82990.66""","=""112490.39""","=""4d10.6s""","=""2S""","=""1/2""","=""4d10.7p""","=""2P*""","=""3/2""",2,4,,"=""T3096""","=""L3540""",
Cd,1,"=""340.36521""","=""340.36521""","=""800""","=""7.7e+07""",C,"=""30113.990""","=""59485.768""","=""4d10.5s.5p""","=""3P*""","=""0""","=""4d10.5s.5d""","=""3D""","=""1""",1,3,,"=""T4515""","=""L3486""",
Cd,2,"=""""","=""340.4222+""","=""""","=""1.8e+05""",D+,"=""89689.25""","=""119056.11""","=""4d10.5d""","=""2D""","=""3/2""","=""4d9.5s.(3D).5p""","=""2P*""","=""3/2""",4,4,,"=""T3096""","=""""",
Cd,2,"=""342.2228""","=""342.2231+""","=""5""","=""6.0e+05""",D+,"=""89843.78""","=""119056.11""","=""4d10.5d""","=""2D""","=""5/2""","=""4d9.5s.(3D).5p""","=""2P*""","=""3/2""",6,4,,"=""T3096""","=""L3540""",
Cd,1,"=""346.61996""","=""346.61996""","=""1000""","=""1.2e+08""",D,"=""30656.087""","=""59497.868""","=""4d10.5s.5p""","=""3P*""","=""1""","=""4d10.5s.5d""","=""3D""","=""2""",3,5,,"=""T4515""","=""L3486""",
Cd,1,"=""346.76547""","=""346.76544""","=""800""","=""6.7e+07""",D,"=""30656.087""","=""59485.768""","=""4d10.5s.5p""","=""3P*""","=""1""","=""4d10.5s.5d""","=""3D""","=""1""",3,3,,"=""T4515""","=""L3486""",
Cd,2,"=""349.5436""","=""349.5432+""","=""150""","=""4.85e+07""",C+,"=""89843.78""","=""118444.36""","=""4d10.5d""","=""2D""","=""5/2""","=""4d10.5f""","=""2F*""","=""7/2""",6,8,,"=""T3096""","=""L3540""",
Cd,2,"=""353.56907""","=""353.5669+""","=""100""","=""7.9e+05""",C,"=""46618.55""","=""74893.66""","=""4d10.5p""","=""2P*""","=""3/2""","=""4d9.5s2""","=""2D""","=""3/2""",4,4,,"=""T3315n,T4536""","=""L3486,L3540""",
Cd,1,"=""361.05077""","=""361.0508""","=""1000""","=""1.3e+08""",D,"=""31826.952""","=""59515.990""","=""4d10.5s.5p""","=""3P*""","=""2""","=""4d10.5s.5d""","=""3D""","=""3""",5,7,,"=""T4515""","=""L3486""",
Cd,1,"=""361.28729""","=""361.28724""","=""800""","=""3.5e+07""",D,"=""31826.952""","=""59497.868""","=""4d10.5s.5p""","=""3P*""","=""2""","=""4d10.5s.5d""","=""3D""","=""2""",5,5,,"=""T4515""","=""L3486""",
Cd,2,"=""366.6756""","=""366.6736+""","=""20""","=""2.7e+05""",C,"=""89689.25""","=""116953.70""","=""4d10.5d""","=""2D""","=""3/2""","=""4d9.5s.(3D).5p""","=""2F*""","=""5/2""",4,6,,"=""T3096""","=""L3540""",
Cd,2,"=""382.6710""","=""382.6706+""","=""15""","=""5.e+04""",D,"=""69258.91""","=""95383.63""","=""4d9.5s2""","=""2D""","=""5/2""","=""4d10.6p""","=""2P*""","=""3/2""",6,4,,"=""T3096""","=""L3540""",
Cd,2,"=""395.7244""","=""395.7230+""","=""15""","=""3.0e+05""",C,"=""89689.25""","=""114952.30""","=""4d10.5d""","=""2D""","=""3/2""","=""4d9.5s.(3D).5p""","=""4D*""","=""5/2""",4,6,,"=""T3096""","=""L3540""",
Cd,1,"=""414.02988""","=""414.03021""","=""""","=""4.7e+06""",D,"=""43692.384""","=""67838.401""","=""4d10.5s.5p""","=""1P*""","=""1""","=""4d10.5s.7d""","=""1D""","=""2""",3,5,,"=""T4515""","=""L3486c92""",
Cd,2,"=""438.452""","=""438.451+""","=""5""","=""1.3e+05""",D+,"=""89689.25""","=""112490.39""","=""4d10.5d""","=""2D""","=""3/2""","=""4d10.7p""","=""2P*""","=""3/2""",4,4,,"=""T3096""","=""L3540""",
Cd,2,"=""""","=""441.443+""","=""""","=""1.1e+06""",D+,"=""89843.78""","=""112490.39""","=""4d10.5d""","=""2D""","=""5/2""","=""4d10.7p""","=""2P*""","=""3/2""",6,4,,"=""T3096""","=""""",
Cd,2,"=""441.56859""","=""441.565+""","=""1000""","=""1.277e+06""",A+,"=""46618.55""","=""69258.91""","=""4d10.5p""","=""2P*""","=""3/2""","=""4d9.5s2""","=""2D""","=""5/2""",4,6,,"=""T755""","=""L3486,L3540""",
Cd,1,"=""466.23520""","=""466.23520""","=""8""","=""5.5e+06""",C,"=""43692.384""","=""65134.783""","=""4d10.5s.5p""","=""1P*""","=""1""","=""4d10.5s.6d""","=""1D""","=""2""",3,5,,"=""T4515""","=""L3486""",
Cd,1,"=""467.81493""","=""467.81500""","=""200""","=""1.3e+07""",C,"=""30113.990""","=""51483.980""","=""4d10.5s.5p""","=""3P*""","=""0""","=""4d10.5s.6s""","=""3S""","=""1""",1,3,,"=""T4515""","=""L3486""",
Cd,1,"=""479.99123""","=""479.99121""","=""300""","=""4.1e+07""",C,"=""30656.087""","=""51483.980""","=""4d10.5s.5p""","=""3P*""","=""1""","=""4d10.5s.6s""","=""3S""","=""1""",3,3,,"=""T4515""","=""L3486""",
Cd,2,"=""488.1725""","=""488.172+""","=""50""","=""1.13e+07""",C,"=""89689.25""","=""110168.11""","=""4d10.5d""","=""2D""","=""3/2""","=""4d9.5s.(3D).5p""","=""4F*""","=""5/2""",4,6,,"=""T3096""","=""L3540""",
Cd,2,"=""491.885""","=""491.884+""","=""20""","=""9.e+05""",D+,"=""89843.78""","=""110168.11""","=""4d10.5d""","=""2D""","=""5/2""","=""4d9.5s.(3D).5p""","=""4F*""","=""5/2""",6,6,,"=""T3096""","=""L3540""",
Cd,2,"=""502.550""","=""502.548+""","=""50""","=""2.39e+07""",C+,"=""89843.78""","=""109736.82""","=""4d10.5d""","=""2D""","=""5/2""","=""4d9.5s.(3D).5p""","=""4F*""","=""7/2""",6,8,,"=""T3096""","=""L3540""",
Cd,1,"=""508.58217""","=""508.58214""","=""1000w""","=""5.6e+07""",C,"=""31826.952""","=""51483.980""","=""4d10.5s.5p""","=""3P*""","=""2""","=""4d10.5s.6s""","=""3S""","=""1""",5,3,,"=""T4515""","=""L3486""",
Cd,2,"=""""","=""527.78+""","=""""","=""5.1e+06""",C+,"=""110247.60""","=""129189.5""","=""4d10.6d""","=""2D""","=""5/2""","=""4d9.5s.(1D).5p""","=""2F*""","=""7/2""",6,8,,"=""T3096""","=""""",
Cd,2,"=""533.74855""","=""533.748+""","=""1000""","=""1.72e+08""",B+,"=""89689.25""","=""108419.47""","=""4d10.5d""","=""2D""","=""3/2""","=""4d10.4f""","=""2F*""","=""5/2""",4,6,,"=""T7716""","=""L3486,L3540""",
Cd,2,"=""537.81351""","=""537.813+""","=""1000""","=""1.82e+08""",B+,"=""89843.78""","=""108432.43""","=""4d10.5d""","=""2D""","=""5/2""","=""4d10.4f""","=""2F*""","=""7/2""",6,8,,"=""T7716""","=""L3486,L3540""",
Cd,2,"=""538.1887""","=""538.188+""","=""200""","=""1.21e+07""",B+,"=""89843.78""","=""108419.47""","=""4d10.5d""","=""2D""","=""5/2""","=""4d10.4f""","=""2F*""","=""5/2""",6,6,,"=""T7716""","=""L3540""",
Cd,1,"=""643.84695""","=""643.84695""","=""2000""","=""5.9e+07""",C,"=""43692.384""","=""59219.734""","=""4d10.5s.5p""","=""1P*""","=""1""","=""4d10.5s.5d""","=""1D""","=""2""",3,5,,"=""T4515""","=""L3486""",
Cd,2,"=""""","=""745.490+""","=""""","=""6.0e+05""",D+,"=""107300.88""","=""120711.18""","=""4d10.7s""","=""2S""","=""1/2""","=""4d10.8p""","=""2P*""","=""3/2""",2,4,,"=""T3096""","=""L3540""",
Cd,2,"=""""","=""750.680+""","=""""","=""6.5e+05""",D+,"=""107300.88""","=""120618.46""","=""4d10.7s""","=""2S""","=""1/2""","=""4d10.8p""","=""2P*""","=""1/2""",2,2,,"=""T3096""","=""""",
Cd,2,"=""806.69037""","=""806.687+""","=""50""","=""5.0e+07""",C,"=""82990.66""","=""95383.63""","=""4d10.6s""","=""2S""","=""1/2""","=""4d10.6p""","=""2P*""","=""3/2""",2,4,,"=""T3096""","=""L3486,L3540""",
Cd,2,"=""""","=""833.583+""","=""""","=""1.45e+06""",C,"=""107300.88""","=""119293.99""","=""4d10.7s""","=""2S""","=""1/2""","=""4d9.5s.(3D).5p""","=""2P*""","=""1/2""",2,2,,"=""T3096""","=""""",
Cd,2,"=""""","=""850.452+""","=""""","=""1.70e+06""",C,"=""107300.88""","=""119056.11""","=""4d10.7s""","=""2S""","=""1/2""","=""4d9.5s.(3D).5p""","=""2P*""","=""3/2""",2,4,,"=""T3096""","=""""",
Cd,2,"=""""","=""853.026+""","=""""","=""3.64e+07""",B,"=""82990.66""","=""94710.41""","=""4d10.6s""","=""2S""","=""1/2""","=""4d10.6p""","=""2P*""","=""1/2""",2,2,,"=""T6585""","=""""",
Cd,2,"=""""","=""965.874+""","=""""","=""6.87e+07""",B+,"=""108419.47""","=""118769.95""","=""4d10.4f""","=""2F*""","=""5/2""","=""4d10.5g""","=""2G""","=""7/2""",6,8,,"=""T7716""","=""""",
Cd,2,"=""""","=""967.085+""","=""""","=""2.54e+06""",B+,"=""108432.43""","=""118769.95""","=""4d10.4f""","=""2F*""","=""7/2""","=""4d10.5g""","=""2G""","=""7/2""",8,8,,"=""T7716""","=""""",
Cd,2,"=""""","=""967.085+""","=""""","=""7.10e+07""",B+,"=""108432.43""","=""118769.95""","=""4d10.4f""","=""2F*""","=""7/2""","=""4d10.5g""","=""2G""","=""9/2""",8,10,,"=""T7716""","=""""",
