element,sp_num,obs_wl_air(nm),ritz_wl_air(nm),intens,Aki(s^-1),Acc,Ei(cm-1),Ek(cm-1),conf_i,term_i,J_i,conf_k,term_k,J_k,g_i,g_k,Type,tp_ref,line_ref,
Dy,1,"=""286.270""","=""286.2694+""","=""140""","=""7.9e+06""",B+,"=""0.000""","=""34921.87""","=""4f10.6s2""","=""5I""","=""8""","=""""","=""*""","=""7""",17,15,,"=""T7148""","=""L3475""",
Dy,1,"=""296.460""","=""296.4600+""","=""220""","=""6.5e+06""",D,"=""0.000""","=""33721.52""","=""4f10.6s2""","=""5I""","=""8""","=""""","=""*""","=""8""",17,17,,"=""T4515""","=""L3475""",
Dy,1,"=""314.7694""","=""314.7689+""","=""300""","=""1.1e+07""",D,"=""4134.222""","=""35894.36""","=""4f10.6s2""","=""5I""","=""7""","=""""","=""*""","=""8""",15,17,,"=""T4515""","=""L1177""",
Dy,1,"=""326.3186""","=""326.3185+""","=""3000""","=""1.4e+07""",D,"=""4134.222""","=""34770.30""","=""4f10.6s2""","=""5I""","=""7""","=""""","=""*""","=""6""",15,13,,"=""T4515""","=""L1177""",
Dy,2,"=""338.502""","=""338.50140+""","=""5300""","=""5.39e+07""",,"=""828.314""","=""30361.810""","=""4f10.(5I<8>).6s<1/2>""","=""(8,1/2)""","=""15/2""","=""4f10.(5I).6p""","=""4H*""","=""13/2""",16,14,,"=""""","=""L3475""",
Dy,2,"=""340.780""","=""340.77925+""","=""5300""","=""4.88e+07""",,"=""0.000""","=""29336.093""","=""4f10.(5I<8>).6s<1/2>""","=""(8,1/2)""","=""17/2""","=""4f10.(5I).6p""","=""6I*""","=""17/2""",18,18,,"=""T7148""","=""L3475""",
Dy,2,"=""346.097""","=""346.09661+""","=""4400""","=""2.97e+07""",,"=""0.000""","=""28885.393""","=""4f10.(5I<8>).6s<1/2>""","=""(8,1/2)""","=""17/2""","=""4f10.(5I).6p""","=""*""","=""15/2""",18,16,,"=""T7148""","=""L3475""",
Dy,2,"=""349.449""","=""349.44896+""","=""4400""","=""3.15e+07""",,"=""828.314""","=""29436.610""","=""4f10.(5I<8>).6s<1/2>""","=""(8,1/2)""","=""15/2""","=""4f10.(5I).6p""","=""*""","=""15/2""",16,16,,"=""T7148""","=""L3475""",
Dy,1,"=""351.1015""","=""351.1014+""","=""1000""","=""9.4e+06""",B+,"=""4134.222""","=""32607.88""","=""4f10.6s2""","=""5I""","=""7""","=""""","=""*""","=""6""",15,13,,"=""T7148""","=""L1177""",
Dy,2,"=""353.170""","=""353.17052+""","=""22000""","=""1.56e+08""",,"=""0.000""","=""28306.843""","=""4f10.(5I<8>).6s<1/2>""","=""(8,1/2)""","=""17/2""","=""4f10.(5I).6p""","=""6K*""","=""19/2""",18,20,,"=""T7148""","=""L3475""",
Dy,2,"=""353.602""","=""353.60180+""","=""5500""","=""1.01e+08""",,"=""4341.104""","=""32613.423""","=""4f10.(5I<7>).6s<1/2>""","=""(7,1/2)""","=""15/2""","=""4f9.(6H*).5d2.(3F)""","=""*""","=""17/2""",16,18,,"=""T7148""","=""L3475""",
Dy,1,"=""357.1438""","=""357.1437+""","=""1000""","=""4.80e+06""",B+,"=""4134.222""","=""32126.16""","=""4f10.6s2""","=""5I""","=""7""","=""""","=""*""","=""6""",15,13,,"=""T7148""","=""L1177""",
Dy,2,"=""363.024""","=""363.02382+""","=""4000""","=""3.05e+07""",,"=""4341.104""","=""31879.655""","=""4f10.(5I<7>).6s<1/2>""","=""(7,1/2)""","=""15/2""","=""4f10.(5I).6p""","=""6K*""","=""17/2""",16,18,,"=""T7148""","=""L3475""",
Dy,2,"=""364.540""","=""364.53965+""","=""11000""","=""6.20e+07""",,"=""828.314""","=""28252.357""","=""4f10.(5I<8>).6s<1/2>""","=""(8,1/2)""","=""15/2""","=""4f9.(6H*).5d2.(1G)""","=""*""","=""17/2""",16,18,,"=""T7148""","=""L3475""",
Dy,2,"=""369.481""","=""369.48115+""","=""4700""","=""2.37e+07""",,"=""828.314""","=""27885.593""","=""4f10.(5I<8>).6s<1/2>""","=""(8,1/2)""","=""15/2""","=""4f9.(6H*).5d2.(3F)""","=""*""","=""15/2""",16,16,,"=""T7148""","=""L3475""",
Dy,1,"=""375.705""","=""375.7052+""","=""1200""","=""3.0e+08""",D,"=""7565.610""","=""34174.66""","=""4f9.(6H*).5d.6s2""","=""7H*""","=""8""","=""""","=""""","=""9""",17,19,,"=""T4515""","=""L3475""",
Dy,2,"=""375.737""","=""375.73674+""","=""4700""","=""2.01e+07""",,"=""828.314""","=""27435.132""","=""4f10.(5I<8>).6s<1/2>""","=""(8,1/2)""","=""15/2""","=""4f9.(6H*).5d2.(3P)""","=""*""","=""15/2""",16,16,,"=""T7148""","=""L3475""",
Dy,1,"=""386.881""","=""386.8805+""","=""1600""","=""3.1e+08""",D,"=""7565.610""","=""33406.06""","=""4f9.(6H*).5d.6s2""","=""7H*""","=""8""","=""""","=""""","=""8""",17,17,,"=""T4515""","=""L3475""",
Dy,2,"=""387.211""","=""387.21038+""","=""7000""","=""2.54e+07""",,"=""0.000""","=""25818.435""","=""4f10.(5I<8>).6s<1/2>""","=""(8,1/2)""","=""17/2""","=""4f10.(5I).6p""","=""*""","=""17/2""",18,18,,"=""T7148""","=""L3475""",
Dy,2,"=""389.853""","=""389.85292+""","=""5800""","=""4.69e+07""",,"=""4755.673""","=""30399.107""","=""4f10.(5I<7>).6s<1/2>""","=""(7,1/2)""","=""13/2""","=""4f9.(6H*).5d2.(3F)""","=""*""","=""15/2""",14,16,,"=""T7148""","=""L3475""",
Dy,2,"=""394.468""","=""394.46798+""","=""10000""","=""3.07e+07""",,"=""0.000""","=""25343.427""","=""4f10.(5I<8>).6s<1/2>""","=""(8,1/2)""","=""17/2""","=""4f9.(6H*).5d2.(3P)""","=""*""","=""17/2""",18,18,,"=""T7148""","=""L3475""",
Dy,1,"=""396.751""","=""396.7509+""","=""320""","=""1.45e+07""",B+,"=""7565.610""","=""32763.21""","=""4f9.(6H*).5d.6s2""","=""7H*""","=""8""","=""""","=""""","=""9""",17,19,,"=""T7148""","=""L3475""",
Dy,2,"=""396.839""","=""396.83853+""","=""14000""","=""4.55e+07""",,"=""0.000""","=""25192.039""","=""4f10.(5I<8>).6s<1/2>""","=""(8,1/2)""","=""17/2""","=""4f10.(5I).6p""","=""*""","=""15/2""",18,16,,"=""T7148""","=""L3475""",
Dy,2,"=""400.045""","=""400.04502+""","=""8000""","=""2.54e+07""",,"=""828.314""","=""25818.435""","=""4f10.(5I<8>).6s<1/2>""","=""(8,1/2)""","=""15/2""","=""4f10.(5I).6p""","=""*""","=""17/2""",16,18,,"=""T7148""","=""L3475""",
Dy,1,"=""401.382""","=""401.3824+""","=""540""","=""2.93e+06""",B+,"=""0.000""","=""24906.86""","=""4f10.6s2""","=""5I""","=""8""","=""4f10.(5I<6>).6s.6p.(3P*<2>)""","=""(6,2)*""","=""7""",17,15,,"=""T7148""","=""L3475""",
Dy,1,"=""402.371""","=""402.3714+""","=""370""","=""2.90e+07""",B+,"=""7565.610""","=""32411.25""","=""4f9.(6H*).5d.6s2""","=""7H*""","=""8""","=""""","=""""","=""7""",17,15,,"=""T7148""","=""L3475""",
Dy,1,"=""404.597""","=""404.59701+""","=""12000""","=""1.92e+08""",B+,"=""0.000""","=""24708.971""","=""4f10.6s2""","=""5I""","=""8""","=""4f10.(5I<8>).6s.6p.(1P*<1>)""","=""(8,1)*""","=""7""",17,15,,"=""T7148""","=""L3475""",
Dy,2,"=""407.796""","=""407.79651+""","=""7400""","=""2.02e+07""",,"=""828.314""","=""25343.427""","=""4f10.(5I<8>).6s<1/2>""","=""(8,1/2)""","=""15/2""","=""4f9.(6H*).5d2.(3P)""","=""*""","=""17/2""",16,18,,"=""T7148""","=""L3475""",
Dy,1,"=""408.534""","=""408.5333+""","=""370""","=""1.71e+07""",B+,"=""7565.610""","=""32036.51""","=""4f9.(6H*).5d.6s2""","=""7H*""","=""8""","=""""","=""""","=""7""",17,15,,"=""T7148""","=""L3475""",
Dy,2,"=""410.330""","=""410.33047+""","=""3900""","=""1.04e+07""",,"=""828.314""","=""25192.039""","=""4f10.(5I<8>).6s<1/2>""","=""(8,1/2)""","=""15/2""","=""4f10.(5I).6p""","=""*""","=""15/2""",16,16,,"=""T7148""","=""L3475""",
Dy,1,"=""410.387""","=""410.3874+""","=""860""","=""6.2e+07""",B+,"=""7050.603""","=""31410.95""","=""4f10.6s2""","=""5I""","=""6""","=""""","=""*""","=""5""",13,11,,"=""T7148""","=""L3475""",
Dy,1,"=""412.912""","=""412.9122+""","=""350""","=""9.8e+07""",B+,"=""10925.277""","=""35136.67""","=""4f10.6s2""","=""5I""","=""4""","=""""","=""*""","=""3""",9,7,,"=""T7148""","=""L3475""",
Dy,1,"=""413.035""","=""413.0351+""","=""350""","=""1.76e+06""",B+,"=""0.000""","=""24204.19""","=""4f10.6s2""","=""5I""","=""8""","=""4f9.(6H*).5d2.(3F) (8I*).6s""","=""*""","=""8""",17,17,,"=""T7148""","=""L3475""",
Dy,1,"=""414.606""","=""414.6063+""","=""990""","=""1.95e+08""",B+,"=""9211.591""","=""33324.06""","=""4f10.6s2""","=""5I""","=""5""","=""4f10.(5I<5>).6s.6p.(1P*<1>)""","=""(5,1)*""","=""4""",11,9,,"=""T7148""","=""L3475""",
Dy,1,"=""416.797""","=""416.79743+""","=""5700""","=""1.92e+08""",B+,"=""4134.222""","=""28119.931""","=""4f10.6s2""","=""5I""","=""7""","=""4f10.(5I<7>).6s.6p.(1P*<1>)""","=""(7,1)*""","=""6""",15,13,,"=""T7148""","=""L3475""",
Dy,1,"=""418.372""","=""418.3717+""","=""930""","=""8.8e+07""",B+,"=""4134.222""","=""28029.68""","=""4f10.6s2""","=""5I""","=""7""","=""""","=""*""","=""8""",15,17,,"=""T7148""","=""L3475""",
Dy,1,"=""418.682""","=""418.68213+""","=""12000""","=""1.26e+08""",B+,"=""0.000""","=""23877.739""","=""4f10.6s2""","=""5I""","=""8""","=""4f10.(5I<8>).6s.6p.(1P*<1>)""","=""(8,1)*""","=""8""",17,17,,"=""T7148""","=""L3475""",
Dy,1,"=""419.094""","=""419.0938+""","=""320""","=""2.03e+07""",B+,"=""7050.603""","=""30904.89""","=""4f10.6s2""","=""5I""","=""6""","=""""","=""*""","=""5""",13,11,,"=""T7148""","=""L3475""",
Dy,1,"=""419.164""","=""419.16398+""","=""2200""","=""7.1e+07""",B+,"=""4134.222""","=""27984.513""","=""4f10.6s2""","=""5I""","=""7""","=""4f9.(6H*).5d2.(3F) (8L*).6s""","=""*""","=""7""",15,15,,"=""T7148""","=""L3475""",
Dy,1,"=""419.484""","=""419.48464+""","=""6800""","=""8.8e+07""",B+,"=""0.000""","=""23832.060""","=""4f10.6s2""","=""5I""","=""8""","=""4f9.(6H*).5d2.(3F) (8K*).6s""","=""*""","=""8""",17,17,,"=""T7148""","=""L3475""",
Dy,1,"=""419.802""","=""419.8019+""","=""800""","=""1.08e+08""",B+,"=""9211.591""","=""33025.64""","=""4f10.6s2""","=""5I""","=""5""","=""4f10.(5I<5>).6s.6p.(1P*<1>)""","=""(5,1)*""","=""5""",11,11,,"=""T7148""","=""L3475""",
Dy,1,"=""420.130""","=""420.1309+""","=""680""","=""1.70e+08""",B+,"=""10925.277""","=""34720.68""","=""4f10.6s2""","=""5I""","=""4""","=""""","=""*""","=""4""",9,9,,"=""T7148""","=""L3475""",
Dy,1,"=""420.224""","=""420.2240+""","=""680""","=""4.82e+07""",B+,"=""7050.603""","=""30840.73""","=""4f10.6s2""","=""5I""","=""6""","=""4f9.(6F*).5d2.(3F) (8H*).6s""","=""*""","=""6""",13,13,,"=""T7148""","=""L3475""",
Dy,1,"=""421.172""","=""421.17151+""","=""16000""","=""2.08e+08""",B+,"=""0.000""","=""23736.610""","=""4f10.6s2""","=""5I""","=""8""","=""4f10.(5I<8>).6s.6p.(1P*<1>)""","=""(8,1)*""","=""9""",17,19,,"=""T7148""","=""L3475""",
Dy,1,"=""421.318""","=""421.3180+""","=""1800""","=""1.27e+08""",B+,"=""7050.603""","=""30778.958""","=""4f10.6s2""","=""5I""","=""6""","=""4f10.(5I<6>).6s.6p.(1P*<1>)""","=""(6,1)*""","=""6""",13,13,,"=""T7148""","=""L3475""",
Dy,1,"=""421.516""","=""421.5160+""","=""3700""","=""8.1e+07""",B+,"=""4134.222""","=""27851.435""","=""4f10.6s2""","=""5I""","=""7""","=""4f9.(6H*).5d2.(3P) (8I*).6s""","=""*""","=""8""",15,17,,"=""T7148""","=""L3475""",
Dy,1,"=""421.809""","=""421.8094+""","=""4400""","=""1.20e+08""",B+,"=""4134.222""","=""27834.934""","=""4f10.6s2""","=""5I""","=""7""","=""4f10.(5I<7>).6s.6p.(1P*<1>)""","=""(7,1)*""","=""7""",15,15,,"=""T7148""","=""L3475""",
Dy,1,"=""422.111""","=""422.1110+""","=""4400""","=""1.28e+08""",B+,"=""4134.222""","=""27818.000""","=""4f10.6s2""","=""5I""","=""7""","=""4f10.(5I<7>).6s.6p.(1P*<1>)""","=""(7,1)*""","=""8""",15,17,,"=""T7148""","=""L3475""",
Dy,1,"=""422.221""","=""422.2212+""","=""540""","=""7.1e+07""",B+,"=""9211.591""","=""32889.19""","=""4f10.6s2""","=""5I""","=""5""","=""""","=""*""","=""5""",11,11,,"=""T7148""","=""L3475""",
Dy,1,"=""422.516""","=""422.5154+""","=""2700""","=""1.95e+08""",B+,"=""7050.603""","=""30711.717""","=""4f10.6s2""","=""5I""","=""6""","=""4f10.(5I<6>).6s.6p.(1P*<1>)""","=""(6,1)*""","=""7""",13,15,,"=""T7148""","=""L3475""",
Dy,1,"=""423.202""","=""423.2025+""","=""680""","=""7.9e+07""",B+,"=""9211.591""","=""32834.29""","=""4f10.6s2""","=""5I""","=""5""","=""""","=""*""","=""6""",11,13,,"=""T7148""","=""L3475""",
Dy,1,"=""423.985""","=""423.9856+""","=""680""","=""9.4e+07""",B+,"=""9211.591""","=""32790.66""","=""4f10.6s2""","=""5I""","=""5""","=""""","=""*""","=""6""",11,13,,"=""T7148""","=""L3475""",
Dy,1,"=""424.591""","=""424.5915+""","=""440""","=""1.18e+08""",B+,"=""10925.277""","=""34470.70""","=""4f10.6s2""","=""5I""","=""4""","=""4f10.(5I<4>).6s.6p.(1P*<1>)""","=""(4,1)*""","=""5""",9,11,,"=""T7148""","=""L3475""",
Dy,1,"=""426.8264""","=""426.8267+""","=""1000""","=""1.14e+06""",B+,"=""4134.222""","=""27556.34""","=""4f10.6s2""","=""5I""","=""7""","=""4f9.(6H*).5d2.(3F) (8L*).6s""","=""9L*""","=""7""",15,15,,"=""T7148""","=""L1177""",
Dy,1,"=""427.669""","=""427.6691+""","=""250""","=""1.22e+07""",B+,"=""7050.603""","=""30426.59""","=""4f10.6s2""","=""5I""","=""6""","=""""","=""*""","=""6""",13,13,,"=""T7148""","=""L3475""",
Dy,1,"=""429.1966""","=""429.1954+""","=""3000""","=""2.28e+06""",B+,"=""4134.222""","=""27427.08""","=""4f10.6s2""","=""5I""","=""7""","=""4f10.(5I<5>).6s.6p.(3P*<2>)""","=""(5,2)*""","=""7""",15,15,,"=""T7148""","=""L1177""",
Dy,1,"=""456.509""","=""456.5093+""","=""140""","=""6.6e+05""",B+,"=""0.000""","=""21899.22""","=""4f10.6s2""","=""5I""","=""8""","=""4f10.(5I<7>).6s.6p.(3P*<2>)""","=""(7,2)*""","=""8""",17,17,,"=""T7148""","=""L3475""",
Dy,1,"=""457.778""","=""457.7776+""","=""420""","=""1.96e+06""",B+,"=""0.000""","=""21838.55""","=""4f10.6s2""","=""5I""","=""8""","=""4f10.(5I<7>).6s.6p.(3P*<2>)""","=""(7,2)*""","=""9""",17,19,,"=""T7148""","=""L3475""",
Dy,1,"=""458.936""","=""458.93642+""","=""2100""","=""1.37e+07""",B+,"=""0.000""","=""21783.407""","=""4f10.6s2""","=""5I""","=""8""","=""4f9.(6H*).5d.6s2""","=""5K*""","=""7""",17,15,,"=""T7148""","=""L3475""",
Dy,1,"=""461.226""","=""461.2259+""","=""990""","=""8.2e+06""",B+,"=""0.000""","=""21675.28""","=""4f10.6s2""","=""5I""","=""8""","=""4f9.(6F*).5d.6s2""","=""5H*""","=""7""",17,15,,"=""T7148""","=""L3475""",
Dy,1,"=""479.129""","=""479.1293+""","=""95""","=""1.16e+06""",B+,"=""4134.222""","=""24999.58""","=""4f10.6s2""","=""5I""","=""7""","=""4f10.(5I<6>).6s.6p.(3P*<2>)""","=""(6,2)*""","=""8""",15,17,,"=""T7148""","=""L3475""",
Dy,1,"=""480.794""","=""480.7946+""","=""50""","=""9.6e+05""",B+,"=""7565.610""","=""28358.70""","=""4f9.(6H*).5d.6s2""","=""7H*""","=""8""","=""""","=""""","=""7""",17,15,,"=""T7148""","=""L3475""",
Dy,1,"=""481.280""","=""481.2802+""","=""50""","=""8.5e+05""",B,"=""8519.210""","=""29291.32""","=""4f9.(6H*).5d.6s2""","=""7H*""","=""7""","=""""","=""""","=""8""",15,17,,"=""T7148""","=""L3475""",
Dy,1,"=""488.016""","=""488.0162+""","=""85""","=""5.2e+05""",B+,"=""0.000""","=""20485.40""","=""4f10.6s2""","=""5I""","=""8""","=""4f9.(6F*).5d.6s2""","=""7G*""","=""7""",17,15,,"=""T7148""","=""L3475""",
Dy,1,"=""488.808""","=""488.8082+""","=""95""","=""4.97e+06""",B+,"=""8519.210""","=""28971.42""","=""4f9.(6H*).5d.6s2""","=""7H*""","=""7""","=""""","=""""","=""8""",15,17,,"=""T7148""","=""L3475""",
Dy,1,"=""502.212""","=""502.212+""","=""70""","=""1.27e+06""",B+,"=""4134.222""","=""24040.59""","=""4f10.6s2""","=""5I""","=""7""","=""4f9.(6F*).5d.6s2""","=""5H*""","=""6""",15,13,,"=""T7148""","=""L3475""",
Dy,1,"=""502.454""","=""502.453+""","=""24""","=""1.19e+06""",B+,"=""7565.610""","=""27462.41""","=""4f9.(6H*).5d.6s2""","=""7H*""","=""8""","=""""","=""""","=""7""",17,15,,"=""T7148""","=""L3475""",
Dy,1,"=""504.263""","=""504.264+""","=""160""","=""6.9e+06""",B+,"=""7565.610""","=""27390.97""","=""4f9.(6H*).5d.6s2""","=""7H*""","=""8""","=""""","=""""","=""9""",17,19,,"=""T7148""","=""L3475""",
Dy,1,"=""504.725""","=""504.724+""","=""24""","=""1.05e+06""",B+,"=""8519.210""","=""28326.48""","=""4f9.(6H*).5d.6s2""","=""7H*""","=""7""","=""""","=""""","=""6""",15,13,,"=""T7148""","=""L3475""",
Dy,1,"=""507.068""","=""507.067+""","=""95""","=""4.59e+06""",B+,"=""9990.974""","=""29706.72""","=""4f9.(6H*).5d.6s2""","=""7I*""","=""9""","=""""","=""""","=""10""",19,21,,"=""T7148""","=""L3475""",
Dy,1,"=""507.767""","=""507.7667+""","=""120""","=""4.1e+05""",B,"=""0.000""","=""19688.595""","=""4f10.6s2""","=""5I""","=""8""","=""4f9.(6H*).5d.6s2""","=""5K*""","=""8""",17,17,,"=""T7148""","=""L3475""",
Dy,1,"=""518.530""","=""518.530+""","=""80""","=""2.46e+05""",B,"=""12007.121""","=""31287.04""","=""4f9.(6H*).5d.6s2""","=""7I*""","=""8""","=""""","=""""","=""9""",17,19,,"=""T7148""","=""L3475""",
Dy,1,"=""526.711""","=""526.711+""","=""65""","=""2.85e+06""",B+,"=""9990.974""","=""28971.42""","=""4f9.(6H*).5d.6s2""","=""7I*""","=""9""","=""""","=""""","=""8""",19,17,,"=""T7148""","=""L3475""",
Dy,1,"=""530.158""","=""530.158+""","=""160""","=""8.5e+05""",B+,"=""0.000""","=""18857.04""","=""4f10.6s2""","=""5I""","=""8""","=""4f9.(6F*).5d.6s2""","=""*""","=""7""",17,15,,"=""T7148""","=""L3475""",
Dy,1,"=""552.801""","=""552.801+""","=""30""","=""2.21e+06""",C+,"=""12655.13""","=""30739.79""","=""4f9.(6H*).5d.6s2""","=""7G*""","=""7""","=""""","=""""","=""8""",15,17,,"=""T7148""","=""L3475""",
Dy,1,"=""554.727""","=""554.727+""","=""65""","=""3.0e+05""",B,"=""0.000""","=""18021.89""","=""4f10.6s2""","=""5I""","=""8""","=""4f10.(5I<8>).6s.6p.(3P*<2>)""","=""(8,2)*""","=""8""",17,17,,"=""T7148""","=""L3475""",
Dy,1,"=""562.749""","=""562.748+""","=""20""","=""1.66e+05""",B+,"=""4134.222""","=""21899.22""","=""4f10.6s2""","=""5I""","=""7""","=""4f10.(5I<7>).6s.6p.(3P*<2>)""","=""(7,2)*""","=""8""",15,17,,"=""T7148""","=""L3475""",
Dy,1,"=""563.950""","=""563.950+""","=""100""","=""4.9e+05""",B,"=""0.000""","=""17727.15""","=""4f10.6s2""","=""5I""","=""8""","=""4f10.(5I<8>).6s.6p.(3P*<2>)""","=""(8,2)*""","=""9""",17,19,,"=""T7148""","=""L3475""",
Dy,1,"=""565.201""","=""565.201+""","=""80""","=""4.46e+05""",B+,"=""0.000""","=""17687.90""","=""4f10.6s2""","=""5I""","=""8""","=""4f9.(6H*).5d.6s2""","=""7K*""","=""7""",17,15,,"=""T7148""","=""L3475""",
Dy,1,"=""574.553""","=""574.553+""","=""55""","=""1.49e+06""",B+,"=""9990.974""","=""27390.97""","=""4f9.(6H*).5d.6s2""","=""7I*""","=""9""","=""""","=""""","=""9""",19,19,,"=""T7148""","=""L3475""",
Dy,1,"=""594.580""","=""594.579+""","=""70""","=""4.21e+06""",B+,"=""12892.76""","=""29706.72""","=""4f9.(6H*).5d.6s2""","=""7K*""","=""10""","=""""","=""""","=""10""",21,21,,"=""T7148""","=""L3475""",
Dy,1,"=""597.449""","=""597.449+""","=""120""","=""4.2e+05""",B,"=""0.000""","=""16733.20""","=""4f10.6s2""","=""5I""","=""8""","=""4f10.(5I<8>).6s.6p.(3P*<1>)""","=""(8,1)*""","=""8""",17,17,,"=""T7148""","=""L3475""",
Dy,1,"=""598.856""","=""598.856+""","=""140""","=""5.6e+05""",B+,"=""0.000""","=""16693.87""","=""4f10.6s2""","=""5I""","=""8""","=""4f10.(5I<8>).6s.6p.(3P*<1>)""","=""(8,1)*""","=""7""",17,15,,"=""T7148""","=""L3475""",
Dy,1,"=""601.082""","=""601.082+""","=""65""","=""5.9e+05""",B,"=""4134.222""","=""20766.29""","=""4f10.6s2""","=""5I""","=""7""","=""4f10.(5I<7>).6s.6p.(3P*<1>)""","=""(7,1)*""","=""7""",15,15,,"=""T7148""","=""L3475""",
Dy,1,"=""608.826""","=""608.826+""","=""140""","=""1.46e+06""",B+,"=""4134.222""","=""20554.73""","=""4f10.6s2""","=""5I""","=""7""","=""4f9.(6H*).5d.6s2""","=""5I*""","=""6""",15,13,,"=""T7148""","=""L3475""",
Dy,1,"=""612.715""","=""612.715+""","=""24""","=""1.10e+06""",B+,"=""12655.13""","=""28971.42""","=""4f9.(6H*).5d.6s2""","=""7G*""","=""7""","=""""","=""""","=""8""",15,17,,"=""T7148""","=""L3475""",
Dy,1,"=""616.843""","=""616.843+""","=""100""","=""8.1e+05""",B+,"=""4134.222""","=""20341.32""","=""4f10.6s2""","=""5I""","=""7""","=""4f10.(5I<7>).6s.6p.(3P*<1>)""","=""(7,1)*""","=""8""",15,17,,"=""T7148""","=""L3475""",
Dy,1,"=""625.909""","=""625.909+""","=""270""","=""8.9e+05""",B+,"=""0.000""","=""15972.35""","=""4f10.6s2""","=""5I""","=""8""","=""4f10.(5I<8>).6s.6p.(3P*<1>)""","=""(8,1)*""","=""9""",17,19,,"=""T7148""","=""L3475""",
Dy,1,"=""657.937""","=""657.937+""","=""160""","=""7.7e+05""",B,"=""0.000""","=""15194.83""","=""4f10.6s2""","=""5I""","=""8""","=""4f9.(6H*).5d.6s2""","=""5H*""","=""7""",17,15,,"=""T7148""","=""L3475""",
Dy,1,"=""737.604""","=""737.604+""","=""20""","=""1.10e+05""",B+,"=""4134.222""","=""17687.90""","=""4f10.6s2""","=""5I""","=""7""","=""4f9.(6H*).5d.6s2""","=""7K*""","=""7""",15,15,,"=""T7148""","=""L3475""",
