element,sp_num,obs_wl_air(nm),unc_obs_wl,ritz_wl_air(nm),unc_ritz_wl,intens,Aki(s^-1),Acc,Ei(cm-1),Ek(cm-1),conf_i,term_i,J_i,conf_k,term_k,J_k,g_i,g_k,Type,tp_ref,line_ref,
He,1,"=""267.7135""","=""""","=""267.7128036""","=""0.0000021""","=""1*""","=""4.4174e+05""",AAA,"=""[159855.971776]""","=""[197198.33737542]""","=""1s.2s""","=""3S""","=""1""","=""1s.10p""","=""3P*""","=""0""",3,1,,"=""T8636c73""","=""L14924""",
He,1,"=""267.7135""","=""""","=""267.7128518""","=""0.0000021""","=""1*""","=""4.4174e+05""",AAA,"=""[159855.971776]""","=""[197198.33066214]""","=""1s.2s""","=""3S""","=""1""","=""1s.10p""","=""3P*""","=""1""",3,3,,"=""T8636c73""","=""L14924""",
He,1,"=""267.7135""","=""""","=""267.7128557""","=""0.0000021""","=""1*""","=""4.4174e+05""",AAA,"=""[159855.971776]""","=""[197198.33011596]""","=""1s.2s""","=""3S""","=""1""","=""1s.10p""","=""3P*""","=""2""",3,5,,"=""T8636c73""","=""L14924""",
He,1,"=""269.6119""","=""""","=""269.6117592""","=""0.0000021""","=""1*""","=""6.0234e+05""",AAA,"=""[159855.971776]""","=""[196935.33880189]""","=""1s.2s""","=""3S""","=""1""","=""1s.9p""","=""3P*""","=""0""",3,1,,"=""T8636c73""","=""L14924""",
He,1,"=""269.6119""","=""""","=""269.6118264""","=""0.0000021""","=""1*""","=""6.0234e+05""",AAA,"=""[159855.971776]""","=""[196935.32956383]""","=""1s.2s""","=""3S""","=""1""","=""1s.9p""","=""3P*""","=""1""",3,3,,"=""T8636c73""","=""L14924""",
He,1,"=""269.6119""","=""""","=""269.6118319""","=""0.0000021""","=""1*""","=""6.0234e+05""",AAA,"=""[159855.971776]""","=""[196935.32881198]""","=""1s.2s""","=""3S""","=""1""","=""1s.9p""","=""3P*""","=""2""",3,5,,"=""T8636c73""","=""L14924""",
He,1,"=""272.3191""","=""""","=""272.3191003""","=""0.0000021""","=""1*""","=""8.4996e+05""",AAA,"=""[159855.971776]""","=""[196566.7234987]""","=""1s.2s""","=""3S""","=""1""","=""1s.8p""","=""3P*""","=""0""",3,1,,"=""T8636c73""","=""L14924""",
He,1,"=""272.3191""","=""""","=""272.3191983""","=""0.0000021""","=""1*""","=""8.4996e+05""",AAA,"=""[159855.971776]""","=""[196566.7102909]""","=""1s.2s""","=""3S""","=""1""","=""1s.8p""","=""3P*""","=""1""",3,3,,"=""T8636c73""","=""L14924""",
He,1,"=""272.3191""","=""""","=""272.3192063""","=""0.0000021""","=""1*""","=""8.4996e+05""",AAA,"=""[159855.971776]""","=""[196566.7092158]""","=""1s.2s""","=""3S""","=""1""","=""1s.8p""","=""3P*""","=""2""",3,5,,"=""T8636c73""","=""L14924""",
He,2,"=""""","=""""","=""273.3184772""","=""0.0000021""","=""""","=""2.5056e+07""",AA,"=""(390140.8249696)""","=""(426717.352717)""","=""3p""","=""2P*""","=""1/2""","=""6d""","=""2D""","=""3/2""",2,4,,"=""T7771""","=""""",
He,2,"=""""","=""""","=""273.3195173""","=""0.0000021""","=""""","=""1.5291e+07""",AA,"=""(390140.964517)""","=""(426717.3530854)""","=""3s""","=""2S""","=""1/2""","=""6p""","=""2P*""","=""3/2""",2,4,,"=""T7771""","=""""",
He,2,"=""""","=""""","=""273.3199647""","=""0.0000021""","=""""","=""2.7070e+06""",AA,"=""(390140.8249696)""","=""(426717.1536654)""","=""3p""","=""2P*""","=""1/2""","=""6s""","=""2S""","=""1/2""",2,2,,"=""T7771""","=""""",
He,2,"=""""","=""""","=""273.3211384""","=""0.0000021""","=""""","=""1.5293e+07""",AA,"=""(390140.964517)""","=""(426717.1361554)""","=""3s""","=""2S""","=""1/2""","=""6p""","=""2P*""","=""1/2""",2,2,,"=""T7771""","=""""",
He,2,"=""""","=""""","=""273.3308860""","=""0.0000021""","=""""","=""3.2071e+07""",AA,"=""(390142.55757536)""","=""(426717.424890)""","=""3d""","=""2D""","=""3/2""","=""6f""","=""2F*""","=""5/2""",4,6,,"=""T7771""","=""""",
He,2,"=""""","=""""","=""273.3309064""","=""0.0000021""","=""""","=""3.0065e+07""",AA,"=""(390142.5604306)""","=""(426717.425022)""","=""3p""","=""2P*""","=""3/2""","=""6d""","=""2D""","=""5/2""",4,6,,"=""T7771""","=""""",
He,2,"=""""","=""""","=""273.3314227""","=""0.0000021""","=""""","=""1.2527e+05""",AA,"=""(390142.55757536)""","=""(426717.3530854)""","=""3d""","=""2D""","=""3/2""","=""6p""","=""2P*""","=""3/2""",4,4,,"=""T7771""","=""""",
He,2,"=""""","=""""","=""273.3314467""","=""0.0000021""","=""""","=""5.0109e+06""",AA,"=""(390142.5604306)""","=""(426717.352717)""","=""3p""","=""2P*""","=""3/2""","=""6d""","=""2D""","=""3/2""",4,4,,"=""T7771""","=""""",
He,2,"=""""","=""""","=""273.3329344""","=""0.0000021""","=""""","=""5.4160e+06""",AA,"=""(390142.5604306)""","=""(426717.1536654)""","=""3p""","=""2P*""","=""3/2""","=""6s""","=""2S""","=""1/2""",4,2,,"=""T7771""","=""""",
He,2,"=""""","=""""","=""273.3330439""","=""0.0000021""","=""""","=""1.2535e+06""",AA,"=""(390142.55757536)""","=""(426717.1361554)""","=""3d""","=""2D""","=""3/2""","=""6p""","=""2P*""","=""1/2""",4,2,,"=""T7771""","=""""",
He,2,"=""""","=""""","=""273.3349389""","=""0.0000021""","=""""","=""3.4360e+07""",AA,"=""(390143.13600712)""","=""(426717.461041)""","=""3d""","=""2D""","=""5/2""","=""6f""","=""2F*""","=""7/2""",6,8,,"=""T7771""","=""""",
He,2,"=""""","=""""","=""273.3352090""","=""0.0000021""","=""""","=""2.2905e+06""",AA,"=""(390143.13600712)""","=""(426717.424890)""","=""3d""","=""2D""","=""5/2""","=""6f""","=""2F*""","=""5/2""",6,6,,"=""T7771""","=""""",
He,2,"=""""","=""""","=""273.3357457""","=""0.0000021""","=""""","=""1.1277e+06""",AA,"=""(390143.13600712)""","=""(426717.3530854)""","=""3d""","=""2D""","=""5/2""","=""6p""","=""2P*""","=""3/2""",6,4,,"=""T7771""","=""""",
He,1,"=""""","=""""","=""276.3801583""","=""0.0000021""","=""2*""","=""1.2508e+06""",AAA,"=""[159855.971776]""","=""[196027.3338587]""","=""1s.2s""","=""3S""","=""1""","=""1s.7p""","=""3P*""","=""0""",3,1,,"=""T8636c73""","=""L366""",
He,1,"=""""","=""""","=""276.3803097""","=""0.0000021""","=""2*""","=""1.2508e+06""",AAA,"=""[159855.971776]""","=""[196027.3140350]""","=""1s.2s""","=""3S""","=""1""","=""1s.7p""","=""3P*""","=""1""",3,3,,"=""T8636c73""","=""L366""",
He,1,"=""""","=""""","=""276.3803221""","=""0.0000021""","=""2*""","=""1.2508e+06""",AAA,"=""[159855.971776]""","=""[196027.3124205]""","=""1s.2s""","=""3S""","=""1""","=""1s.7p""","=""3P*""","=""2""",3,5,,"=""T8636c73""","=""L366""",
He,1,"=""""","=""""","=""282.9078411""","=""0.0000021""","=""4*""","=""1.9389e+06""",AAA,"=""[159855.971776]""","=""[195192.7746751]""","=""1s.2s""","=""3S""","=""1""","=""1s.6p""","=""3P*""","=""0""",3,1,,"=""T8636c73""","=""L366""",
He,1,"=""""","=""""","=""282.9080951""","=""0.0000021""","=""4*""","=""1.9389e+06""",AAA,"=""[159855.971776]""","=""[195192.7429528]""","=""1s.2s""","=""3S""","=""1""","=""1s.6p""","=""3P*""","=""1""",3,3,,"=""T8636c73""","=""L366""",
He,1,"=""""","=""""","=""282.9081157""","=""0.0000021""","=""4*""","=""1.9389e+06""",AAA,"=""[159855.971776]""","=""[195192.7403680]""","=""1s.2s""","=""3S""","=""1""","=""1s.6p""","=""3P*""","=""2""",3,5,,"=""T8636c73""","=""L366""",
He,1,"=""294.5106""","=""""","=""294.5098929""","=""0.0000021""","=""10*""","=""3.2006e+06""",AAA,"=""[159855.971776]""","=""[193800.7649571]""","=""1s.2s""","=""3S""","=""1""","=""1s.5p""","=""3P*""","=""0""",3,1,,"=""T8636c73""","=""L14925c72""",
He,1,"=""294.5106""","=""""","=""294.5103740""","=""0.0000021""","=""10*""","=""3.2006e+06""",AAA,"=""[159855.971776]""","=""[193800.7095104]""","=""1s.2s""","=""3S""","=""1""","=""1s.5p""","=""3P*""","=""1""",3,3,,"=""T8636c73""","=""L14925c72""",
He,1,"=""294.5106""","=""""","=""294.5104132""","=""0.0000021""","=""10*""","=""3.2006e+06""",AAA,"=""[159855.971776]""","=""[193800.7049900]""","=""1s.2s""","=""3S""","=""1""","=""1s.5p""","=""3P*""","=""2""",3,5,,"=""T8636c73""","=""L14925c72""",
He,1,"=""""","=""""","=""318.7733181""","=""0.0000020""","=""""","=""5.6361e+06""",AAA,"=""[159855.971776]""","=""[191217.1576834]""","=""1s.2s""","=""3S""","=""1""","=""1s.4p""","=""3P*""","=""0""",3,1,,"=""T8636c73""","=""""",
He,1,"=""318.7745""","=""""","=""318.7744395""","=""0.0000020""","=""20*""","=""5.6361e+06""",AAA,"=""[159855.971776]""","=""[191217.0473571]""","=""1s.2s""","=""3S""","=""1""","=""1s.4p""","=""3P*""","=""1""",3,3,,"=""T8636c73""","=""L14925c72""",
He,1,"=""318.7745""","=""""","=""318.7745310""","=""0.0000020""","=""20*""","=""5.6361e+06""",AAA,"=""[159855.971776]""","=""[191217.0383609]""","=""1s.2s""","=""3S""","=""1""","=""1s.4p""","=""3P*""","=""2""",3,5,,"=""T8636c73""","=""L14925c72""",
He,2,"=""""","=""""","=""320.2946921""","=""0.0000020""","=""""","=""4.5253e+07""",AA,"=""(390140.8249696)""","=""(421353.053159)""","=""3p""","=""2P*""","=""1/2""","=""5d""","=""2D""","=""3/2""",2,4,,"=""T7771""","=""""",
He,2,"=""""","=""""","=""320.2961177""","=""0.0000020""","=""""","=""2.6220e+07""",AA,"=""(390140.964517)""","=""(421353.05378699)""","=""3s""","=""2S""","=""1/2""","=""5p""","=""2P*""","=""3/2""",2,4,,"=""T7771""","=""""",
He,2,"=""""","=""""","=""320.2982222""","=""0.0000020""","=""""","=""4.8288e+06""",AA,"=""(390140.8249696)""","=""(421352.709172)""","=""3p""","=""2P*""","=""1/2""","=""5s""","=""2S""","=""1/2""",2,2,,"=""T7771""","=""""",
He,2,"=""""","=""""","=""320.2999646""","=""0.0000020""","=""""","=""2.6224e+07""",AA,"=""(390140.964517)""","=""(421352.6789311)""","=""3s""","=""2S""","=""1/2""","=""5p""","=""2P*""","=""1/2""",2,2,,"=""T7771""","=""""",
He,2,"=""""","=""""","=""320.3111934""","=""0.0000020""","=""""","=""6.7879e+07""",AA,"=""(390142.55757536)""","=""(421353.177874)""","=""3d""","=""2D""","=""3/2""","=""5f""","=""2F*""","=""5/2""",4,6,,"=""T7771""","=""""",
He,2,"=""""","=""""","=""320.3112204""","=""0.0000020""","=""""","=""5.4301e+07""",AA,"=""(390142.5604306)""","=""(421353.178101)""","=""3p""","=""2P*""","=""3/2""","=""5d""","=""2D""","=""5/2""",4,6,,"=""T7771""","=""""",
He,2,"=""""","=""""","=""320.3124670""","=""0.0000020""","=""""","=""2.3944e+05""",AA,"=""(390142.55757536)""","=""(421353.05378699)""","=""3d""","=""2D""","=""3/2""","=""5p""","=""2P*""","=""3/2""",4,4,,"=""T7771""","=""""",
He,2,"=""""","=""""","=""320.3125027""","=""0.0000020""","=""""","=""9.0502e+06""",AA,"=""(390142.5604306)""","=""(421353.053159)""","=""3p""","=""2P*""","=""3/2""","=""5d""","=""2D""","=""3/2""",4,4,,"=""T7771""","=""""",
He,2,"=""""","=""""","=""320.3160332""","=""0.0000020""","=""""","=""9.6612e+06""",AA,"=""(390142.5604306)""","=""(421352.709172)""","=""3p""","=""2P*""","=""3/2""","=""5s""","=""2S""","=""1/2""",4,2,,"=""T7771""","=""""",
He,2,"=""""","=""""","=""320.3163143""","=""0.0000020""","=""""","=""2.3958e+06""",AA,"=""(390142.55757536)""","=""(421352.6789311)""","=""3d""","=""2D""","=""3/2""","=""5p""","=""2P*""","=""1/2""",4,2,,"=""T7771""","=""""",
He,2,"=""""","=""""","=""320.3164890""","=""0.0000020""","=""""","=""7.2724e+07""",AA,"=""(390143.13600712)""","=""(421353.240343)""","=""3d""","=""2D""","=""5/2""","=""5f""","=""2F*""","=""7/2""",6,8,,"=""T7771""","=""""",
He,2,"=""""","=""""","=""320.3171302""","=""0.0000020""","=""""","=""4.8481e+06""",AA,"=""(390143.13600712)""","=""(421353.177874)""","=""3d""","=""2D""","=""5/2""","=""5f""","=""2F*""","=""5/2""",6,6,,"=""T7771""","=""""",
He,2,"=""""","=""""","=""320.3184037""","=""0.0000020""","=""""","=""2.1553e+06""",AA,"=""(390143.13600712)""","=""(421353.05378699)""","=""3d""","=""2D""","=""5/2""","=""5p""","=""2P*""","=""3/2""",6,4,,"=""T7771""","=""""",
He,1,"=""323.1266""","=""""","=""323.1270394""","=""0.0000020""","=""0""","=""5.1015e+05""",AAA,"=""[166277.437635]""","=""[197216.086955998]""","=""1s.2s""","=""1S""","=""0""","=""1s.10p""","=""1P*""","=""1""",1,3,,"=""T8636c73""","=""L14924""",
He,1,"=""325.8275""","=""""","=""325.8273506""","=""0.0000020""","=""1""","=""6.9627e+05""",AAA,"=""[166277.437635]""","=""[196959.69020989]""","=""1s.2s""","=""1S""","=""0""","=""1s.9p""","=""1P*""","=""1""",1,3,,"=""T8636c73""","=""L14924""",
He,1,"=""""","=""""","=""329.6772939""","=""0.0000020""","=""""","=""9.8432e+05""",AAA,"=""[166277.437635]""","=""[196601.39764087]""","=""1s.2s""","=""1S""","=""0""","=""1s.8p""","=""1P*""","=""1""",1,3,,"=""T8636c73""","=""""",
He,1,"=""""","=""""","=""335.4555098""","=""0.0000021""","=""1""","=""1.4537e+06""",AAA,"=""[166277.437635]""","=""[196079.08496364]""","=""1s.2s""","=""1S""","=""0""","=""1s.7p""","=""1P*""","=""1""",1,3,,"=""T8636c73""","=""L366""",
He,1,"=""""","=""""","=""344.7589034""","=""0.0000021""","=""2""","=""2.2691e+06""",AAA,"=""[166277.437635]""","=""[195274.90585994]""","=""1s.2s""","=""1S""","=""0""","=""1s.6p""","=""1P*""","=""1""",1,3,,"=""T8636c73""","=""L366""",
He,1,"=""""","=""""","=""344.9270805""","=""0.0000021""","=""""","=""3.9163e+00""",AAA,"=""[166277.437635]""","=""[195260.76790341]""","=""1s.2s""","=""1S""","=""0""","=""1s.6d""","=""1D""","=""2""",1,5,E2,"=""T7378""","=""""",
He,1,"=""355.4415""","=""""","=""355.4406140""","=""0.0000021""","=""1*""","=""3.6386e+04""",AAA,"=""[169086.76391031]""","=""[197212.824517451]""","=""1s.2p""","=""3P*""","=""2""","=""1s.10d""","=""3D""","=""1""",5,3,,"=""T8636c73""","=""L551""",
He,1,"=""355.4415""","=""""","=""355.4406289""","=""0.0000021""","=""1*""","=""3.2745e+05""",AAA,"=""[169086.76391031]""","=""[197212.823339109]""","=""1s.2p""","=""3P*""","=""2""","=""1s.10d""","=""3D""","=""2""",5,5,,"=""T8636c73""","=""L551""",
He,1,"=""355.4415""","=""""","=""355.4406300""","=""0.0000021""","=""1*""","=""1.3099e+05""",AAA,"=""[169086.76391031]""","=""[197212.823255258]""","=""1s.2p""","=""3P*""","=""2""","=""1s.10d""","=""3D""","=""3""",5,7,,"=""T8636c73""","=""L551""",
He,1,"=""355.4415""","=""""","=""355.4415799""","=""0.0000021""","=""1*""","=""5.4579e+05""",AAA,"=""[169086.84033581]""","=""[197212.824517451]""","=""1s.2p""","=""3P*""","=""1""","=""1s.10d""","=""3D""","=""1""",3,3,,"=""T8636c73""","=""L551""",
He,1,"=""355.4415""","=""""","=""355.4415948""","=""0.0000021""","=""1*""","=""9.8235e+05""",AAA,"=""[169086.84033581]""","=""[197212.823339109]""","=""1s.2p""","=""3P*""","=""1""","=""1s.10d""","=""3D""","=""2""",3,5,,"=""T8636c73""","=""L551""",
He,1,"=""""","=""""","=""355.4540654""","=""0.0000021""","=""""","=""7.2772e+05""",AAA,"=""[169087.82825101]""","=""[197212.824517451]""","=""1s.2p""","=""3P*""","=""0""","=""1s.10d""","=""3D""","=""1""",1,3,,"=""T8636c73""","=""""",
He,1,"=""356.2979""","=""""","=""356.2969075""","=""0.0000021""","=""0*""","=""2.6868e+05""",AAA,"=""[169086.76391031]""","=""[197145.2306518]""","=""1s.2p""","=""3P*""","=""2""","=""1s.10s""","=""3S""","=""1""",5,3,,"=""T8636c73""","=""L366""",
He,1,"=""356.2979""","=""""","=""356.2978780""","=""0.0000021""","=""0*""","=""1.6121e+05""",AAA,"=""[169086.84033581]""","=""[197145.2306518]""","=""1s.2p""","=""3P*""","=""1""","=""1s.10s""","=""3S""","=""1""",3,3,,"=""T8636c73""","=""L366""",
He,1,"=""""","=""""","=""356.3104237""","=""0.0000021""","=""""","=""5.3735e+04""",AAA,"=""[169087.82825101]""","=""[197145.2306518]""","=""1s.2p""","=""3P*""","=""0""","=""1s.10s""","=""3S""","=""1""",1,3,,"=""T8636c73""","=""""",
He,1,"=""358.7270""","=""""","=""358.7261797""","=""0.0000021""","=""1*""","=""5.0298e+04""",AAA,"=""[169086.76391031]""","=""[196955.225652215]""","=""1s.2p""","=""3P*""","=""2""","=""1s.9d""","=""3D""","=""1""",5,3,,"=""T8636c73""","=""L551""",
He,1,"=""358.7270""","=""""","=""358.7262006""","=""0.0000021""","=""1*""","=""4.5265e+05""",AAA,"=""[169086.76391031]""","=""[196955.224035287]""","=""1s.2p""","=""3P*""","=""2""","=""1s.9d""","=""3D""","=""2""",5,5,,"=""T8636c73""","=""L551""",
He,1,"=""358.7270""","=""""","=""358.7262020""","=""0.0000021""","=""1*""","=""1.8107e+06""",AAA,"=""[169086.76391031]""","=""[196955.223920571]""","=""1s.2p""","=""3P*""","=""2""","=""1s.9d""","=""3D""","=""3""",5,7,,"=""T8636c73""","=""L551""",
He,1,"=""358.7270""","=""""","=""358.7271635""","=""0.0000021""","=""1*""","=""7.5448e+05""",AAA,"=""[169086.84033581]""","=""[196955.225652215]""","=""1s.2p""","=""3P*""","=""1""","=""1s.9d""","=""3D""","=""1""",3,3,,"=""T8636c73""","=""L551""",
He,1,"=""358.7270""","=""""","=""358.7271843""","=""0.0000021""","=""1*""","=""1.3580e+06""",AAA,"=""[169086.84033581]""","=""[196955.224035287]""","=""1s.2p""","=""3P*""","=""1""","=""1s.9d""","=""3D""","=""2""",3,5,,"=""T8636c73""","=""L551""",
He,1,"=""""","=""""","=""358.7398810""","=""0.0000021""","=""0""","=""1.0060e+06""",AAA,"=""[169087.82825101]""","=""[196955.225652215]""","=""1s.2p""","=""3P*""","=""0""","=""1s.9d""","=""3D""","=""1""",1,3,,"=""T8636c73""","=""L551""",
He,1,"=""""","=""""","=""359.9304502""","=""0.0000021""","=""""","=""3.7358e+05""",AAA,"=""[169086.76391031]""","=""[196861.9847334]""","=""1s.2p""","=""3P*""","=""2""","=""1s.9s""","=""3S""","=""1""",5,3,,"=""T8636c73""","=""""",
He,1,"=""""","=""""","=""359.9314406""","=""0.0000021""","=""""","=""2.2415e+05""",AAA,"=""[169086.84033581]""","=""[196861.9847334]""","=""1s.2p""","=""3P*""","=""1""","=""1s.9s""","=""3S""","=""1""",3,3,,"=""T8636c73""","=""""",
He,1,"=""""","=""""","=""359.9442436""","=""0.0000021""","=""""","=""7.4716e+04""",AAA,"=""[169087.82825101]""","=""[196861.9847334]""","=""1s.2p""","=""3P*""","=""0""","=""1s.9s""","=""3S""","=""1""",1,3,,"=""T8636c73""","=""""",
He,1,"=""361.3643""","=""""","=""361.3642093""","=""0.0000021""","=""3""","=""3.8022e+06""",AAA,"=""[166277.437635]""","=""[193942.45968763]""","=""1s.2s""","=""1S""","=""0""","=""1s.5p""","=""1P*""","=""1""",1,3,,"=""T8636c73""","=""L14925c72""",
He,1,"=""""","=""""","=""361.6802369""","=""0.0000021""","=""""","=""8.2983e+00""",AAA,"=""[166277.437635]""","=""[193918.28729754]""","=""1s.2s""","=""1S""","=""0""","=""1s.5d""","=""1D""","=""2""",1,5,E2,"=""T7378""","=""""",
He,1,"=""""","=""""","=""363.4230767""","=""0.0000021""","=""2*""","=""7.2396e+04""",AAA,"=""[169086.76391031]""","=""[196595.062062489]""","=""1s.2p""","=""3P*""","=""2""","=""1s.8d""","=""3D""","=""1""",5,3,,"=""T8636c73""","=""L366""",
He,1,"=""""","=""""","=""363.4231071""","=""0.0000021""","=""2*""","=""6.5151e+05""",AAA,"=""[169086.76391031]""","=""[196595.059759543]""","=""1s.2p""","=""3P*""","=""2""","=""1s.8d""","=""3D""","=""2""",5,5,,"=""T8636c73""","=""L366""",
He,1,"=""""","=""""","=""363.4231092""","=""0.0000021""","=""2*""","=""2.6063e+06""",AAA,"=""[169086.76391031]""","=""[196595.059597060]""","=""1s.2p""","=""3P*""","=""2""","=""1s.8d""","=""3D""","=""3""",5,7,,"=""T8636c73""","=""L366""",
He,1,"=""""","=""""","=""363.4240864""","=""0.0000021""","=""2*""","=""1.0859e+06""",AAA,"=""[169086.84033581]""","=""[196595.062062489]""","=""1s.2p""","=""3P*""","=""1""","=""1s.8d""","=""3D""","=""1""",3,3,,"=""T8636c73""","=""L366""",
He,1,"=""""","=""""","=""363.4241168""","=""0.0000021""","=""2*""","=""1.9546e+06""",AAA,"=""[169086.84033581]""","=""[196595.059759543]""","=""1s.2p""","=""3P*""","=""1""","=""1s.8d""","=""3D""","=""2""",3,5,,"=""T8636c73""","=""L366""",
He,1,"=""""","=""""","=""363.4371390""","=""0.0000021""","=""0""","=""1.4479e+06""",AAA,"=""[169087.82825101]""","=""[196595.062062489]""","=""1s.2p""","=""3P*""","=""0""","=""1s.8d""","=""3D""","=""1""",1,3,,"=""T8636c73""","=""L366""",
He,1,"=""365.1990""","=""""","=""365.1981531""","=""0.0000021""","=""1*""","=""5.4136e+05""",AAA,"=""[169086.76391031]""","=""[196461.3592043]""","=""1s.2p""","=""3P*""","=""2""","=""1s.8s""","=""3S""","=""1""",5,3,,"=""T8636c73""","=""L366""",
He,1,"=""365.1990""","=""""","=""365.1991727""","=""0.0000021""","=""1*""","=""3.2481e+05""",AAA,"=""[169086.84033581]""","=""[196461.3592043]""","=""1s.2p""","=""3P*""","=""1""","=""1s.8s""","=""3S""","=""1""",3,3,,"=""T8636c73""","=""L366""",
He,1,"=""""","=""""","=""365.2123532""","=""0.0000021""","=""0""","=""1.0827e+05""",AAA,"=""[169087.82825101]""","=""[196461.3592043]""","=""1s.2p""","=""3P*""","=""0""","=""1s.8s""","=""3S""","=""1""",1,3,,"=""T8636c73""","=""L366""",
He,1,"=""370.5005""","=""""","=""370.4995274""","=""0.0000021""","=""3*""","=""1.0980e+05""",AAA,"=""[169086.76391031]""","=""[196069.673884275]""","=""1s.2p""","=""3P*""","=""2""","=""1s.7d""","=""3D""","=""1""",5,3,,"=""T8636c73""","=""L14925c72""",
He,1,"=""370.5005""","=""""","=""370.4995746""","=""0.0000021""","=""3*""","=""9.8814e+05""",AAA,"=""[169086.76391031]""","=""[196069.670444809]""","=""1s.2p""","=""3P*""","=""2""","=""1s.7d""","=""3D""","=""2""",5,5,,"=""T8636c73""","=""L14925c72""",
He,1,"=""370.5005""","=""""","=""370.4995779""","=""0.0000021""","=""3*""","=""3.9529e+06""",AAA,"=""[169086.76391031]""","=""[196069.670203959]""","=""1s.2p""","=""3P*""","=""2""","=""1s.7d""","=""3D""","=""3""",5,7,,"=""T8636c73""","=""L14925c72""",
He,1,"=""370.5005""","=""""","=""370.5005768""","=""0.0000021""","=""3*""","=""1.6470e+06""",AAA,"=""[169086.84033581]""","=""[196069.673884275]""","=""1s.2p""","=""3P*""","=""1""","=""1s.7d""","=""3D""","=""1""",3,3,,"=""T8636c73""","=""L14925c72""",
He,1,"=""370.5005""","=""""","=""370.5006240""","=""0.0000021""","=""3*""","=""2.9644e+06""",AAA,"=""[169086.84033581]""","=""[196069.670444809]""","=""1s.2p""","=""3P*""","=""1""","=""1s.7d""","=""3D""","=""2""",3,5,,"=""T8636c73""","=""L14925c72""",
He,1,"=""""","=""""","=""370.5141427""","=""0.0000021""","=""0""","=""2.1961e+06""",AAA,"=""[169087.82825101]""","=""[196069.673884275]""","=""1s.2p""","=""3P*""","=""0""","=""1s.7d""","=""3D""","=""1""",1,3,,"=""T8636c73""","=""L366""",
He,1,"=""""","=""""","=""373.2863477""","=""0.0000021""","=""1*""","=""8.2750e+05""",AAA,"=""[169086.76391031]""","=""[195868.2343699]""","=""1s.2p""","=""3P*""","=""2""","=""1s.7s""","=""3S""","=""1""",5,3,,"=""T8636c73""","=""L366""",
He,1,"=""""","=""""","=""373.2874130""","=""0.0000021""","=""1*""","=""4.9650e+05""",AAA,"=""[169086.84033581]""","=""[195868.2343699]""","=""1s.2p""","=""3P*""","=""1""","=""1s.7s""","=""3S""","=""1""",3,3,,"=""T8636c73""","=""L366""",
He,1,"=""""","=""""","=""373.3011837""","=""0.0000021""","=""""","=""1.6550e+05""",AAA,"=""[169087.82825101]""","=""[195868.2343699]""","=""1s.2p""","=""3P*""","=""0""","=""1s.7s""","=""3S""","=""1""",1,3,,"=""T8636c73""","=""""",
He,1,"=""381.96074""","=""0.00008""","=""381.9601975""","=""0.0000021""","=""10*""","=""1.7876e+05""",AAA,"=""[169086.76391031]""","=""[195260.07459804]""","=""1s.2p""","=""3P*""","=""2""","=""1s.6d""","=""3D""","=""1""",5,3,,"=""T8636c73""","=""L14926""",
He,1,"=""381.96074""","=""0.00008""","=""381.9602773""","=""0.0000021""","=""10*""","=""1.6087e+06""",AAA,"=""[169086.76391031]""","=""[195260.06913189]""","=""1s.2p""","=""3P*""","=""2""","=""1s.6d""","=""3D""","=""2""",5,5,,"=""T8636c73""","=""L14926""",
He,1,"=""381.96074""","=""0.00008""","=""381.9602828""","=""0.0000021""","=""10*""","=""6.4353e+06""",AAA,"=""[169086.76391031]""","=""[195260.06875373]""","=""1s.2p""","=""3P*""","=""2""","=""1s.6d""","=""3D""","=""3""",5,7,,"=""T8636c73""","=""L14926""",
He,1,"=""381.96074""","=""0.00008""","=""381.9613129""","=""0.0000021""","=""10*""","=""2.6814e+06""",AAA,"=""[169086.84033581]""","=""[195260.07459804]""","=""1s.2p""","=""3P*""","=""1""","=""1s.6d""","=""3D""","=""1""",3,3,,"=""T8636c73""","=""L14926""",
He,1,"=""381.96074""","=""0.00008""","=""381.9613927""","=""0.0000021""","=""10*""","=""4.8261e+06""",AAA,"=""[169086.84033581]""","=""[195260.06913189]""","=""1s.2p""","=""3P*""","=""1""","=""1s.6d""","=""3D""","=""2""",3,5,,"=""T8636c73""","=""L14926""",
He,1,"=""""","=""""","=""381.9757310""","=""0.0000021""","=""1""","=""3.5752e+06""",AAA,"=""[169087.82825101]""","=""[195260.07459804]""","=""1s.2p""","=""3P*""","=""0""","=""1s.6d""","=""3D""","=""1""",1,3,,"=""T8636c73""","=""L366""",
He,1,"=""383.3554""","=""""","=""383.3548713""","=""0.0000021""","=""0""","=""9.6470e+05""",AAA,"=""[171134.894441]""","=""[197212.986924548]""","=""1s.2p""","=""1P*""","=""1""","=""1s.10d""","=""1D""","=""2""",3,5,,"=""T8636c73""","=""L551,L366""",
He,1,"=""""","=""""","=""383.8100125""","=""0.0000021""","=""""","=""3.7425e+05""",AAA,"=""[171134.894441]""","=""[197182.0629406]""","=""1s.2p""","=""1P*""","=""1""","=""1s.10s""","=""1S""","=""0""",3,1,,"=""T8636c73""","=""""",
He,1,"=""""","=""""","=""386.7472343""","=""0.0000021""","=""3*""","=""1.3592e+06""",AAA,"=""[169086.76391031]""","=""[194936.1170910]""","=""1s.2p""","=""3P*""","=""2""","=""1s.6s""","=""3S""","=""1""",5,3,,"=""T8636c73""","=""L366""",
He,1,"=""""","=""""","=""386.7483778""","=""0.0000021""","=""3*""","=""8.1551e+05""",AAA,"=""[169086.84033581]""","=""[194936.1170910]""","=""1s.2p""","=""3P*""","=""1""","=""1s.6s""","=""3S""","=""1""",3,3,,"=""T8636c73""","=""L366""",
He,1,"=""""","=""""","=""386.7631595""","=""0.0000021""","=""1""","=""2.7184e+05""",AAA,"=""[169087.82825101]""","=""[194936.1170910]""","=""1s.2p""","=""3P*""","=""0""","=""1s.6s""","=""3S""","=""1""",1,3,,"=""T8636c73""","=""L366""",
He,1,"=""387.1791""","=""""","=""387.1786406""","=""0.0000021""","=""1""","=""1.3386e+06""",AAA,"=""[171134.894441]""","=""[196955.446144507]""","=""1s.2p""","=""1P*""","=""1""","=""1s.9d""","=""1D""","=""2""",3,5,,"=""T8636c73""","=""L551""",
He,1,"=""""","=""""","=""387.8176858""","=""0.0000021""","=""""","=""5.1753e+05""",AAA,"=""[171134.894441]""","=""[196912.9000793]""","=""1s.2p""","=""1P*""","=""1""","=""1s.9s""","=""1S""","=""0""",3,1,,"=""T8636c73""","=""""",
He,1,"=""""","=""""","=""388.8604644""","=""0.0000021""","=""""","=""9.4746e+06""",AAA,"=""[159855.971776]""","=""[185564.8520073]""","=""1s.2s""","=""3S""","=""1""","=""1s.3p""","=""3P*""","=""0""",3,1,,"=""T8636c73""","=""""",
He,1,"=""388.8648""","=""""","=""388.8645590""","=""0.0000021""","=""500*""","=""9.4746e+06""",AAA,"=""[159855.971776]""","=""[185564.5813147]""","=""1s.2s""","=""3S""","=""1""","=""1s.3p""","=""3P*""","=""1""",3,3,,"=""T8636c73""","=""L14925c72""",
He,1,"=""388.8648""","=""""","=""388.8648915""","=""0.0000021""","=""500*""","=""9.4746e+06""",AAA,"=""[159855.971776]""","=""[185564.55932651]""","=""1s.2s""","=""3S""","=""1""","=""1s.3p""","=""3P*""","=""2""",3,5,,"=""T8636c73""","=""L14925c72""",
He,1,"=""""","=""""","=""392.6544387""","=""0.0000021""","=""1""","=""1.9371e+06""",AAA,"=""[171134.894441]""","=""[196595.371446820]""","=""1s.2p""","=""1P*""","=""1""","=""1s.8d""","=""1D""","=""2""",3,5,,"=""T8636c73""","=""L366""",
He,1,"=""393.5912""","=""""","=""393.5945223""","=""0.0000022""","=""0""","=""7.4475e+05""",AAA,"=""[171134.894441]""","=""[196534.5615465]""","=""1s.2p""","=""1P*""","=""1""","=""1s.8s""","=""1S""","=""0""",3,1,,"=""T8636c73""","=""L366""",
He,1,"=""396.47291""","=""""","=""396.4728829""","=""0.0000022""","=""20""","=""6.9507e+06""",AAA,"=""[166277.437635]""","=""[191492.7093035]""","=""1s.2s""","=""1S""","=""0""","=""1s.4p""","=""1P*""","=""1""",1,3,,"=""T8636c73""","=""L14926""",
He,1,"=""""","=""""","=""397.2015454""","=""0.0000022""","=""""","=""2.2842e+01""",AAA,"=""[166277.437635]""","=""[191446.45313936]""","=""1s.2s""","=""1S""","=""0""","=""1s.4d""","=""1D""","=""2""",1,5,E2,"=""T7378""","=""""",
He,1,"=""""","=""""","=""400.9256516""","=""0.0000020""","=""1""","=""2.9612e+06""",AAA,"=""[171134.894441]""","=""[196070.125778175]""","=""1s.2p""","=""1P*""","=""1""","=""1s.7d""","=""1D""","=""2""",3,5,,"=""T8636c73""","=""L366""",
He,1,"=""402.3973""","=""""","=""402.3979795""","=""0.0000020""","=""1""","=""1.1281e+06""",AAA,"=""[171134.894441]""","=""[195978.8925750]""","=""1s.2p""","=""1P*""","=""1""","=""1s.7s""","=""1S""","=""0""",3,1,,"=""T8636c73""","=""L14924""",
He,1,"=""402.61914""","=""""","=""402.6184368""","=""0.0000020""","=""50*""","=""3.2224e+05""",AAA,"=""[169086.76391031]""","=""[193917.15878310]""","=""1s.2p""","=""3P*""","=""2""","=""1s.5d""","=""3D""","=""1""",5,3,,"=""T8636c73""","=""L14926""",
He,1,"=""402.61914""","=""""","=""402.6185901""","=""0.0000020""","=""50*""","=""2.8999e+06""",AAA,"=""[169086.76391031]""","=""[193917.14932512]""","=""1s.2p""","=""3P*""","=""2""","=""1s.5d""","=""3D""","=""2""",5,5,,"=""T8636c73""","=""L14926""",
He,1,"=""402.61914""","=""""","=""402.6186005""","=""0.0000020""","=""50*""","=""1.1601e+07""",AAA,"=""[169086.76391031]""","=""[193917.14868441]""","=""1s.2p""","=""3P*""","=""2""","=""1s.5d""","=""3D""","=""3""",5,7,,"=""T8636c73""","=""L14926""",
He,1,"=""402.61914""","=""""","=""402.6196760""","=""0.0000020""","=""50*""","=""4.8336e+06""",AAA,"=""[169086.84033581]""","=""[193917.15878310]""","=""1s.2p""","=""3P*""","=""1""","=""1s.5d""","=""3D""","=""1""",3,3,,"=""T8636c73""","=""L14926""",
He,1,"=""402.61914""","=""""","=""402.6198294""","=""0.0000020""","=""50*""","=""8.6997e+06""",AAA,"=""[169086.84033581]""","=""[193917.14932512]""","=""1s.2p""","=""3P*""","=""1""","=""1s.5d""","=""3D""","=""2""",3,5,,"=""T8636c73""","=""L14926""",
He,1,"=""""","=""""","=""402.6356959""","=""0.0000020""","=""5""","=""6.4448e+06""",AAA,"=""[169087.82825101]""","=""[193917.15878310]""","=""1s.2p""","=""3P*""","=""0""","=""1s.5d""","=""3D""","=""1""",1,3,,"=""T8636c73""","=""L366""",
He,1,"=""412.08154""","=""0.00012""","=""412.0810765""","=""0.0000021""","=""12*""","=""2.4738e+06""",AAA,"=""[169086.76391031]""","=""[193346.988738]""","=""1s.2p""","=""3P*""","=""2""","=""1s.5s""","=""3S""","=""1""",5,3,,"=""T8636c73""","=""L14926""",
He,1,"=""412.08154""","=""0.00012""","=""412.0823747""","=""0.0000021""","=""12*""","=""1.4843e+06""",AAA,"=""[169086.84033581]""","=""[193346.988738]""","=""1s.2p""","=""3P*""","=""1""","=""1s.5s""","=""3S""","=""1""",3,3,,"=""T8636c73""","=""L14926""",
He,1,"=""""","=""""","=""412.0991564""","=""0.0000021""","=""2""","=""4.9476e+05""",AAA,"=""[169087.82825101]""","=""[193346.988738]""","=""1s.2p""","=""3P*""","=""0""","=""1s.5s""","=""3S""","=""1""",1,3,,"=""T8636c73""","=""L366""",
He,1,"=""""","=""""","=""414.1332157""","=""0.0000021""","=""""","=""3.069e+00""",AA,"=""[171134.894441]""","=""[195274.90585994]""","=""1s.2p""","=""1P*""","=""1""","=""1s.6p""","=""1P*""","=""1""",3,3,E2,"=""T7378""","=""""",
He,1,"=""414.3761""","=""""","=""414.3759059""","=""0.0000021""","=""3""","=""4.8812e+06""",AAA,"=""[171134.894441]""","=""[195260.76790341]""","=""1s.2p""","=""1P*""","=""1""","=""1s.6d""","=""1D""","=""2""",3,5,,"=""T8636c73""","=""L14925c72""",
He,1,"=""416.8967""","=""""","=""416.8971512""","=""0.0000021""","=""1""","=""1.8298e+06""",AAA,"=""[171134.894441]""","=""[195114.8660951]""","=""1s.2p""","=""1P*""","=""1""","=""1s.6s""","=""1S""","=""0""",3,1,,"=""T8636c73""","=""L366""",
He,1,"=""""","=""""","=""438.3278555""","=""0.0000022""","=""""","=""5.317e+00""",AA,"=""[171134.894441]""","=""[193942.45968763]""","=""1s.2p""","=""1P*""","=""1""","=""1s.5p""","=""1P*""","=""1""",3,3,E2,"=""T7378""","=""""",
He,1,"=""438.79296""","=""0.00006""","=""438.7929143""","=""0.0000022""","=""10""","=""8.9889e+06""",AAA,"=""[171134.894441]""","=""[193918.28729754]""","=""1s.2p""","=""1P*""","=""1""","=""1s.5d""","=""1D""","=""2""",3,5,,"=""T8636c73""","=""L14926""",
He,1,"=""443.7551""","=""""","=""443.7553428""","=""0.0000022""","=""3""","=""3.2689e+06""",AAA,"=""[171134.894441]""","=""[193663.509489]""","=""1s.2p""","=""1P*""","=""1""","=""1s.5s""","=""1S""","=""0""",3,1,,"=""T8636c73""","=""L14925c72""",
He,1,"=""447.14802""","=""0.00015""","=""447.1470373""","=""0.0000022""","=""200*""","=""6.8275e+05""",AAA,"=""[169086.76391031]""","=""[191444.49804915]""","=""1s.2p""","=""3P*""","=""2""","=""1s.4d""","=""3D""","=""1""",5,3,,"=""T8636c73""","=""L14926""",
He,1,"=""447.14802""","=""0.00015""","=""447.1474077""","=""0.0000022""","=""200*""","=""6.1440e+06""",AAA,"=""[169086.76391031]""","=""[191444.47952984]""","=""1s.2p""","=""3P*""","=""2""","=""1s.4d""","=""3D""","=""2""",5,5,,"=""T8636c73""","=""L14926""",
He,1,"=""447.14802""","=""0.00015""","=""447.1474317""","=""0.0000022""","=""200*""","=""2.4579e+07""",AAA,"=""[169086.76391031]""","=""[191444.47832914]""","=""1s.2p""","=""3P*""","=""2""","=""1s.4d""","=""3D""","=""3""",5,7,,"=""T8636c73""","=""L14926""",
He,1,"=""447.14802""","=""0.00015""","=""447.1485658""","=""0.0000022""","=""200*""","=""1.0241e+07""",AAA,"=""[169086.84033581]""","=""[191444.49804915]""","=""1s.2p""","=""3P*""","=""1""","=""1s.4d""","=""3D""","=""1""",3,3,,"=""T8636c73""","=""L14926""",
He,1,"=""447.14802""","=""0.00015""","=""447.1489362""","=""0.0000022""","=""200*""","=""1.8432e+07""",AAA,"=""[169086.84033581]""","=""[191444.47952984]""","=""1s.2p""","=""3P*""","=""1""","=""1s.4d""","=""3D""","=""2""",3,5,,"=""T8636c73""","=""L14926""",
He,1,"=""""","=""""","=""447.1683251""","=""0.0000022""","=""25""","=""1.3655e+07""",AAA,"=""[169087.82825101]""","=""[191444.49804915]""","=""1s.2p""","=""3P*""","=""0""","=""1s.4d""","=""3D""","=""1""",1,3,,"=""T8636c73""","=""L366""",
He,2,"=""""","=""""","=""468.5376850""","=""0.0000024""","=""""","=""9.3899e+07""",AA,"=""(390140.8249696)""","=""(411477.853680)""","=""3p""","=""2P*""","=""1/2""","=""4d""","=""2D""","=""3/2""",2,4,,"=""T7771""","=""""",
He,2,"=""""","=""""","=""468.5407226""","=""0.0000023""","=""""","=""4.9070e+07""",AA,"=""(390140.964517)""","=""(411477.8548989)""","=""3s""","=""2S""","=""1/2""","=""4p""","=""2P*""","=""3/2""",2,4,,"=""T7771""","=""""",
He,2,"=""""","=""""","=""468.5524404""","=""0.0000023""","=""""","=""9.7968e+06""",AA,"=""(390140.8249696)""","=""(411477.1817529)""","=""3p""","=""2P*""","=""1/2""","=""4s""","=""2S""","=""1/2""",2,2,,"=""T7771""","=""""",
He,2,"=""""","=""""","=""468.5568006""","=""0.0000023""","=""""","=""4.9080e+07""",AA,"=""(390140.964517)""","=""(411477.1227550)""","=""3s""","=""2S""","=""1/2""","=""4p""","=""2P*""","=""1/2""",2,2,,"=""T7771""","=""""",
He,2,"=""""","=""""","=""468.5703850""","=""0.0000023""","=""""","=""2.0605e+08""",AA,"=""(390142.55757536)""","=""(411478.097267)""","=""3d""","=""2D""","=""3/2""","=""4f""","=""2F*""","=""5/2""",4,6,,"=""T7771""","=""""",
He,2,"=""""","=""""","=""468.5704380""","=""0.0000024""","=""""","=""1.1268e+08""",AA,"=""(390142.5604306)""","=""(411478.097707)""","=""3p""","=""2P*""","=""3/2""","=""4d""","=""2D""","=""5/2""",4,6,,"=""T7771""","=""""",
He,2,"=""""","=""""","=""468.5757080""","=""0.0000023""","=""""","=""5.5646e+05""",AA,"=""(390142.55757536)""","=""(411477.8548989)""","=""3d""","=""2D""","=""3/2""","=""4p""","=""2P*""","=""3/2""",4,4,,"=""T7771""","=""""",
He,2,"=""""","=""""","=""468.5757975""","=""0.0000024""","=""""","=""1.8780e+07""",AA,"=""(390142.5604306)""","=""(411477.853680)""","=""3p""","=""2P*""","=""3/2""","=""4d""","=""2D""","=""3/2""",4,4,,"=""T7771""","=""""",
He,2,"=""""","=""""","=""468.5804092""","=""0.0000023""","=""""","=""2.2076e+08""",AA,"=""(390143.13600712)""","=""(411478.219277)""","=""3d""","=""2D""","=""5/2""","=""4f""","=""2F*""","=""7/2""",6,8,,"=""T7771""","=""""",
He,2,"=""""","=""""","=""468.5830890""","=""0.0000023""","=""""","=""1.4717e+07""",AA,"=""(390143.13600712)""","=""(411478.097267)""","=""3d""","=""2D""","=""5/2""","=""4f""","=""2F*""","=""5/2""",6,6,,"=""T7771""","=""""",
He,2,"=""""","=""""","=""468.5884123""","=""0.0000023""","=""""","=""5.0091e+06""",AA,"=""(390143.13600712)""","=""(411477.8548989)""","=""3d""","=""2D""","=""5/2""","=""4p""","=""2P*""","=""3/2""",6,4,,"=""T7771""","=""""",
He,2,"=""""","=""""","=""468.5905553""","=""0.0000023""","=""""","=""1.9602e+07""",AA,"=""(390142.5604306)""","=""(411477.1817529)""","=""3p""","=""2P*""","=""3/2""","=""4s""","=""2S""","=""1/2""",4,2,,"=""T7771""","=""""",
He,2,"=""""","=""""","=""468.5917885""","=""0.0000023""","=""""","=""5.5680e+06""",AA,"=""(390142.55757536)""","=""(411477.1227550)""","=""3d""","=""2D""","=""3/2""","=""4p""","=""2P*""","=""1/2""",4,2,,"=""T7771""","=""""",
He,1,"=""471.31457""","=""0.00006""","=""471.3139173""","=""0.0000024""","=""30*""","=""5.2894e+06""",AAA,"=""[169086.76391031]""","=""[190298.110654]""","=""1s.2p""","=""3P*""","=""2""","=""1s.4s""","=""3S""","=""1""",5,3,,"=""T8636c73""","=""L14926""",
He,1,"=""471.31457""","=""0.00006""","=""471.3156155""","=""0.0000024""","=""30*""","=""3.1736e+06""",AAA,"=""[169086.84033581]""","=""[190298.110654]""","=""1s.2p""","=""3P*""","=""1""","=""1s.4s""","=""3S""","=""1""",3,3,,"=""T8636c73""","=""L14926""",
He,1,"=""""","=""""","=""471.3375684""","=""0.0000024""","=""4""","=""1.0579e+06""",AAA,"=""[169087.82825101]""","=""[190298.110654]""","=""1s.2p""","=""3P*""","=""0""","=""1s.4s""","=""3S""","=""1""",1,3,,"=""T8636c73""","=""L366""",
He,1,"=""""","=""""","=""491.0747480""","=""0.0000025""","=""""","=""1.028e+01""",AA,"=""[171134.894441]""","=""[191492.7093035]""","=""1s.2p""","=""1P*""","=""1""","=""1s.4p""","=""1P*""","=""1""",3,3,E2,"=""T7378""","=""""",
He,1,"=""""","=""""","=""492.0612726""","=""0.0000025""","=""""","=""6.235e+01""",AA,"=""[171134.894441]""","=""[191451.894854811]""","=""1s.2p""","=""1P*""","=""1""","=""1s.4f""","=""1F*""","=""3""",3,7,E2,"=""T3908""","=""""",
He,1,"=""492.19313""","=""0.00005""","=""492.1931036""","=""0.0000025""","=""20""","=""1.9863e+07""",AAA,"=""[171134.894441]""","=""[191446.45313936]""","=""1s.2p""","=""1P*""","=""1""","=""1s.4d""","=""1D""","=""2""",3,5,,"=""T8636c73""","=""L14926""",
He,1,"=""501.56783""","=""0.00003""","=""501.567801""","=""0.000003""","=""100""","=""1.3372e+07""",AAA,"=""[166277.437635]""","=""[186209.3623329]""","=""1s.2s""","=""1S""","=""0""","=""1s.3p""","=""1P*""","=""1""",1,3,,"=""T8636c73""","=""L14926""",
He,1,"=""""","=""""","=""504.208749""","=""0.000003""","=""""","=""1.022e+02""",AA,"=""[166277.437635]""","=""[186104.96409510]""","=""1s.2s""","=""1S""","=""0""","=""1s.3d""","=""1D""","=""2""",1,5,E2,"=""T7378""","=""""",
He,1,"=""504.7738""","=""""","=""504.773857""","=""0.000003""","=""10""","=""6.7712e+06""",AAA,"=""[171134.894441]""","=""[190940.223749]""","=""1s.2p""","=""1P*""","=""1""","=""1s.4s""","=""1S""","=""0""",3,1,,"=""T8636c73""","=""L14925c72""",
He,1,"=""""","=""""","=""587.443388""","=""0.000003""","=""""","=""4.310e+03""",AA,"=""[169086.76391031]""","=""[186104.96409510]""","=""1s.2p""","=""3P*""","=""2""","=""1s.3d""","=""1D""","=""2""",5,5,,"=""T8636c73""","=""""",
He,1,"=""""","=""""","=""587.446026""","=""0.000003""","=""""","=""1.232e+04""",AA,"=""[169086.84033581]""","=""[186104.96409510]""","=""1s.2p""","=""3P*""","=""1""","=""1s.3d""","=""1D""","=""2""",3,5,,"=""T8636c73""","=""""",
He,1,"=""""","=""""","=""587.559871""","=""0.000003""","=""""","=""1.9641e+06""",AAA,"=""[169086.76391031]""","=""[186101.59029341]""","=""1s.2p""","=""3P*""","=""2""","=""1s.3d""","=""3D""","=""1""",5,3,,"=""T8636c73""","=""""",
He,1,"=""587.5621""","=""""","=""587.561397""","=""0.000003""","=""500*""","=""1.7673e+07""",AAA,"=""[169086.76391031]""","=""[186101.54609533]""","=""1s.2p""","=""3P*""","=""2""","=""1s.3d""","=""3D""","=""2""",5,5,,"=""T8636c73""","=""L366""",
He,1,"=""587.5621""","=""""","=""587.561484""","=""0.000003""","=""500*""","=""7.0708e+07""",AAA,"=""[169086.76391031]""","=""[186101.54358476]""","=""1s.2p""","=""3P*""","=""2""","=""1s.3d""","=""3D""","=""3""",5,7,,"=""T8636c73""","=""L366""",
He,1,"=""587.5621""","=""""","=""587.562510""","=""0.000003""","=""500*""","=""2.9462e+07""",AAA,"=""[169086.84033581]""","=""[186101.59029341]""","=""1s.2p""","=""3P*""","=""1""","=""1s.3d""","=""3D""","=""1""",3,3,,"=""T8636c73""","=""L366""",
He,1,"=""587.5621""","=""""","=""587.564036""","=""0.000003""","=""500*""","=""5.3019e+07""",AAA,"=""[169086.84033581]""","=""[186101.54609533]""","=""1s.2p""","=""3P*""","=""1""","=""1s.3d""","=""3D""","=""2""",3,5,,"=""T8636c73""","=""L366""",
He,1,"=""""","=""""","=""587.596628""","=""0.000003""","=""100""","=""3.9282e+07""",AAA,"=""[169087.82825101]""","=""[186101.59029341]""","=""1s.2p""","=""3P*""","=""0""","=""1s.3d""","=""3D""","=""1""",1,3,,"=""T8636c73""","=""L366""",
He,2,"=""""","=""""","=""655.976872""","=""0.000003""","=""""","=""1.1504e+07""",AA,"=""(411477.1227550)""","=""(426717.352717)""","=""4p""","=""2P*""","=""1/2""","=""6d""","=""2D""","=""3/2""",2,4,,"=""T7771""","=""""",
He,2,"=""""","=""""","=""655.979395""","=""0.000003""","=""""","=""7.1341e+06""",AA,"=""(411477.1817529)""","=""(426717.3530854)""","=""4s""","=""2S""","=""1/2""","=""6p""","=""2P*""","=""3/2""",2,4,,"=""T7771""","=""""",
He,2,"=""""","=""""","=""655.985440""","=""0.000003""","=""""","=""1.9121e+06""",AA,"=""(411477.1227550)""","=""(426717.1536654)""","=""4p""","=""2P*""","=""1/2""","=""6s""","=""2S""","=""1/2""",2,2,,"=""T7771""","=""""",
He,2,"=""""","=""""","=""655.988733""","=""0.000003""","=""""","=""7.1354e+06""",AA,"=""(411477.1817529)""","=""(426717.1361554)""","=""4s""","=""2S""","=""1/2""","=""6p""","=""2P*""","=""1/2""",2,2,,"=""T7771""","=""""",
He,2,"=""""","=""""","=""656.005227""","=""0.000003""","=""""","=""1.9232e+07""",AA,"=""(411477.853680)""","=""(426717.424890)""","=""4d""","=""2D""","=""3/2""","=""6f""","=""2F*""","=""5/2""",4,6,,"=""T7771""","=""""",
He,2,"=""""","=""""","=""656.005274""","=""0.000003""","=""""","=""1.3805e+07""",AA,"=""(411477.8548989)""","=""(426717.425022)""","=""4p""","=""2P*""","=""3/2""","=""6d""","=""2D""","=""5/2""",4,6,,"=""T7771""","=""""",
He,2,"=""""","=""""","=""656.008318""","=""0.000003""","=""""","=""1.5078e+05""",AA,"=""(411477.853680)""","=""(426717.3530854)""","=""4d""","=""2D""","=""3/2""","=""6p""","=""2P*""","=""3/2""",4,4,,"=""T7771""","=""""",
He,2,"=""""","=""""","=""656.008387""","=""0.000003""","=""""","=""2.3008e+06""",AA,"=""(411477.8548989)""","=""(426717.352717)""","=""4p""","=""2P*""","=""3/2""","=""6d""","=""2D""","=""3/2""",4,4,,"=""T7771""","=""""",
He,2,"=""""","=""""","=""656.014160""","=""0.000003""","=""""","=""2.1195e+07""",AA,"=""(411478.097267)""","=""(426717.4609726)""","=""4f""","=""2F*""","=""5/2""","=""6g""","=""2G""","=""7/2""",6,8,,"=""T7771""","=""""",
He,2,"=""""","=""""","=""656.014176""","=""0.000003""","=""""","=""2.0606e+07""",AA,"=""(411478.097707)""","=""(426717.461041)""","=""4d""","=""2D""","=""5/2""","=""6f""","=""2F*""","=""7/2""",6,8,,"=""T7771""","=""""",
He,2,"=""""","=""""","=""656.015708""","=""0.000003""","=""""","=""1.6354e+04""",AA,"=""(411478.097267)""","=""(426717.425022)""","=""4f""","=""2F*""","=""5/2""","=""6d""","=""2D""","=""5/2""",6,6,,"=""T7771""","=""""",
He,2,"=""""","=""""","=""656.015732""","=""0.000003""","=""""","=""1.3737e+06""",AA,"=""(411478.097707)""","=""(426717.424890)""","=""4d""","=""2D""","=""5/2""","=""6f""","=""2F*""","=""5/2""",6,6,,"=""T7771""","=""""",
He,2,"=""""","=""""","=""656.016955""","=""0.000003""","=""""","=""3.8255e+06""",AA,"=""(411477.8548989)""","=""(426717.1536654)""","=""4p""","=""2P*""","=""3/2""","=""6s""","=""2S""","=""1/2""",4,2,,"=""T7771""","=""""",
He,2,"=""""","=""""","=""656.017657""","=""0.000003""","=""""","=""1.5085e+06""",AA,"=""(411477.853680)""","=""(426717.1361554)""","=""4d""","=""2D""","=""3/2""","=""6p""","=""2P*""","=""1/2""",4,2,,"=""T7771""","=""""",
He,2,"=""""","=""""","=""656.018478""","=""0.000003""","=""""","=""2.1979e+07""",AA,"=""(411478.219277)""","=""(426717.4826633)""","=""4f""","=""2F*""","=""7/2""","=""6g""","=""2G""","=""9/2""",8,10,,"=""T7771""","=""""",
He,2,"=""""","=""""","=""656.018820""","=""0.000003""","=""""","=""3.4351e+05""",AA,"=""(411478.097267)""","=""(426717.352717)""","=""4f""","=""2F*""","=""5/2""","=""6d""","=""2D""","=""3/2""",6,4,,"=""T7771""","=""""",
He,2,"=""""","=""""","=""656.018823""","=""0.000003""","=""""","=""1.3572e+06""",AA,"=""(411478.097707)""","=""(426717.3530854)""","=""4d""","=""2D""","=""5/2""","=""6p""","=""2P*""","=""3/2""",6,4,,"=""T7771""","=""""",
He,2,"=""""","=""""","=""656.019412""","=""0.000003""","=""""","=""7.8497e+05""",AA,"=""(411478.219277)""","=""(426717.4609726)""","=""4f""","=""2F*""","=""7/2""","=""6g""","=""2G""","=""7/2""",8,8,,"=""T7771""","=""""",
He,2,"=""""","=""""","=""656.020960""","=""0.000003""","=""""","=""3.2712e+05""",AA,"=""(411478.219277)""","=""(426717.425022)""","=""4f""","=""2F*""","=""7/2""","=""6d""","=""2D""","=""5/2""",8,6,,"=""T7771""","=""""",
He,1,"=""""","=""""","=""663.190187""","=""0.000003""","=""""","=""2.3749e+01""",AAA,"=""[171134.894441]""","=""[186209.3623329]""","=""1s.2p""","=""1P*""","=""1""","=""1s.3p""","=""1P*""","=""1""",3,3,E2,"=""T7378""","=""""",
He,1,"=""667.8151""","=""""","=""667.815174""","=""0.000003""","=""100""","=""6.3705e+07""",AAA,"=""[171134.894441]""","=""[186104.96409510]""","=""1s.2p""","=""1P*""","=""1""","=""1s.3d""","=""1D""","=""2""",3,5,,"=""T8636c73""","=""L366""",
He,1,"=""""","=""""","=""667.967687""","=""0.000003""","=""""","=""1.510e+04""",AA,"=""[171134.894441]""","=""[186101.54609533]""","=""1s.2p""","=""1P*""","=""1""","=""1s.3d""","=""3D""","=""2""",3,5,,"=""T8636c73""","=""""",
He,1,"=""706.5190""","=""""","=""706.517716""","=""0.000005""","=""200*""","=""1.5474e+07""",AAA,"=""[169086.76391031]""","=""[183236.789095]""","=""1s.2p""","=""3P*""","=""2""","=""1s.3s""","=""3S""","=""1""",5,3,,"=""T8636c73""","=""L14925c72""",
He,1,"=""706.5190""","=""""","=""706.521532""","=""0.000005""","=""200*""","=""9.2844e+06""",AAA,"=""[169086.84033581]""","=""[183236.789095]""","=""1s.2p""","=""3P*""","=""1""","=""1s.3s""","=""3S""","=""1""",3,3,,"=""T8636c73""","=""L14925c72""",
He,1,"=""706.571""","=""""","=""706.570863""","=""0.000005""","=""30""","=""3.0948e+06""",AAA,"=""[169087.82825101]""","=""[183236.789095]""","=""1s.2p""","=""3P*""","=""0""","=""1s.3s""","=""3S""","=""1""",1,3,,"=""T8636c73""","=""L366""",
He,1,"=""""","=""""","=""716.055563""","=""0.000005""","=""""","=""9.5686e+04""",AAA,"=""[183236.789095]""","=""[197198.33737542]""","=""1s.3s""","=""3S""","=""1""","=""1s.10p""","=""3P*""","=""0""",3,1,,"=""T8636c73""","=""""",
He,1,"=""""","=""""","=""716.055907""","=""0.000005""","=""""","=""9.5686e+04""",AAA,"=""[183236.789095]""","=""[197198.33066214]""","=""1s.3s""","=""3S""","=""1""","=""1s.10p""","=""3P*""","=""1""",3,3,,"=""T8636c73""","=""""",
He,1,"=""""","=""""","=""716.055935""","=""0.000005""","=""""","=""9.5686e+04""",AAA,"=""[183236.789095]""","=""[197198.33011596]""","=""1s.3s""","=""3S""","=""1""","=""1s.10p""","=""3P*""","=""2""",3,5,,"=""T8636c73""","=""""",
He,1,"=""728.1349""","=""""","=""728.135080""","=""0.000004""","=""50""","=""1.8299e+07""",AAA,"=""[171134.894441]""","=""[184864.826715]""","=""1s.2p""","=""1P*""","=""1""","=""1s.3s""","=""1S""","=""0""",3,1,,"=""T8636c73""","=""L366""",
He,1,"=""""","=""""","=""729.803204""","=""0.000005""","=""""","=""1.2913e+05""",AAA,"=""[183236.789095]""","=""[196935.33880189]""","=""1s.3s""","=""3S""","=""1""","=""1s.9p""","=""3P*""","=""0""",3,1,,"=""T8636c73""","=""""",
He,1,"=""""","=""""","=""729.803696""","=""0.000005""","=""""","=""1.2913e+05""",AAA,"=""[183236.789095]""","=""[196935.32956383]""","=""1s.3s""","=""3S""","=""1""","=""1s.9p""","=""3P*""","=""1""",3,3,,"=""T8636c73""","=""""",
He,1,"=""""","=""""","=""729.803736""","=""0.000005""","=""""","=""1.2913e+05""",AAA,"=""[183236.789095]""","=""[196935.32881198]""","=""1s.3s""","=""3S""","=""1""","=""1s.9p""","=""3P*""","=""2""",3,5,,"=""T8636c73""","=""""",
He,1,"=""""","=""""","=""749.984714""","=""0.000005""","=""""","=""1.7942e+05""",AAA,"=""[183236.789095]""","=""[196566.7234987]""","=""1s.3s""","=""3S""","=""1""","=""1s.8p""","=""3P*""","=""0""",3,1,,"=""T8636c73""","=""""",
He,1,"=""""","=""""","=""749.985457""","=""0.000005""","=""""","=""1.7942e+05""",AAA,"=""[183236.789095]""","=""[196566.7102909]""","=""1s.3s""","=""3S""","=""1""","=""1s.8p""","=""3P*""","=""1""",3,3,,"=""T8636c73""","=""""",
He,1,"=""""","=""""","=""749.985518""","=""0.000005""","=""""","=""1.7942e+05""",AAA,"=""[183236.789095]""","=""[196566.7092158]""","=""1s.3s""","=""3S""","=""1""","=""1s.8p""","=""3P*""","=""2""",3,5,,"=""T8636c73""","=""""",
He,1,"=""""","=""""","=""781.612468""","=""0.000006""","=""1*""","=""2.5748e+05""",AAA,"=""[183236.789095]""","=""[196027.3338587]""","=""1s.3s""","=""3S""","=""1""","=""1s.7p""","=""3P*""","=""0""",3,1,,"=""T8636c73""","=""L366""",
He,1,"=""""","=""""","=""781.613680""","=""0.000006""","=""1*""","=""2.5748e+05""",AAA,"=""[183236.789095]""","=""[196027.3140350]""","=""1s.3s""","=""3S""","=""1""","=""1s.7p""","=""3P*""","=""1""",3,3,,"=""T8636c73""","=""L366""",
He,1,"=""""","=""""","=""781.613778""","=""0.000006""","=""1*""","=""2.5748e+05""",AAA,"=""[183236.789095]""","=""[196027.3124205]""","=""1s.3s""","=""3S""","=""1""","=""1s.7p""","=""3P*""","=""2""",3,5,,"=""T8636c73""","=""L366""",
He,1,"=""""","=""""","=""809.411413""","=""0.000004""","=""""","=""1.3791e+05""",AAA,"=""[184864.826715]""","=""[197216.086955998]""","=""1s.3s""","=""1S""","=""0""","=""1s.10p""","=""1P*""","=""1""",1,3,,"=""T8636c73""","=""""",
He,1,"=""""","=""""","=""826.570055""","=""0.000005""","=""""","=""1.8722e+05""",AAA,"=""[184864.826715]""","=""[196959.69020989]""","=""1s.3s""","=""1S""","=""0""","=""1s.9p""","=""1P*""","=""1""",1,3,,"=""T8636c73""","=""""",
He,1,"=""""","=""""","=""836.171342""","=""0.000006""","=""2*""","=""3.8126e+05""",AAA,"=""[183236.789095]""","=""[195192.7746751]""","=""1s.3s""","=""3S""","=""1""","=""1s.6p""","=""3P*""","=""0""",3,1,,"=""T8636c73""","=""L366""",
He,1,"=""""","=""""","=""836.173561""","=""0.000006""","=""2*""","=""3.8126e+05""",AAA,"=""[183236.789095]""","=""[195192.7429528]""","=""1s.3s""","=""3S""","=""1""","=""1s.6p""","=""3P*""","=""1""",3,3,,"=""T8636c73""","=""L366""",
He,1,"=""""","=""""","=""836.173742""","=""0.000006""","=""2*""","=""3.8126e+05""",AAA,"=""[183236.789095]""","=""[195192.7403680]""","=""1s.3s""","=""3S""","=""1""","=""1s.6p""","=""3P*""","=""2""",3,5,,"=""T8636c73""","=""L366""",
He,1,"=""""","=""""","=""851.803597""","=""0.000005""","=""""","=""2.6252e+05""",AAA,"=""[184864.826715]""","=""[196601.39764087]""","=""1s.3s""","=""1S""","=""0""","=""1s.8p""","=""1P*""","=""1""",1,3,,"=""T8636c73""","=""""",
He,1,"=""""","=""""","=""858.261165""","=""0.000004""","=""""","=""1.1647e+04""",AAA,"=""[185564.55932651]""","=""[197212.824517451]""","=""1s.3p""","=""3P*""","=""2""","=""1s.10d""","=""3D""","=""1""",5,3,,"=""T8636c73""","=""""",
He,1,"=""""","=""""","=""858.261252""","=""0.000004""","=""""","=""1.0481e+05""",AAA,"=""[185564.55932651]""","=""[197212.823339109]""","=""1s.3p""","=""3P*""","=""2""","=""1s.10d""","=""3D""","=""2""",5,5,,"=""T8636c73""","=""""",
He,1,"=""""","=""""","=""858.261258""","=""0.000004""","=""""","=""4.1928e+05""",AAA,"=""[185564.55932651]""","=""[197212.823255258]""","=""1s.3p""","=""3P*""","=""2""","=""1s.10d""","=""3D""","=""3""",5,7,,"=""T8636c73""","=""""",
He,1,"=""""","=""""","=""858.262785""","=""0.000004""","=""""","=""1.7470e+05""",AAA,"=""[185564.5813147]""","=""[197212.824517451]""","=""1s.3p""","=""3P*""","=""1""","=""1s.10d""","=""3D""","=""1""",3,3,,"=""T8636c73""","=""""",
He,1,"=""""","=""""","=""858.262872""","=""0.000004""","=""""","=""3.1444e+05""",AAA,"=""[185564.5813147]""","=""[197212.823339109]""","=""1s.3p""","=""3P*""","=""1""","=""1s.10d""","=""3D""","=""2""",3,5,,"=""T8636c73""","=""""",
He,1,"=""""","=""""","=""858.282731""","=""0.000004""","=""""","=""2.3293e+05""",AAA,"=""[185564.8520073]""","=""[197212.824517451]""","=""1s.3p""","=""3P*""","=""0""","=""1s.10d""","=""3D""","=""1""",1,3,,"=""T8636c73""","=""""",
He,1,"=""""","=""""","=""863.270670""","=""0.000004""","=""""","=""1.5262e+05""",AAA,"=""[185564.55932651]""","=""[197145.2306518]""","=""1s.3p""","=""3P*""","=""2""","=""1s.10s""","=""3S""","=""1""",5,3,,"=""T8636c73""","=""""",
He,1,"=""""","=""""","=""863.272309""","=""0.000004""","=""""","=""9.1570e+04""",AAA,"=""[185564.5813147]""","=""[197145.2306518]""","=""1s.3p""","=""3P*""","=""1""","=""1s.10s""","=""3S""","=""1""",3,3,,"=""T8636c73""","=""""",
He,1,"=""""","=""""","=""863.292489""","=""0.000004""","=""""","=""3.0523e+04""",AAA,"=""[185564.8520073]""","=""[197145.2306518]""","=""1s.3p""","=""3P*""","=""0""","=""1s.10s""","=""3S""","=""1""",1,3,,"=""T8636c73""","=""""",
He,1,"=""""","=""""","=""877.670743""","=""0.000004""","=""""","=""1.6044e+04""",AAA,"=""[185564.55932651]""","=""[196955.225652215]""","=""1s.3p""","=""3P*""","=""2""","=""1s.9d""","=""3D""","=""1""",5,3,,"=""T8636c73""","=""""",
He,1,"=""""","=""""","=""877.670868""","=""0.000004""","=""""","=""1.4439e+05""",AAA,"=""[185564.55932651]""","=""[196955.224035287]""","=""1s.3p""","=""3P*""","=""2""","=""1s.9d""","=""3D""","=""2""",5,5,,"=""T8636c73""","=""""",
He,1,"=""""","=""""","=""877.670877""","=""0.000004""","=""""","=""5.7759e+05""",AAA,"=""[185564.55932651]""","=""[196955.223920571]""","=""1s.3p""","=""3P*""","=""2""","=""1s.9d""","=""3D""","=""3""",5,7,,"=""T8636c73""","=""""",
He,1,"=""""","=""""","=""877.672438""","=""0.000004""","=""""","=""2.4066e+05""",AAA,"=""[185564.5813147]""","=""[196955.225652215]""","=""1s.3p""","=""3P*""","=""1""","=""1s.9d""","=""3D""","=""1""",3,3,,"=""T8636c73""","=""""",
He,1,"=""""","=""""","=""877.672562""","=""0.000004""","=""""","=""4.3316e+05""",AAA,"=""[185564.5813147]""","=""[196955.224035287]""","=""1s.3p""","=""3P*""","=""1""","=""1s.9d""","=""3D""","=""2""",3,5,,"=""T8636c73""","=""""",
He,1,"=""""","=""""","=""877.693296""","=""0.000004""","=""""","=""3.2088e+05""",AAA,"=""[185564.8520073]""","=""[196955.225652215]""","=""1s.3p""","=""3P*""","=""0""","=""1s.9d""","=""3D""","=""1""",1,3,,"=""T8636c73""","=""""",
He,1,"=""""","=""""","=""884.914443""","=""0.000004""","=""""","=""2.1321e+05""",AAA,"=""[185564.55932651]""","=""[196861.9847334]""","=""1s.3p""","=""3P*""","=""2""","=""1s.9s""","=""3S""","=""1""",5,3,,"=""T8636c73""","=""""",
He,1,"=""""","=""""","=""884.916165""","=""0.000004""","=""""","=""1.2792e+05""",AAA,"=""[185564.5813147]""","=""[196861.9847334]""","=""1s.3p""","=""3P*""","=""1""","=""1s.9s""","=""3S""","=""1""",3,3,,"=""T8636c73""","=""""",
He,1,"=""""","=""""","=""884.937369""","=""0.000004""","=""""","=""4.2641e+04""",AAA,"=""[185564.8520073]""","=""[196861.9847334]""","=""1s.3p""","=""3P*""","=""0""","=""1s.9s""","=""3S""","=""1""",1,3,,"=""T8636c73""","=""""",
He,1,"=""""","=""""","=""886.366125""","=""0.000004""","=""""","=""1.442e+00""",AA,"=""[159855.971776]""","=""[171134.894441]""","=""1s.2s""","=""3S""","=""1""","=""1s.2p""","=""1P*""","=""1""",3,3,,"=""T8636c73""","=""""",
He,1,"=""""","=""""","=""891.477170""","=""0.000005""","=""""","=""3.8260e+05""",AAA,"=""[184864.826715]""","=""[196079.08496364]""","=""1s.3s""","=""1S""","=""0""","=""1s.7p""","=""1P*""","=""1""",1,3,,"=""T8636c73""","=""""",
He,1,"=""""","=""""","=""899.696608""","=""0.000004""","=""""","=""8.857e+03""",AA,"=""[186101.54358476]""","=""[197213.351136821]""","=""1s.3d""","=""3D""","=""3""","=""1s.10f""","=""1F*""","=""3""",7,7,,"=""T8636c73""","=""""",
He,1,"=""""","=""""","=""899.696681""","=""0.000004""","=""""","=""1.6007e+03""",AAA,"=""[186101.54358476]""","=""[197213.350237182]""","=""1s.3d""","=""3D""","=""3""","=""1s.10f""","=""3F*""","=""2""",7,5,,"=""T8636c73""","=""""",
He,1,"=""""","=""""","=""899.696725""","=""0.000004""","=""""","=""3.6017e+05""",AAA,"=""[186101.54358476]""","=""[197213.349686315]""","=""1s.3d""","=""3D""","=""3""","=""1s.10f""","=""3F*""","=""4""",7,9,,"=""T8636c73""","=""""",
He,1,"=""""","=""""","=""899.696749""","=""0.000004""","=""""","=""3.1161e+04""",AAA,"=""[186101.54358476]""","=""[197213.349392262]""","=""1s.3d""","=""3D""","=""3""","=""1s.10f""","=""3F*""","=""3""",7,7,,"=""T8636c73""","=""""",
He,1,"=""""","=""""","=""899.696811""","=""0.000004""","=""""","=""6.651e+04""",AA,"=""[186101.54609533]""","=""[197213.351136821]""","=""1s.3d""","=""3D""","=""2""","=""1s.10f""","=""1F*""","=""3""",5,7,,"=""T8636c73""","=""""",
He,1,"=""""","=""""","=""899.696884""","=""0.000004""","=""""","=""5.6012e+04""",AAA,"=""[186101.54609533]""","=""[197213.350237182]""","=""1s.3d""","=""3D""","=""2""","=""1s.10f""","=""3F*""","=""2""",5,5,,"=""T8636c73""","=""""",
He,1,"=""""","=""""","=""899.696952""","=""0.000004""","=""""","=""2.5364e+05""",AAA,"=""[186101.54609533]""","=""[197213.349392262]""","=""1s.3d""","=""3D""","=""2""","=""1s.10f""","=""3F*""","=""3""",5,7,,"=""T8636c73""","=""""",
He,1,"=""""","=""""","=""899.700463""","=""0.000004""","=""""","=""3.0254e+05""",AAA,"=""[186101.59029341]""","=""[197213.350237182]""","=""1s.3d""","=""3D""","=""1""","=""1s.10f""","=""3F*""","=""2""",3,5,,"=""T8636c73""","=""""",
He,1,"=""""","=""""","=""899.752049""","=""0.000004""","=""""","=""1.2389e+04""",AAA,"=""[186104.96409510]""","=""[197216.086955998]""","=""1s.3d""","=""1D""","=""2""","=""1s.10p""","=""1P*""","=""1""",5,3,,"=""T8636c73""","=""""",
He,1,"=""""","=""""","=""899.973645""","=""0.000005""","=""""","=""2.8406e+05""",AAA,"=""[186104.96409510]""","=""[197213.351136821]""","=""1s.3d""","=""1D""","=""2""","=""1s.10f""","=""1F*""","=""3""",5,7,,"=""T8636c73""","=""""",
He,1,"=""""","=""""","=""899.973786""","=""0.000005""","=""""","=""7.516e+04""",AA,"=""[186104.96409510]""","=""[197213.349392262]""","=""1s.3d""","=""1D""","=""2""","=""1s.10f""","=""3F*""","=""3""",5,7,,"=""T8636c73""","=""""",
He,1,"=""""","=""""","=""900.914475""","=""0.000005""","=""""","=""2.2323e+04""",AAA,"=""[186101.54358476]""","=""[197198.33011596]""","=""1s.3d""","=""3D""","=""3""","=""1s.10p""","=""3P*""","=""2""",7,5,,"=""T8636c73""","=""""",
He,1,"=""""","=""""","=""900.914635""","=""0.000005""","=""""","=""1.9927e+04""",AAA,"=""[186101.54609533]""","=""[197198.33066214]""","=""1s.3d""","=""3D""","=""2""","=""1s.10p""","=""3P*""","=""1""",5,3,,"=""T8636c73""","=""""",
He,1,"=""""","=""""","=""900.914679""","=""0.000005""","=""""","=""3.9853e+03""",AAA,"=""[186101.54609533]""","=""[197198.33011596]""","=""1s.3d""","=""3D""","=""2""","=""1s.10p""","=""3P*""","=""2""",5,5,,"=""T8636c73""","=""""",
He,1,"=""""","=""""","=""900.917678""","=""0.000005""","=""""","=""2.6575e+04""",AAA,"=""[186101.59029341]""","=""[197198.33737542]""","=""1s.3d""","=""3D""","=""1""","=""1s.10p""","=""3P*""","=""0""",3,1,,"=""T8636c73""","=""""",
He,1,"=""""","=""""","=""900.918223""","=""0.000005""","=""""","=""6.6439e+03""",AAA,"=""[186101.59029341]""","=""[197198.33066214]""","=""1s.3d""","=""3D""","=""1""","=""1s.10p""","=""3P*""","=""1""",3,3,,"=""T8636c73""","=""""",
He,1,"=""""","=""""","=""900.918267""","=""0.000005""","=""""","=""2.6575e+02""",AAA,"=""[186101.59029341]""","=""[197198.33011596]""","=""1s.3d""","=""3D""","=""1""","=""1s.10p""","=""3P*""","=""2""",3,5,,"=""T8636c73""","=""""",
He,1,"=""""","=""""","=""906.328214""","=""0.000005""","=""2*""","=""2.2973e+04""",AAA,"=""[185564.55932651]""","=""[196595.062062489]""","=""1s.3p""","=""3P*""","=""2""","=""1s.8d""","=""3D""","=""1""",5,3,,"=""T8636c73""","=""L366""",
He,1,"=""""","=""""","=""906.328403""","=""0.000005""","=""2*""","=""2.0674e+05""",AAA,"=""[185564.55932651]""","=""[196595.059759543]""","=""1s.3p""","=""3P*""","=""2""","=""1s.8d""","=""3D""","=""2""",5,5,,"=""T8636c73""","=""L366""",
He,1,"=""""","=""""","=""906.328417""","=""0.000005""","=""2*""","=""8.2704e+05""",AAA,"=""[185564.55932651]""","=""[196595.059597060]""","=""1s.3p""","=""3P*""","=""2""","=""1s.8d""","=""3D""","=""3""",5,7,,"=""T8636c73""","=""L366""",
He,1,"=""""","=""""","=""906.330021""","=""0.000005""","=""2*""","=""3.4460e+05""",AAA,"=""[185564.5813147]""","=""[196595.062062489]""","=""1s.3p""","=""3P*""","=""1""","=""1s.8d""","=""3D""","=""1""",3,3,,"=""T8636c73""","=""L366""",
He,1,"=""""","=""""","=""906.330210""","=""0.000005""","=""2*""","=""6.2023e+05""",AAA,"=""[185564.5813147]""","=""[196595.059759543]""","=""1s.3p""","=""3P*""","=""1""","=""1s.8d""","=""3D""","=""2""",3,5,,"=""T8636c73""","=""L366""",
He,1,"=""""","=""""","=""906.352263""","=""0.000005""","=""""","=""4.5947e+05""",AAA,"=""[185564.8520073]""","=""[196595.062062489]""","=""1s.3p""","=""3P*""","=""0""","=""1s.8d""","=""3D""","=""1""",1,3,,"=""T8636c73""","=""""",
He,1,"=""""","=""""","=""908.542077""","=""0.000005""","=""""","=""3.6807e+05""",AAA,"=""[186209.3623329]""","=""[197212.986924548]""","=""1s.3p""","=""1P*""","=""1""","=""1s.10d""","=""1D""","=""2""",3,5,,"=""T8636c73""","=""""",
He,1,"=""""","=""""","=""911.102599""","=""0.000005""","=""""","=""2.2000e+05""",AAA,"=""[186209.3623329]""","=""[197182.0629406]""","=""1s.3p""","=""1P*""","=""1""","=""1s.10s""","=""1S""","=""0""",3,1,,"=""T8636c73""","=""""",
He,1,"=""""","=""""","=""917.448830""","=""0.000005""","=""""","=""3.1109e+05""",AAA,"=""[185564.55932651]""","=""[196461.3592043]""","=""1s.3p""","=""3P*""","=""2""","=""1s.8s""","=""3S""","=""1""",5,3,,"=""T8636c73""","=""""",
He,1,"=""""","=""""","=""917.450682""","=""0.000005""","=""""","=""1.8665e+05""",AAA,"=""[185564.5813147]""","=""[196461.3592043]""","=""1s.3p""","=""3P*""","=""1""","=""1s.8s""","=""3S""","=""1""",3,3,,"=""T8636c73""","=""""",
He,1,"=""""","=""""","=""917.473473""","=""0.000005""","=""""","=""6.2217e+04""",AAA,"=""[185564.8520073]""","=""[196461.3592043]""","=""1s.3p""","=""3P*""","=""0""","=""1s.8s""","=""3S""","=""1""",1,3,,"=""T8636c73""","=""""",
He,1,"=""""","=""""","=""921.004947""","=""0.000005""","=""""","=""1.7331e+04""",AAA,"=""[186104.96409510]""","=""[196959.69020989]""","=""1s.3d""","=""1D""","=""2""","=""1s.9p""","=""1P*""","=""1""",5,3,,"=""T8636c73""","=""""",
He,1,"=""""","=""""","=""921.032516""","=""0.000005""","=""""","=""1.289e+04""",AA,"=""[186101.54358476]""","=""[196955.944780980]""","=""1s.3d""","=""3D""","=""3""","=""1s.9f""","=""1F*""","=""3""",7,7,,"=""T8636c73""","=""""",
He,1,"=""""","=""""","=""921.032729""","=""0.000005""","=""""","=""9.691e+04""",AA,"=""[186101.54609533]""","=""[196955.944780980]""","=""1s.3d""","=""3D""","=""2""","=""1s.9f""","=""1F*""","=""3""",5,7,,"=""T8636c73""","=""""",
He,1,"=""921.0337""","=""""","=""921.032618""","=""0.000005""","=""2*""","=""2.2685e+03""",AAA,"=""[186101.54358476]""","=""[196955.943578608]""","=""1s.3d""","=""3D""","=""3""","=""1s.9f""","=""3F*""","=""2""",7,5,,"=""T8636c73""","=""L551""",
He,1,"=""921.0337""","=""""","=""921.032682""","=""0.000005""","=""2*""","=""5.1041e+05""",AAA,"=""[186101.54358476]""","=""[196955.942822912]""","=""1s.3d""","=""3D""","=""3""","=""1s.9f""","=""3F*""","=""4""",7,9,,"=""T8636c73""","=""L551""",
He,1,"=""921.0337""","=""""","=""921.032717""","=""0.000005""","=""2*""","=""4.3822e+04""",AAA,"=""[186101.54358476]""","=""[196955.942410380]""","=""1s.3d""","=""3D""","=""3""","=""1s.9f""","=""3F*""","=""3""",7,7,,"=""T8636c73""","=""L551""",
He,1,"=""921.0337""","=""""","=""921.032831""","=""0.000005""","=""2*""","=""7.9378e+04""",AAA,"=""[186101.54609533]""","=""[196955.943578608]""","=""1s.3d""","=""3D""","=""2""","=""1s.9f""","=""3F*""","=""2""",5,5,,"=""T8636c73""","=""L551""",
He,1,"=""921.0337""","=""""","=""921.032931""","=""0.000005""","=""2*""","=""3.5681e+05""",AAA,"=""[186101.54609533]""","=""[196955.942410380]""","=""1s.3d""","=""3D""","=""2""","=""1s.9f""","=""3F*""","=""3""",5,7,,"=""T8636c73""","=""L551""",
He,1,"=""921.0337""","=""""","=""921.036582""","=""0.000005""","=""2*""","=""4.2875e+05""",AAA,"=""[186101.59029341]""","=""[196955.943578608]""","=""1s.3d""","=""3D""","=""1""","=""1s.9f""","=""3F*""","=""2""",3,5,,"=""T8636c73""","=""L551""",
He,1,"=""""","=""""","=""921.322851""","=""0.000005""","=""""","=""3.9961e+05""",AAA,"=""[186104.96409510]""","=""[196955.944780980]""","=""1s.3d""","=""1D""","=""2""","=""1s.9f""","=""1F*""","=""3""",5,7,,"=""T8636c73""","=""""",
He,1,"=""""","=""""","=""921.323052""","=""0.000005""","=""""","=""1.095e+05""",AA,"=""[186104.96409510]""","=""[196955.942410380]""","=""1s.3d""","=""1D""","=""2""","=""1s.9f""","=""3F*""","=""3""",5,7,,"=""T8636c73""","=""""",
He,1,"=""""","=""""","=""922.785186""","=""0.000005""","=""""","=""3.1223e+04""",AAA,"=""[186101.54358476]""","=""[196935.32881198]""","=""1s.3d""","=""3D""","=""3""","=""1s.9p""","=""3P*""","=""2""",7,5,,"=""T8636c73""","=""""",
He,1,"=""""","=""""","=""922.785336""","=""0.000005""","=""""","=""2.7871e+04""",AAA,"=""[186101.54609533]""","=""[196935.32956383]""","=""1s.3d""","=""3D""","=""2""","=""1s.9p""","=""3P*""","=""1""",5,3,,"=""T8636c73""","=""""",
He,1,"=""""","=""""","=""922.785400""","=""0.000005""","=""""","=""5.5742e+03""",AAA,"=""[186101.54609533]""","=""[196935.32881198]""","=""1s.3d""","=""3D""","=""2""","=""1s.9p""","=""3P*""","=""2""",5,5,,"=""T8636c73""","=""""",
He,1,"=""""","=""""","=""922.788314""","=""0.000005""","=""""","=""3.7170e+04""",AAA,"=""[186101.59029341]""","=""[196935.33880189]""","=""1s.3d""","=""3D""","=""1""","=""1s.9p""","=""3P*""","=""0""",3,1,,"=""T8636c73""","=""""",
He,1,"=""""","=""""","=""922.789101""","=""0.000005""","=""""","=""9.2925e+03""",AAA,"=""[186101.59029341]""","=""[196935.32956383]""","=""1s.3d""","=""3D""","=""1""","=""1s.9p""","=""3P*""","=""1""",3,3,,"=""T8636c73""","=""""",
He,1,"=""""","=""""","=""922.789165""","=""0.000005""","=""""","=""3.7170e+02""",AAA,"=""[186101.59029341]""","=""[196935.32881198]""","=""1s.3d""","=""3D""","=""1""","=""1s.9p""","=""3P*""","=""2""",3,5,,"=""T8636c73""","=""""",
He,1,"=""""","=""""","=""930.316289""","=""0.000005""","=""""","=""5.1030e+05""",AAA,"=""[186209.3623329]""","=""[196955.446144507]""","=""1s.3p""","=""1P*""","=""1""","=""1s.9d""","=""1D""","=""2""",3,5,,"=""T8636c73""","=""""",
He,1,"=""""","=""""","=""934.014266""","=""0.000005""","=""""","=""3.0562e+05""",AAA,"=""[186209.3623329]""","=""[196912.9000793]""","=""1s.3p""","=""1P*""","=""1""","=""1s.9s""","=""1S""","=""0""",3,1,,"=""T8636c73""","=""""",
He,1,"=""""","=""""","=""946.353679""","=""0.000008""","=""10*""","=""5.6868e+05""",AAA,"=""[183236.789095]""","=""[193800.7649571]""","=""1s.3s""","=""3S""","=""1""","=""1s.5p""","=""3P*""","=""0""",3,1,,"=""T8636c73""","=""L366""",
He,1,"=""""","=""""","=""946.358646""","=""0.000008""","=""10*""","=""5.6868e+05""",AAA,"=""[183236.789095]""","=""[193800.7095104]""","=""1s.3s""","=""3S""","=""1""","=""1s.5p""","=""3P*""","=""1""",3,3,,"=""T8636c73""","=""L366""",
He,1,"=""""","=""""","=""946.359051""","=""0.000008""","=""10*""","=""5.6868e+05""",AAA,"=""[183236.789095]""","=""[193800.7049900]""","=""1s.3s""","=""3S""","=""1""","=""1s.5p""","=""3P*""","=""2""",3,5,,"=""T8636c73""","=""L366""",
He,1,"=""""","=""""","=""951.656220""","=""0.000005""","=""4*""","=""3.4553e+04""",AAA,"=""[185564.55932651]""","=""[196069.673884275]""","=""1s.3p""","=""3P*""","=""2""","=""1s.7d""","=""3D""","=""1""",5,3,,"=""T8636c73""","=""L366""",
He,1,"=""""","=""""","=""951.656532""","=""0.000005""","=""4*""","=""3.1095e+05""",AAA,"=""[185564.55932651]""","=""[196069.670444809]""","=""1s.3p""","=""3P*""","=""2""","=""1s.7d""","=""3D""","=""2""",5,5,,"=""T8636c73""","=""L366""",
He,1,"=""""","=""""","=""951.656554""","=""0.000005""","=""4*""","=""1.2439e+06""",AAA,"=""[185564.55932651]""","=""[196069.670203959]""","=""1s.3p""","=""3P*""","=""2""","=""1s.7d""","=""3D""","=""3""",5,7,,"=""T8636c73""","=""L366""",
He,1,"=""""","=""""","=""951.658212""","=""0.000005""","=""4*""","=""5.1829e+05""",AAA,"=""[185564.5813147]""","=""[196069.673884275]""","=""1s.3p""","=""3P*""","=""1""","=""1s.7d""","=""3D""","=""1""",3,3,,"=""T8636c73""","=""L366""",
He,1,"=""""","=""""","=""951.658524""","=""0.000005""","=""4*""","=""9.3285e+05""",AAA,"=""[185564.5813147]""","=""[196069.670444809]""","=""1s.3p""","=""3P*""","=""1""","=""1s.7d""","=""3D""","=""2""",3,5,,"=""T8636c73""","=""L366""",
He,1,"=""""","=""""","=""951.682735""","=""0.000005""","=""1""","=""6.9105e+05""",AAA,"=""[185564.8520073]""","=""[196069.673884275]""","=""1s.3p""","=""3P*""","=""0""","=""1s.7d""","=""3D""","=""1""",1,3,,"=""T8636c73""","=""L366""",
He,1,"=""""","=""""","=""952.443284""","=""0.000005""","=""""","=""2.5364e+04""",AAA,"=""[186104.96409510]""","=""[196601.39764087]""","=""1s.3d""","=""1D""","=""2""","=""1s.8p""","=""1P*""","=""1""",5,3,,"=""T8636c73""","=""""",
He,1,"=""""","=""""","=""952.615508""","=""0.000005""","=""""","=""1.994e+04""",AA,"=""[186101.54358476]""","=""[196596.079486447]""","=""1s.3d""","=""3D""","=""3""","=""1s.8f""","=""1F*""","=""3""",7,7,,"=""T8636c73""","=""""",
He,1,"=""""","=""""","=""952.615736""","=""0.000005""","=""""","=""1.502e+05""",AA,"=""[186101.54609533]""","=""[196596.079486447]""","=""1s.3d""","=""3D""","=""2""","=""1s.8f""","=""1F*""","=""3""",5,7,,"=""T8636c73""","=""""",
He,1,"=""952.617""","=""""","=""952.615658""","=""0.000005""","=""3*""","=""3.3834e+03""",AAA,"=""[186101.54358476]""","=""[196596.077835935]""","=""1s.3d""","=""3D""","=""3""","=""1s.8f""","=""3F*""","=""2""",7,5,,"=""T8636c73""","=""L8200""",
He,1,"=""952.617""","=""""","=""952.615755""","=""0.000005""","=""3*""","=""7.6127e+05""",AAA,"=""[186101.54358476]""","=""[196596.076759854]""","=""1s.3d""","=""3D""","=""3""","=""1s.8f""","=""3F*""","=""4""",7,9,,"=""T8636c73""","=""L8200""",
He,1,"=""952.617""","=""""","=""952.615810""","=""0.000005""","=""3*""","=""6.4641e+04""",AAA,"=""[186101.54358476]""","=""[196596.076153965]""","=""1s.3d""","=""3D""","=""3""","=""1s.8f""","=""3F*""","=""3""",7,7,,"=""T8636c73""","=""L8200""",
He,1,"=""952.617""","=""""","=""952.615885""","=""0.000005""","=""3*""","=""1.1839e+05""",AAA,"=""[186101.54609533]""","=""[196596.077835935]""","=""1s.3d""","=""3D""","=""2""","=""1s.8f""","=""3F*""","=""2""",5,5,,"=""T8636c73""","=""L8200""",
He,1,"=""952.617""","=""""","=""952.616038""","=""0.000005""","=""3*""","=""5.2655e+05""",AAA,"=""[186101.54609533]""","=""[196596.076153965]""","=""1s.3d""","=""3D""","=""2""","=""1s.8f""","=""3F*""","=""3""",5,7,,"=""T8636c73""","=""L8200""",
He,1,"=""952.617""","=""""","=""952.619897""","=""0.000005""","=""3*""","=""6.3946e+05""",AAA,"=""[186101.59029341]""","=""[196596.077835935]""","=""1s.3d""","=""3D""","=""1""","=""1s.8f""","=""3F*""","=""2""",3,5,,"=""T8636c73""","=""L8200""",
He,1,"=""""","=""""","=""952.926401""","=""0.000005""","=""""","=""1.697e+05""",AA,"=""[186104.96409510]""","=""[196596.076153965]""","=""1s.3d""","=""1D""","=""2""","=""1s.8f""","=""3F*""","=""3""",5,7,,"=""T8636c73""","=""""",
He,1,"=""952.927""","=""""","=""952.926098""","=""0.000005""","=""1""","=""5.8976e+05""",AAA,"=""[186104.96409510]""","=""[196596.079486447]""","=""1s.3d""","=""1D""","=""2""","=""1s.8f""","=""1F*""","=""3""",5,7,,"=""T8636c73""","=""L366""",
He,1,"=""""","=""""","=""955.289013""","=""0.000005""","=""""","=""4.5676e+04""",AAA,"=""[186101.54358476]""","=""[196566.7092158]""","=""1s.3d""","=""3D""","=""3""","=""1s.8p""","=""3P*""","=""2""",7,5,,"=""T8636c73""","=""""",
He,1,"=""""","=""""","=""955.289144""","=""0.000005""","=""""","=""4.0772e+04""",AAA,"=""[186101.54609533]""","=""[196566.7102909]""","=""1s.3d""","=""3D""","=""2""","=""1s.8p""","=""3P*""","=""1""",5,3,,"=""T8636c73""","=""""",
He,1,"=""""","=""""","=""955.289242""","=""0.000005""","=""""","=""8.1544e+03""",AAA,"=""[186101.54609533]""","=""[196566.7092158]""","=""1s.3d""","=""3D""","=""2""","=""1s.8p""","=""3P*""","=""2""",5,5,,"=""T8636c73""","=""""",
He,1,"=""""","=""""","=""955.291973""","=""0.000005""","=""""","=""5.4376e+04""",AAA,"=""[186101.59029341]""","=""[196566.7234987]""","=""1s.3d""","=""3D""","=""1""","=""1s.8p""","=""3P*""","=""0""",3,1,,"=""T8636c73""","=""""",
He,1,"=""""","=""""","=""955.293178""","=""0.000005""","=""""","=""1.3594e+04""",AAA,"=""[186101.59029341]""","=""[196566.7102909]""","=""1s.3d""","=""3D""","=""1""","=""1s.8p""","=""3P*""","=""1""",3,3,,"=""T8636c73""","=""""",
He,1,"=""""","=""""","=""955.293276""","=""0.000005""","=""""","=""5.4376e+02""",AAA,"=""[186101.59029341]""","=""[196566.7092158]""","=""1s.3d""","=""3D""","=""1""","=""1s.8p""","=""3P*""","=""2""",3,5,,"=""T8636c73""","=""""",
He,1,"=""""","=""""","=""960.344084""","=""0.000006""","=""1""","=""5.8286e+05""",AAA,"=""[184864.826715]""","=""[195274.90585994]""","=""1s.3s""","=""1S""","=""0""","=""1s.6p""","=""1P*""","=""1""",1,3,,"=""T8636c73""","=""L366""",
He,1,"=""""","=""""","=""961.650108""","=""0.000006""","=""""","=""1.26e+00""",A,"=""[184864.826715]""","=""[195260.76790341]""","=""1s.3s""","=""1S""","=""0""","=""1s.6d""","=""1D""","=""2""",1,5,E2,"=""T7378""","=""""",
He,1,"=""""","=""""","=""962.569731""","=""0.000005""","=""""","=""7.3744e+05""",AAA,"=""[186209.3623329]""","=""[196595.371446820]""","=""1s.3p""","=""1P*""","=""1""","=""1s.8d""","=""1D""","=""2""",3,5,,"=""T8636c73""","=""""",
He,1,"=""""","=""""","=""968.238771""","=""0.000005""","=""""","=""4.4271e+05""",AAA,"=""[186209.3623329]""","=""[196534.5615465]""","=""1s.3p""","=""1P*""","=""1""","=""1s.8s""","=""1S""","=""0""",3,1,,"=""T8636c73""","=""""",
He,1,"=""""","=""""","=""970.261409""","=""0.000005""","=""3*""","=""4.8062e+05""",AAA,"=""[185564.55932651]""","=""[195868.2343699]""","=""1s.3p""","=""3P*""","=""2""","=""1s.7s""","=""3S""","=""1""",5,3,,"=""T8636c73""","=""L366""",
He,1,"=""""","=""""","=""970.263480""","=""0.000005""","=""3*""","=""2.8837e+05""",AAA,"=""[185564.5813147]""","=""[195868.2343699]""","=""1s.3p""","=""3P*""","=""1""","=""1s.7s""","=""3S""","=""1""",3,3,,"=""T8636c73""","=""L366""",
He,1,"=""""","=""""","=""970.288971""","=""0.000005""","=""""","=""9.6124e+04""",AAA,"=""[185564.8520073]""","=""[195868.2343699]""","=""1s.3p""","=""3P*""","=""0""","=""1s.7s""","=""3S""","=""1""",1,3,,"=""T8636c73""","=""""",
He,1,"=""""","=""""","=""1002.319847""","=""0.000005""","=""""","=""3.9418e+04""",AAA,"=""[186104.96409510]""","=""[196079.08496364]""","=""1s.3d""","=""1D""","=""2""","=""1s.7p""","=""1P*""","=""1""",5,3,,"=""T8636c73""","=""""",
He,1,"=""""","=""""","=""1002.770858""","=""0.000005""","=""""","=""3.363e+04""",AA,"=""[186101.54358476]""","=""[196071.178458823]""","=""1s.3d""","=""3D""","=""3""","=""1s.7f""","=""1F*""","=""3""",7,7,,"=""T8636c73""","=""""",
He,1,"=""""","=""""","=""1002.771111""","=""0.000005""","=""""","=""2.537e+05""",AA,"=""[186101.54609533]""","=""[196071.178458823]""","=""1s.3d""","=""3D""","=""2""","=""1s.7f""","=""1F*""","=""3""",5,7,,"=""T8636c73""","=""""",
He,1,"=""1002.773""","=""""","=""1002.771093""","=""0.000005""","=""6*""","=""5.4147e+03""",AAA,"=""[186101.54358476]""","=""[196071.176123831]""","=""1s.3d""","=""3D""","=""3""","=""1s.7f""","=""3F*""","=""2""",7,5,,"=""T8636c73""","=""L8200""",
He,1,"=""1002.773""","=""""","=""1002.771255""","=""0.000005""","=""6*""","=""1.2183e+06""",AAA,"=""[186101.54358476]""","=""[196071.174517346]""","=""1s.3d""","=""3D""","=""3""","=""1s.7f""","=""3F*""","=""4""",7,9,,"=""T8636c73""","=""L8200""",
He,1,"=""1002.773""","=""""","=""1002.771346""","=""0.000005""","=""6*""","=""1.8947e+05""",AAA,"=""[186101.54609533]""","=""[196071.176123831]""","=""1s.3d""","=""3D""","=""2""","=""1s.7f""","=""3F*""","=""2""",5,5,,"=""T8636c73""","=""L8200""",
He,1,"=""1002.773""","=""""","=""1002.771350""","=""0.000005""","=""6*""","=""1.0174e+05""",AAA,"=""[186101.54358476]""","=""[196071.173571829]""","=""1s.3d""","=""3D""","=""3""","=""1s.7f""","=""3F*""","=""3""",7,7,,"=""T8636c73""","=""L8200""",
He,1,"=""1002.773""","=""""","=""1002.771603""","=""0.000005""","=""6*""","=""8.2928e+05""",AAA,"=""[186101.54609533]""","=""[196071.173571829]""","=""1s.3d""","=""3D""","=""2""","=""1s.7f""","=""3F*""","=""3""",5,7,,"=""T8636c73""","=""L8200""",
He,1,"=""1002.773""","=""""","=""1002.775791""","=""0.000005""","=""6*""","=""1.0234e+06""",AAA,"=""[186101.59029341]""","=""[196071.176123831]""","=""1s.3d""","=""3D""","=""1""","=""1s.7f""","=""3F*""","=""2""",3,5,,"=""T8636c73""","=""L8200""",
He,1,"=""""","=""""","=""1003.115513""","=""0.000005""","=""""","=""2.866e+05""",AA,"=""[186104.96409510]""","=""[196071.173571829]""","=""1s.3d""","=""1D""","=""2""","=""1s.7f""","=""3F*""","=""3""",5,7,,"=""T8636c73""","=""""",
He,1,"=""1003.116""","=""""","=""1003.115021""","=""0.000005""","=""2""","=""9.2892e+05""",AAA,"=""[186104.96409510]""","=""[196071.178458823]""","=""1s.3d""","=""1D""","=""2""","=""1s.7f""","=""1F*""","=""3""",5,7,,"=""T8636c73""","=""L8200""",
He,1,"=""""","=""""","=""1007.202527""","=""0.000005""","=""""","=""7.0927e+04""",AAA,"=""[186101.54358476]""","=""[196027.3124205]""","=""1s.3d""","=""3D""","=""3""","=""1s.7p""","=""3P*""","=""2""",7,5,,"=""T8636c73""","=""""",
He,1,"=""""","=""""","=""1007.202618""","=""0.000005""","=""""","=""6.3312e+04""",AAA,"=""[186101.54609533]""","=""[196027.3140350]""","=""1s.3d""","=""3D""","=""2""","=""1s.7p""","=""3P*""","=""1""",5,3,,"=""T8636c73""","=""""",
He,1,"=""""","=""""","=""1007.202782""","=""0.000005""","=""""","=""1.2662e+04""",AAA,"=""[186101.54609533]""","=""[196027.3124205]""","=""1s.3d""","=""3D""","=""2""","=""1s.7p""","=""3P*""","=""2""",5,5,,"=""T8636c73""","=""""",
He,1,"=""""","=""""","=""1007.205092""","=""0.000005""","=""""","=""8.4437e+04""",AAA,"=""[186101.59029341]""","=""[196027.3338587]""","=""1s.3d""","=""3D""","=""1""","=""1s.7p""","=""3P*""","=""0""",3,1,,"=""T8636c73""","=""""",
He,1,"=""""","=""""","=""1007.207103""","=""0.000005""","=""""","=""2.1109e+04""",AAA,"=""[186101.59029341]""","=""[196027.3140350]""","=""1s.3d""","=""3D""","=""1""","=""1s.7p""","=""3P*""","=""1""",3,3,,"=""T8636c73""","=""""",
He,1,"=""""","=""""","=""1007.207267""","=""0.000005""","=""""","=""8.4437e+02""",AAA,"=""[186101.59029341]""","=""[196027.3124205]""","=""1s.3d""","=""3D""","=""1""","=""1s.7p""","=""3P*""","=""2""",3,5,,"=""T8636c73""","=""""",
He,2,"=""""","=""""","=""1012.285344""","=""0.000005""","=""""","=""1.9822e+07""",AA,"=""(411477.1227550)""","=""(421353.053159)""","=""4p""","=""2P*""","=""1/2""","=""5d""","=""2D""","=""3/2""",2,4,,"=""T7771""","=""""",
He,2,"=""""","=""""","=""1012.291327""","=""0.000005""","=""""","=""1.1801e+07""",AA,"=""(411477.1817529)""","=""(421353.05378699)""","=""4s""","=""2S""","=""1/2""","=""5p""","=""2P*""","=""3/2""",2,4,,"=""T7771""","=""""",
He,2,"=""""","=""""","=""1012.320605""","=""0.000005""","=""""","=""3.4431e+06""",AA,"=""(411477.1227550)""","=""(421352.709172)""","=""4p""","=""2P*""","=""1/2""","=""5s""","=""2S""","=""1/2""",2,2,,"=""T7771""","=""""",
He,2,"=""""","=""""","=""1012.329752""","=""0.000005""","=""""","=""1.1804e+07""",AA,"=""(411477.1817529)""","=""(421352.6789311)""","=""4s""","=""2S""","=""1/2""","=""5p""","=""2P*""","=""1/2""",2,2,,"=""T7771""","=""""",
He,2,"=""""","=""""","=""1012.347485""","=""0.000005""","=""""","=""3.8621e+07""",AA,"=""(411477.853680)""","=""(421353.177874)""","=""4d""","=""2D""","=""3/2""","=""5f""","=""2F*""","=""5/2""",4,6,,"=""T7771""","=""""",
He,2,"=""""","=""""","=""1012.347587""","=""0.000005""","=""""","=""2.3789e+07""",AA,"=""(411477.8548989)""","=""(421353.178101)""","=""4p""","=""2P*""","=""3/2""","=""5d""","=""2D""","=""5/2""",4,6,,"=""T7771""","=""""",
He,2,"=""""","=""""","=""1012.360206""","=""0.000005""","=""""","=""3.0175e+05""",AA,"=""(411477.853680)""","=""(421353.05378699)""","=""4d""","=""2D""","=""3/2""","=""5p""","=""2P*""","=""3/2""",4,4,,"=""T7771""","=""""",
He,2,"=""""","=""""","=""1012.360395""","=""0.000005""","=""""","=""3.9649e+06""",AA,"=""(411477.8548989)""","=""(421353.053159)""","=""4p""","=""2P*""","=""3/2""","=""5d""","=""2D""","=""3/2""",4,4,,"=""T7771""","=""""",
He,2,"=""""","=""""","=""1012.366065""","=""0.000005""","=""""","=""6.5681e+07""",AA,"=""(411478.097267)""","=""(421353.2402246)""","=""4f""","=""2F*""","=""5/2""","=""5g""","=""2G""","=""7/2""",6,8,,"=""T7771""","=""""",
He,2,"=""""","=""""","=""1012.366098""","=""0.000005""","=""""","=""4.1378e+07""",AA,"=""(411478.097707)""","=""(421353.240343)""","=""4d""","=""2D""","=""5/2""","=""5f""","=""2F*""","=""7/2""",6,8,,"=""T7771""","=""""",
He,2,"=""""","=""""","=""1012.372433""","=""0.000005""","=""""","=""3.8486e+04""",AA,"=""(411478.097267)""","=""(421353.178101)""","=""4f""","=""2F*""","=""5/2""","=""5d""","=""2D""","=""5/2""",6,6,,"=""T7771""","=""""",
He,2,"=""""","=""""","=""1012.372502""","=""0.000005""","=""""","=""2.7587e+06""",AA,"=""(411478.097707)""","=""(421353.177874)""","=""4d""","=""2D""","=""5/2""","=""5f""","=""2F*""","=""5/2""",6,6,,"=""T7771""","=""""",
He,2,"=""""","=""""","=""1012.374730""","=""0.000005""","=""""","=""6.8113e+07""",AA,"=""(411478.219277)""","=""(421353.2777059)""","=""4f""","=""2F*""","=""7/2""","=""5g""","=""2G""","=""9/2""",8,10,,"=""T7771""","=""""",
He,2,"=""""","=""""","=""1012.378573""","=""0.000005""","=""""","=""2.4326e+06""",AA,"=""(411478.219277)""","=""(421353.2402246)""","=""4f""","=""2F*""","=""7/2""","=""5g""","=""2G""","=""7/2""",8,8,,"=""T7771""","=""""",
He,2,"=""""","=""""","=""1012.384942""","=""0.000005""","=""""","=""7.6979e+05""",AA,"=""(411478.219277)""","=""(421353.178101)""","=""4f""","=""2F*""","=""7/2""","=""5d""","=""2D""","=""5/2""",8,6,,"=""T7771""","=""""",
He,2,"=""""","=""""","=""1012.385223""","=""0.000005""","=""""","=""2.7161e+06""",AA,"=""(411478.097707)""","=""(421353.05378699)""","=""4d""","=""2D""","=""5/2""","=""5p""","=""2P*""","=""3/2""",6,4,,"=""T7771""","=""""",
He,2,"=""""","=""""","=""1012.385242""","=""0.000005""","=""""","=""8.0837e+05""",AA,"=""(411478.097267)""","=""(421353.053159)""","=""4f""","=""2F*""","=""5/2""","=""5d""","=""2D""","=""3/2""",6,4,,"=""T7771""","=""""",
He,2,"=""""","=""""","=""1012.395660""","=""0.000005""","=""""","=""6.8887e+06""",AA,"=""(411477.8548989)""","=""(421352.709172)""","=""4p""","=""2P*""","=""3/2""","=""5s""","=""2S""","=""1/2""",4,2,,"=""T7771""","=""""",
He,2,"=""""","=""""","=""1012.398636""","=""0.000005""","=""""","=""3.0191e+06""",AA,"=""(411477.853680)""","=""(421352.6789311)""","=""4d""","=""2D""","=""3/2""","=""5p""","=""2P*""","=""1/2""",4,2,,"=""T7771""","=""""",
He,1,"=""""","=""""","=""1013.842357""","=""0.000005""","=""1""","=""1.1248e+06""",AAA,"=""[186209.3623329]""","=""[196070.125778175]""","=""1s.3p""","=""1P*""","=""1""","=""1s.7d""","=""1D""","=""2""",3,5,,"=""T8636c73""","=""L366""",
