element,sp_num,obs_wl_air(nm),unc_obs_wl,ritz_wl_air(nm),intens,Aki(s^-1),Acc,Ei(cm-1),Ek(cm-1),conf_i,term_i,J_i,conf_k,term_k,J_k,g_i,g_k,Type,tp_ref,line_ref,
Xe,1,"=""368.590""","=""0.001""","=""368.5900+""","=""40""","=""4.5e+05""",D,"=""67067.547""","=""94190.24""","=""5p5.(2P*<3/2>).6s""","=""2[3/2]*""","=""2""","=""5p5.(2P*<3/2>).9p""","=""2[3/2]""","=""2""",5,5,,"=""T3269""","=""L4739""",
Xe,1,"=""369.349""","=""0.001""","=""369.3487+""","=""40""","=""3.1e+05""",D+,"=""67067.547""","=""94134.53""","=""5p5.(2P*<3/2>).6s""","=""2[3/2]*""","=""2""","=""5p5.(2P*<3/2>).9p""","=""2[5/2]""","=""3""",5,7,,"=""T3269""","=""L4739""",
Xe,1,"=""379.630""","=""0.001""","=""379.63060+""","=""40""","=""1.6e+05""",C,"=""67067.547""","=""93401.466""","=""5p5.(2P*<3/2>).6s""","=""2[3/2]*""","=""2""","=""5p5.(2P*<3/2>).5f""","=""2[5/2]""","=""3""",5,7,,"=""T3269""","=""L4739""",
Xe,1,"=""395.0924""","=""0.0002""","=""395.09237+""","=""120""","=""5.6e+05""",C+,"=""67067.547""","=""92370.923""","=""5p5.(2P*<3/2>).6s""","=""2[3/2]*""","=""2""","=""5p5.(2P*<3/2>).8p""","=""2[3/2]""","=""2""",5,5,,"=""T3269""","=""L7292""",
Xe,1,"=""396.75411""","=""0.00005""","=""396.75405+""","=""200""","=""5.3e+05""",C+,"=""67067.547""","=""92264.950""","=""5p5.(2P*<3/2>).6s""","=""2[3/2]*""","=""2""","=""5p5.(2P*<3/2>).8p""","=""2[5/2]""","=""3""",5,7,,"=""T3269""","=""L7292""",
Xe,1,"=""397.4417""","=""0.0002""","=""397.44158+""","=""40""","=""1.4e+05""",D+,"=""67067.547""","=""92221.362""","=""5p5.(2P*<3/2>).6s""","=""2[3/2]*""","=""2""","=""5p5.(2P*<3/2>).8p""","=""2[5/2]""","=""2""",5,5,,"=""T3269""","=""L7292""",
Xe,1,"=""419.3528""","=""0.0002""","=""419.35296+""","=""150""","=""2.20e+05""",B,"=""67067.547""","=""90907.090""","=""5p5.(2P*<3/2>).6s""","=""2[3/2]*""","=""2""","=""5p5.(2P*<3/2>).4f""","=""2[5/2]""","=""3""",5,7,,"=""T3269""","=""L7292""",
Xe,1,"=""420.3695""","=""0.0002""","=""420.3695+""","=""""","=""1.1e+05""",D+,"=""67067.547""","=""90849.440""","=""5p5.(2P*<3/2>).6s""","=""2[3/2]*""","=""2""","=""5p5.(2P*<3/2>).4f""","=""2[3/2]""","=""2""",5,5,,"=""T3269""","=""L7292""",
Xe,2,"=""433.052""","=""""","=""433.052+""","=""1000""","=""1.4e+08""",,"=""113512.36""","=""136597.81""","=""5s2.5p4.(3P<2>).6p""","=""2[3]*""","=""5/2""","=""5s2.5p4.(3P<2>).6d""","=""2[4]""","=""7/2""",6,8,,"=""T8043""","=""L6925""",
Xe,2,"=""441.484""","=""""","=""441.482+""","=""300*""","=""1.0e+08""",,"=""109563.14""","=""132207.76""","=""5s2.5p4.(1D<2>).6s""","=""2[2]""","=""5/2""","=""5s2.5p4.(1D<2>).6p""","=""2[2]*""","=""5/2""",6,6,,"=""T8043""","=""L6925""",
Xe,1,"=""450.0978""","=""0.0002""","=""450.0979+""","=""""","=""1.46e+06""",C+,"=""67067.547""","=""89278.706""","=""5p5.(2P*<3/2>).6s""","=""2[3/2]*""","=""2""","=""5p5.(2P*<1/2>).6p""","=""2[1/2]""","=""1""",5,3,,"=""T3269""","=""L7292""",
Xe,1,"=""452.46805""","=""0.00005""","=""452.4681+""","=""""","=""4.6e+05""",C+,"=""67067.547""","=""89162.356""","=""5p5.(2P*<3/2>).6s""","=""2[3/2]*""","=""2""","=""5p5.(2P*<1/2>).6p""","=""2[3/2]""","=""2""",5,5,,"=""T3269""","=""L7292""",
Xe,1,"=""458.27472""","=""0.00005""","=""458.2747+""","=""""","=""1.3e+06""",C,"=""68045.156""","=""89860.015""","=""5p5.(2P*<3/2>).6s""","=""2[3/2]*""","=""1""","=""5p5.(2P*<1/2>).6p""","=""2[1/2]""","=""0""",3,1,,"=""T5100n,T4106n""","=""L7292""",
Xe,2,"=""460.303""","=""""","=""460.304+""","=""600h""","=""8.2e+07""",,"=""95064.38""","=""116783.09""","=""5s2.5p4.(3P<2>).6s""","=""2[2]""","=""3/2""","=""5s2.5p4.(3P<2>).6p""","=""2[1]*""","=""3/2""",4,4,,"=""T8043""","=""L6925""",
Xe,1,"=""461.18882""","=""0.00005""","=""461.1890+""","=""100""","=""3.0e+04""",D,"=""67067.547""","=""88744.559""","=""5p5.(2P*<3/2>).6s""","=""2[3/2]*""","=""2""","=""5p5.(2P*<3/2>).7p""","=""2[3/2]""","=""1""",5,3,,"=""T8608""","=""L7292""",
Xe,1,"=""462.42756""","=""0.00005""","=""462.4276+""","=""""","=""2.42e+06""",B,"=""67067.547""","=""88686.500""","=""5p5.(2P*<3/2>).6s""","=""2[3/2]*""","=""2""","=""5p5.(2P*<3/2>).7p""","=""2[3/2]""","=""2""",5,5,,"=""T8608n,T6672""","=""L7292""",
Xe,1,"=""467.12258""","=""0.00005""","=""467.1226+""","=""""","=""2.49e+06""",B,"=""67067.547""","=""88469.213""","=""5p5.(2P*<3/2>).6s""","=""2[3/2]*""","=""2""","=""5p5.(2P*<3/2>).7p""","=""2[5/2]""","=""3""",5,7,,"=""T8608""","=""L7292""",
Xe,1,"=""469.0970""","=""0.0002""","=""469.0972+""","=""100""","=""2.8e+05""",C+,"=""67067.547""","=""88379.126""","=""5p5.(2P*<3/2>).6s""","=""2[3/2]*""","=""2""","=""5p5.(2P*<1/2>).6p""","=""2[3/2]""","=""1""",5,3,,"=""T3269""","=""L7292""",
Xe,1,"=""469.70208""","=""0.00005""","=""469.7021+""","=""""","=""7.36e+05""",B,"=""67067.547""","=""88351.681""","=""5p5.(2P*<3/2>).6s""","=""2[3/2]*""","=""2""","=""5p5.(2P*<3/2>).7p""","=""2[5/2]""","=""2""",5,5,,"=""T8608n,T6672""","=""L7292""",
Xe,1,"=""473.41518""","=""0.00005""","=""473.4152+""","=""600""","=""1.38e+06""",C+,"=""68045.156""","=""89162.356""","=""5p5.(2P*<3/2>).6s""","=""2[3/2]*""","=""1""","=""5p5.(2P*<1/2>).6p""","=""2[3/2]""","=""2""",3,5,,"=""T5100n,T3269""","=""L7292c110""",
Xe,1,"=""479.2619""","=""0.0002""","=""479.2620+""","=""150""","=""1.2e+05""",D+,"=""67067.547""","=""87927.131""","=""5p5.(2P*<3/2>).6s""","=""2[3/2]*""","=""2""","=""5p5.(2P*<3/2>).7p""","=""2[1/2]""","=""1""",5,3,,"=""T8608""","=""L7292c110""",
Xe,1,"=""480.70190""","=""0.00005""","=""480.7019+""","=""500""","=""4.29e+06""",B,"=""68045.156""","=""88842.256""","=""5p5.(2P*<3/2>).6s""","=""2[3/2]*""","=""1""","=""5p5.(2P*<3/2>).7p""","=""2[1/2]""","=""0""",3,1,,"=""T8608n,T6672""","=""L7292c110""",
Xe,1,"=""482.9708""","=""0.0002""","=""482.9708+""","=""400""","=""6.e+05""",D+,"=""68045.156""","=""88744.559""","=""5p5.(2P*<3/2>).6s""","=""2[3/2]*""","=""1""","=""5p5.(2P*<3/2>).7p""","=""2[3/2]""","=""1""",3,3,,"=""T8608""","=""L7292""",
Xe,1,"=""484.32934""","=""0.00005""","=""484.3293+""","=""300""","=""7.02e+05""",B,"=""68045.156""","=""88686.500""","=""5p5.(2P*<3/2>).6s""","=""2[3/2]*""","=""1""","=""5p5.(2P*<3/2>).7p""","=""2[3/2]""","=""2""",3,5,,"=""T8608n,T6672""","=""L7292""",
Xe,2,"=""484.433""","=""""","=""484.432+""","=""2000""","=""1.1e+08""",,"=""93068.44""","=""113705.40""","=""5s2.5p4.(3P<2>).6s""","=""2[2]""","=""5/2""","=""5s2.5p4.(3P<2>).6p""","=""2[3]*""","=""7/2""",6,8,,"=""T8043""","=""L6925""",
Xe,2,"=""487.650""","=""""","=""487.649+""","=""500h""","=""6.3e+07""",,"=""109563.14""","=""130063.96""","=""5s2.5p4.(1D<2>).6s""","=""2[2]""","=""5/2""","=""5s2.5p4.(1D<2>).6p""","=""2[3]*""","=""7/2""",6,8,,"=""T8043""","=""L6925""",
Xe,1,"=""491.6507""","=""0.0002""","=""491.6506+""","=""500""","=""1.6e+06""",C+,"=""68045.156""","=""88379.126""","=""5p5.(2P*<3/2>).6s""","=""2[3/2]*""","=""1""","=""5p5.(2P*<1/2>).6p""","=""2[3/2]""","=""1""",3,3,,"=""T5100n,T3269""","=""L7292c110""",
Xe,1,"=""492.3152""","=""0.0002""","=""492.3151+""","=""500""","=""9.74e+05""",B,"=""68045.156""","=""88351.681""","=""5p5.(2P*<3/2>).6s""","=""2[3/2]*""","=""1""","=""5p5.(2P*<3/2>).7p""","=""2[5/2]""","=""2""",3,5,,"=""T8608n,T6672""","=""L7292""",
Xe,1,"=""502.82794""","=""0.00005""","=""502.8279+""","=""200""","=""1.6e+05""",D+,"=""68045.156""","=""87927.131""","=""5p5.(2P*<3/2>).6s""","=""2[3/2]*""","=""1""","=""5p5.(2P*<3/2>).7p""","=""2[1/2]""","=""1""",3,3,,"=""T8608""","=""L7292""",
Xe,1,"=""520.607""","=""0.001""","=""520.607+""","=""1""","=""1.10e+05""",C,"=""77269.145""","=""96472.13""","=""5p5.(2P*<3/2>).6p""","=""2[1/2]""","=""1""","=""5p5.(2P*<3/2>).13s""","=""2[3/2]*""","=""2""",3,5,,"=""T5818""","=""L4739""",
Xe,2,"=""526.044""","=""""","=""526.044+""","=""200""","=""2.2e+07""",,"=""104250.06""","=""123254.60""","=""5s2.5p4.(3P<1>).5d""","=""2[1]""","=""1/2""","=""5s2.5p4.(3P<1>).6p""","=""2[2]*""","=""3/2""",2,4,,"=""T8043""","=""L6925""",
Xe,2,"=""526.195""","=""""","=""526.198+""","=""200""","=""8.5e+07""",,"=""112924.84""","=""131923.79""","=""5s2.5p4.(1D<2>).6s""","=""2[2]""","=""3/2""","=""5s2.5p4.(1D<2>).6p""","=""2[2]*""","=""3/2""",4,4,,"=""T8043""","=""L6925""",
Xe,2,"=""529.222""","=""""","=""529.221+""","=""1000""","=""8.9e+07""",,"=""93068.44""","=""111958.89""","=""5s2.5p4.(3P<2>).6s""","=""2[2]""","=""5/2""","=""5s2.5p4.(3P<2>).6p""","=""2[2]*""","=""5/2""",6,6,,"=""T8043""","=""L6925""",
Xe,1,"=""530.637""","=""0.001""","=""530.636+""","=""3""","=""1.60e+05""",C+,"=""77269.145""","=""96109.22""","=""5p5.(2P*<3/2>).6p""","=""2[1/2]""","=""1""","=""5p5.(2P*<3/2>).12s""","=""2[3/2]*""","=""2""",3,5,,"=""T5818""","=""L4739""",
Xe,2,"=""537.239""","=""""","=""537.239+""","=""300""","=""7.1e+07""",,"=""95064.38""","=""113672.89""","=""5s2.5p4.(3P<2>).6s""","=""2[2]""","=""3/2""","=""5s2.5p4.(3P<2>).6p""","=""2[1]*""","=""1/2""",4,2,,"=""T8043""","=""L6925""",
Xe,2,"=""541.915""","=""""","=""541.914+""","=""2000""","=""6.2e+07""",,"=""95064.38""","=""113512.36""","=""5s2.5p4.(3P<2>).6s""","=""2[2]""","=""3/2""","=""5s2.5p4.(3P<2>).6p""","=""2[3]*""","=""5/2""",4,6,,"=""T8043""","=""L6925""",
Xe,2,"=""543.896""","=""""","=""543.897+""","=""400""","=""7.4e+07""",,"=""102799.07""","=""121179.80""","=""5s2.5p4.(3P<1>).6s""","=""2[1]""","=""3/2""","=""5s2.5p4.(3P<1>).6p""","=""2[0]*""","=""1/2""",4,2,,"=""T8043""","=""L6925""",
Xe,1,"=""""","=""""","=""544.738+""","=""""","=""4.0e+04""",C,"=""78119.798""","=""96472.13""","=""5p5.(2P*<3/2>).6p""","=""2[5/2]""","=""2""","=""5p5.(2P*<3/2>).13s""","=""2[3/2]*""","=""2""",5,5,,"=""T5818""","=""""",
Xe,1,"=""545.645""","=""0.001""","=""545.646+""","=""2""","=""4.40e+04""",B,"=""77269.145""","=""95590.97""","=""5p5.(2P*<3/2>).6p""","=""2[1/2]""","=""1""","=""5p5.(2P*<3/2>).11s""","=""2[3/2]*""","=""1""",3,3,,"=""T5818""","=""L4739""",
Xe,1,"=""546.0037""","=""0.0002""","=""546.0034+""","=""15""","=""2.50e+05""",B+,"=""77269.145""","=""95578.961""","=""5p5.(2P*<3/2>).6p""","=""2[1/2]""","=""1""","=""5p5.(2P*<3/2>).11s""","=""2[3/2]*""","=""2""",3,5,,"=""T5818""","=""L7292""",
Xe,2,"=""547.261""","=""""","=""547.261+""","=""500""","=""9.9e+06""",,"=""95437.67""","=""113705.40""","=""5s2.5p4.(3P<2>).5d""","=""2[3]""","=""7/2""","=""5s2.5p4.(3P<2>).6p""","=""2[3]*""","=""7/2""",8,8,,"=""T8043""","=""L6925""",
Xe,2,"=""553.107""","=""""","=""553.106+""","=""400""","=""8.8e+06""",,"=""95437.67""","=""113512.36""","=""5s2.5p4.(3P<2>).5d""","=""2[3]""","=""7/2""","=""5s2.5p4.(3P<2>).6p""","=""2[3]*""","=""5/2""",8,6,,"=""T8043""","=""L6925""",
Xe,1,"=""553.278""","=""0.001""","=""553.278+""","=""2h""","=""1.80e+05""",B+,"=""78403.061""","=""96472.13""","=""5p5.(2P*<3/2>).6p""","=""2[5/2]""","=""3""","=""5p5.(2P*<3/2>).13s""","=""2[3/2]*""","=""2""",7,5,,"=""T5818""","=""L4739""",
Xe,1,"=""555.728""","=""0.001""","=""555.728+""","=""2""","=""6.0e+04""",C+,"=""78119.798""","=""96109.22""","=""5p5.(2P*<3/2>).6p""","=""2[5/2]""","=""2""","=""5p5.(2P*<3/2>).12s""","=""2[3/2]*""","=""2""",5,5,,"=""T5818""","=""L4739""",
Xe,1,"=""564.619""","=""0.001""","=""564.619+""","=""5""","=""2.70e+05""",B+,"=""78403.061""","=""96109.22""","=""5p5.(2P*<3/2>).6p""","=""2[5/2]""","=""3""","=""5p5.(2P*<3/2>).12s""","=""2[3/2]*""","=""2""",7,5,,"=""T5818""","=""L4739""",
Xe,1,"=""570.687""","=""0.001""","=""570.6851+""","=""3""","=""7.0e+04""",C+,"=""77269.145""","=""94787.084""","=""5p5.(2P*<3/2>).6p""","=""2[1/2]""","=""1""","=""5p5.(2P*<3/2>).10s""","=""2[3/2]*""","=""1""",3,3,,"=""T5818""","=""L4739""",
Xe,1,"=""571.5716""","=""0.0002""","=""571.5712+""","=""70""","=""3.5e+05""",C+,"=""77269.145""","=""94759.927""","=""5p5.(2P*<3/2>).6p""","=""2[1/2]""","=""1""","=""5p5.(2P*<3/2>).10s""","=""2[3/2]*""","=""2""",3,5,,"=""T5818""","=""L7292""",
Xe,2,"=""571.961""","=""""","=""571.960+""","=""200""","=""6.1e+06""",,"=""96033.48""","=""113512.36""","=""5s2.5p4.(3P<2>).5d""","=""2[2]""","=""3/2""","=""5s2.5p4.(3P<2>).6p""","=""2[3]*""","=""5/2""",4,6,,"=""T8043""","=""L6925""",
Xe,1,"=""572.214""","=""0.001""","=""572.213+""","=""15h""","=""3.60e+05""",B+,"=""78119.798""","=""95590.97""","=""5p5.(2P*<3/2>).6p""","=""2[5/2]""","=""2""","=""5p5.(2P*<3/2>).11s""","=""2[3/2]*""","=""1""",5,3,,"=""T5818""","=""L4739""",
Xe,1,"=""572.610""","=""0.001""","=""572.6063+""","=""4""","=""9.0e+04""",C+,"=""78119.798""","=""95578.961""","=""5p5.(2P*<3/2>).6p""","=""2[5/2]""","=""2""","=""5p5.(2P*<3/2>).11s""","=""2[3/2]*""","=""2""",5,5,,"=""T5818""","=""L4739""",
Xe,1,"=""579.226""","=""0.001""","=""579.225+""","=""1h""","=""9.0e+04""",C,"=""79212.465""","=""96472.13""","=""5p5.(2P*<3/2>).6p""","=""2[3/2]""","=""2""","=""5p5.(2P*<3/2>).13s""","=""2[3/2]*""","=""2""",5,5,,"=""T5818""","=""L4739""",
Xe,1,"=""582.052""","=""0.001""","=""582.0498+""","=""25""","=""4.00e+05""",B+,"=""78403.061""","=""95578.961""","=""5p5.(2P*<3/2>).6p""","=""2[5/2]""","=""3""","=""5p5.(2P*<3/2>).11s""","=""2[3/2]*""","=""2""",7,5,,"=""T5818""","=""L4739""",
Xe,1,"=""591.665""","=""0.001""","=""591.666+""","=""4""","=""1.30e+05""",B,"=""79212.465""","=""96109.22""","=""5p5.(2P*<3/2>).6p""","=""2[3/2]""","=""2""","=""5p5.(2P*<3/2>).12s""","=""2[3/2]*""","=""2""",5,5,,"=""T5818""","=""L4739""",
Xe,2,"=""597.646""","=""""","=""597.642+""","=""1000""","=""2.8e+07""",,"=""95064.38""","=""111792.17""","=""5s2.5p4.(3P<2>).6s""","=""2[2]""","=""3/2""","=""5s2.5p4.(3P<2>).6p""","=""2[2]*""","=""3/2""",4,4,,"=""T8043""","=""L6925""",
Xe,1,"=""599.8115""","=""0.0002""","=""599.8116+""","=""30""","=""5.80e+05""",B+,"=""78119.798""","=""94787.084""","=""5p5.(2P*<3/2>).6p""","=""2[5/2]""","=""2""","=""5p5.(2P*<3/2>).10s""","=""2[3/2]*""","=""1""",5,3,,"=""T5818""","=""L7292""",
Xe,1,"=""600.7909""","=""0.0002""","=""600.7905+""","=""15""","=""1.60e+05""",B+,"=""78119.798""","=""94759.927""","=""5p5.(2P*<3/2>).6p""","=""2[5/2]""","=""2""","=""5p5.(2P*<3/2>).10s""","=""2[3/2]*""","=""2""",5,5,,"=""T5818""","=""L7292""",
Xe,1,"=""600.978""","=""0.001""","=""600.978+""","=""8""","=""2.10e+05""",B,"=""78956.031""","=""95590.97""","=""5p5.(2P*<3/2>).6p""","=""2[3/2]""","=""1""","=""5p5.(2P*<3/2>).11s""","=""2[3/2]*""","=""1""",3,3,,"=""T5818""","=""L4739""",
Xe,1,"=""601.410""","=""0.001""","=""601.4121+""","=""1h""","=""1.3e+04""",C,"=""78956.031""","=""95578.961""","=""5p5.(2P*<3/2>).6p""","=""2[3/2]""","=""1""","=""5p5.(2P*<3/2>).11s""","=""2[3/2]*""","=""2""",3,5,,"=""T5818""","=""L4739""",
Xe,2,"=""603.620""","=""""","=""603.619+""","=""500""","=""7.5e+06""",,"=""95396.74""","=""111958.89""","=""5s2.5p4.(3P<2>).5d""","=""2[2]""","=""5/2""","=""5s2.5p4.(3P<2>).6p""","=""2[2]*""","=""5/2""",6,6,,"=""T8043""","=""L6925""",
Xe,2,"=""605.115""","=""""","=""605.115+""","=""1000""","=""1.7e+07""",,"=""95437.67""","=""111958.89""","=""5s2.5p4.(3P<2>).5d""","=""2[3]""","=""7/2""","=""5s2.5p4.(3P<2>).6p""","=""2[2]*""","=""5/2""",8,6,,"=""T8043""","=""L6925""",
Xe,2,"=""609.759""","=""""","=""609.757+""","=""1000""","=""2.6e+07""",,"=""95396.74""","=""111792.17""","=""5s2.5p4.(3P<2>).5d""","=""2[2]""","=""5/2""","=""5s2.5p4.(3P<2>).6p""","=""2[2]*""","=""3/2""",6,4,,"=""T8043""","=""L6925""",
Xe,1,"=""610.388""","=""0.001""","=""610.387+""","=""3""","=""1.20e+05""",B,"=""79212.465""","=""95590.97""","=""5p5.(2P*<3/2>).6p""","=""2[3/2]""","=""2""","=""5p5.(2P*<3/2>).11s""","=""2[3/2]*""","=""1""",5,3,,"=""T5818""","=""L4739""",
Xe,1,"=""610.837""","=""0.001""","=""610.8352+""","=""8""","=""1.80e+05""",C+,"=""79212.465""","=""95578.961""","=""5p5.(2P*<3/2>).6p""","=""2[3/2]""","=""2""","=""5p5.(2P*<3/2>).11s""","=""2[3/2]*""","=""2""",5,5,,"=""T5818""","=""L4739""",
Xe,1,"=""611.1951""","=""0.0002""","=""611.1949+""","=""40""","=""7.0e+05""",C,"=""78403.061""","=""94759.927""","=""5p5.(2P*<3/2>).6p""","=""2[5/2]""","=""3""","=""5p5.(2P*<3/2>).10s""","=""2[3/2]*""","=""2""",7,5,,"=""T5818""","=""L7292""",
Xe,1,"=""618.910""","=""0.001""","=""618.9102+""","=""20""","=""1.30e+05""",B,"=""77269.145""","=""93422.108""","=""5p5.(2P*<3/2>).6p""","=""2[1/2]""","=""1""","=""5p5.(2P*<3/2>).9s""","=""2[3/2]*""","=""1""",3,3,,"=""T5818""","=""L4739""",
Xe,1,"=""619.8260""","=""0.0002""","=""619.8256+""","=""100""","=""6.60e+05""",B+,"=""77269.145""","=""93398.253""","=""5p5.(2P*<3/2>).6p""","=""2[1/2]""","=""1""","=""5p5.(2P*<3/2>).9s""","=""2[3/2]*""","=""2""",3,5,,"=""T5818""","=""L7292""",
Xe,2,"=""627.082""","=""""","=""627.086+""","=""400""","=""1.8e+07""",,"=""112924.84""","=""128867.20""","=""5s2.5p4.(1D<2>).6s""","=""2[2]""","=""3/2""","=""5s2.5p4.(1D<2>).6p""","=""2[3]*""","=""5/2""",4,6,,"=""T8043""","=""L6925""",
Xe,2,"=""627.754""","=""""","=""627.754+""","=""300""","=""3.6e+06""",,"=""96033.48""","=""111958.89""","=""5s2.5p4.(3P<2>).5d""","=""2[2]""","=""3/2""","=""5s2.5p4.(3P<2>).6p""","=""2[2]*""","=""5/2""",4,6,,"=""T8043""","=""L6925""",
Xe,1,"=""631.497""","=""0.001""","=""631.4953+""","=""15""","=""3.10e+05""",B+,"=""78956.031""","=""94787.084""","=""5p5.(2P*<3/2>).6p""","=""2[3/2]""","=""1""","=""5p5.(2P*<3/2>).10s""","=""2[3/2]*""","=""1""",3,3,,"=""T5818""","=""L4739""",
Xe,1,"=""632.581""","=""0.001""","=""632.5804+""","=""2""","=""2.1e+04""",C,"=""78956.031""","=""94759.927""","=""5p5.(2P*<3/2>).6p""","=""2[3/2]""","=""1""","=""5p5.(2P*<3/2>).10s""","=""2[3/2]*""","=""2""",3,5,,"=""T5818""","=""L4739""",
Xe,1,"=""""","=""""","=""641.8929+""","=""""","=""2.3e+05""",C+,"=""79212.465""","=""94787.084""","=""5p5.(2P*<3/2>).6p""","=""2[3/2]""","=""2""","=""5p5.(2P*<3/2>).10s""","=""2[3/2]*""","=""1""",5,3,,"=""T5818""","=""""",
Xe,1,"=""643.0155""","=""0.0002""","=""643.0141+""","=""20""","=""3.00e+05""",B+,"=""79212.465""","=""94759.927""","=""5p5.(2P*<3/2>).6p""","=""2[3/2]""","=""2""","=""5p5.(2P*<3/2>).10s""","=""2[3/2]*""","=""2""",5,5,,"=""T5818""","=""L7292""",
Xe,1,"=""646.150""","=""0.001""","=""646.150+""","=""3""","=""1.20e+05""",C+,"=""80118.962""","=""95590.97""","=""5p5.(2P*<3/2>).6p""","=""2[1/2]""","=""0""","=""5p5.(2P*<3/2>).11s""","=""2[3/2]*""","=""1""",1,3,,"=""T5818""","=""L4739""",
Xe,1,"=""648.7765""","=""0.0002""","=""648.7765+""","=""120""","=""9.40e+05""",B,"=""77269.145""","=""92678.516""","=""5p5.(2P*<3/2>).6p""","=""2[1/2]""","=""1""","=""5p5.(2P*<3/2>).7d""","=""2[5/2]*""","=""2""",3,5,,"=""T5099""","=""L7292""",
Xe,1,"=""653.3159""","=""0.0002""","=""653.3156+""","=""100""","=""1.03e+06""",B+,"=""78119.798""","=""93422.108""","=""5p5.(2P*<3/2>).6p""","=""2[5/2]""","=""2""","=""5p5.(2P*<3/2>).9s""","=""2[3/2]*""","=""1""",5,3,,"=""T5818""","=""L7292""",
Xe,1,"=""654.3360""","=""0.0002""","=""654.3357+""","=""40""","=""2.70e+05""",B+,"=""78119.798""","=""93398.253""","=""5p5.(2P*<3/2>).6p""","=""2[5/2]""","=""2""","=""5p5.(2P*<3/2>).9s""","=""2[3/2]*""","=""2""",5,5,,"=""T5818""","=""L7292""",
Xe,1,"=""666.6965""","=""0.0002""","=""666.6963+""","=""60""","=""1.10e+06""",B+,"=""78403.061""","=""93398.253""","=""5p5.(2P*<3/2>).6p""","=""2[5/2]""","=""3""","=""5p5.(2P*<3/2>).9s""","=""2[3/2]*""","=""2""",7,5,,"=""T5818""","=""L7292""",
Xe,2,"=""680.574""","=""""","=""680.572+""","=""1000""","=""6.1e+06""",,"=""108423.07""","=""123112.54""","=""5s2.5p4.(3P<1>).5d""","=""2[3]""","=""7/2""","=""5s2.5p4.(3P<1>).6p""","=""2[2]*""","=""5/2""",8,6,,"=""T8043""","=""L6925""",
Xe,1,"=""681.564""","=""0.001""","=""681.5624+""","=""12""","=""2.10e+05""",B+,"=""80118.962""","=""94787.084""","=""5p5.(2P*<3/2>).6p""","=""2[1/2]""","=""0""","=""5p5.(2P*<3/2>).10s""","=""2[3/2]*""","=""1""",1,3,,"=""T5818""","=""L4739""",
Xe,1,"=""686.6838""","=""0.0002""","=""686.6842+""","=""50""","=""9.20e+05""",B,"=""78119.798""","=""92678.516""","=""5p5.(2P*<3/2>).6p""","=""2[5/2]""","=""2""","=""5p5.(2P*<3/2>).7d""","=""2[5/2]*""","=""2""",5,5,,"=""T5099""","=""L7292""",
Xe,1,"=""688.2155""","=""0.0002""","=""688.2154+""","=""300""","=""5.83e+06""",B,"=""78119.798""","=""92646.125""","=""5p5.(2P*<3/2>).6p""","=""2[5/2]""","=""2""","=""5p5.(2P*<3/2>).7d""","=""2[7/2]*""","=""3""",5,7,,"=""T5099""","=""L7292""",
Xe,1,"=""691.082""","=""0.001""","=""691.0818+""","=""30""","=""7.40e+05""",B+,"=""78956.031""","=""93422.108""","=""5p5.(2P*<3/2>).6p""","=""2[3/2]""","=""1""","=""5p5.(2P*<3/2>).9s""","=""2[3/2]*""","=""1""",3,3,,"=""T5818""","=""L4739""",
Xe,1,"=""692.222""","=""0.001""","=""692.2233+""","=""8""","=""3.0e+04""",D+,"=""78956.031""","=""93398.253""","=""5p5.(2P*<3/2>).6p""","=""2[3/2]""","=""1""","=""5p5.(2P*<3/2>).9s""","=""2[3/2]*""","=""2""",3,5,,"=""T5818""","=""L4739""",
Xe,1,"=""697.6182""","=""0.0002""","=""697.6182+""","=""100""","=""1.91e+06""",B,"=""78403.061""","=""92733.597""","=""5p5.(2P*<3/2>).6p""","=""2[5/2]""","=""3""","=""5p5.(2P*<3/2>).7d""","=""2[5/2]*""","=""3""",7,7,,"=""T5099""","=""L7292""",
Xe,2,"=""699.088""","=""""","=""699.088+""","=""2000""","=""2.7e+07""",,"=""99404.99""","=""113705.40""","=""5s2.5p4.(3P<2>).5d""","=""2[4]""","=""9/2""","=""5s2.5p4.(3P<2>).6p""","=""2[3]*""","=""7/2""",10,8,,"=""T8043""","=""L6925""",
Xe,1,"=""701.902""","=""0.001""","=""701.9026+""","=""30""","=""3.5e+05""",C,"=""78403.061""","=""92646.125""","=""5p5.(2P*<3/2>).6p""","=""2[5/2]""","=""3""","=""5p5.(2P*<3/2>).7d""","=""2[7/2]*""","=""3""",7,7,,"=""T5099""","=""L4739""",
Xe,1,"=""703.553""","=""0.001""","=""703.5534+""","=""20""","=""4.00e+05""",B+,"=""79212.465""","=""93422.108""","=""5p5.(2P*<3/2>).6p""","=""2[3/2]""","=""2""","=""5p5.(2P*<3/2>).9s""","=""2[3/2]*""","=""1""",5,3,,"=""T5818""","=""L4739""",
Xe,1,"=""704.737""","=""0.001""","=""704.7366+""","=""30*""","=""6.40e+05""",B+,"=""79212.465""","=""93398.253""","=""5p5.(2P*<3/2>).6p""","=""2[3/2]""","=""2""","=""5p5.(2P*<3/2>).9s""","=""2[3/2]*""","=""2""",5,5,,"=""T5818""","=""L4739""",
Xe,1,"=""711.9598""","=""0.0002""","=""711.9598+""","=""500""","=""8.39e+06""",B,"=""78403.061""","=""92444.927""","=""5p5.(2P*<3/2>).6p""","=""2[5/2]""","=""3""","=""5p5.(2P*<3/2>).7d""","=""2[7/2]*""","=""4""",7,9,,"=""T5099""","=""L7292""",
Xe,1,"=""728.5301""","=""0.0002""","=""728.5302+""","=""60""","=""4.09e+06""",B,"=""78956.031""","=""92678.516""","=""5p5.(2P*<3/2>).6p""","=""2[3/2]""","=""1""","=""5p5.(2P*<3/2>).7d""","=""2[5/2]*""","=""2""",3,5,,"=""T5099""","=""L7292""",
Xe,1,"=""731.687""","=""0.001""","=""731.6867+""","=""20""","=""2.5e+05""",C+,"=""77269.145""","=""90932.432""","=""5p5.(2P*<3/2>).6p""","=""2[1/2]""","=""1""","=""5p5.(2P*<3/2>).8s""","=""2[3/2]*""","=""1""",3,3,,"=""T5818""","=""L4739""",
Xe,1,"=""738.6003""","=""0.0002""","=""738.6004+""","=""100""","=""1.25e+06""",B+,"=""77269.145""","=""90804.538""","=""5p5.(2P*<3/2>).6p""","=""2[1/2]""","=""1""","=""5p5.(2P*<3/2>).8s""","=""2[3/2]*""","=""2""",3,5,,"=""T5818""","=""L7292""",
Xe,1,"=""739.3793""","=""0.0002""","=""739.3794+""","=""150""","=""4.89e+06""",B,"=""79212.465""","=""92733.597""","=""5p5.(2P*<3/2>).6p""","=""2[3/2]""","=""2""","=""5p5.(2P*<3/2>).7d""","=""2[5/2]*""","=""3""",5,7,,"=""T5099""","=""L7292""",
Xe,1,"=""742.405""","=""0.001""","=""742.4037+""","=""20""","=""8.60e+05""",B,"=""79212.465""","=""92678.516""","=""5p5.(2P*<3/2>).6p""","=""2[3/2]""","=""2""","=""5p5.(2P*<3/2>).7d""","=""2[5/2]*""","=""2""",5,5,,"=""T5099""","=""L4739""",
Xe,1,"=""744.194""","=""0.001""","=""744.1938+""","=""20""","=""4.7e+05""",C,"=""79212.465""","=""92646.125""","=""5p5.(2P*<3/2>).6p""","=""2[3/2]""","=""2""","=""5p5.(2P*<3/2>).7d""","=""2[7/2]*""","=""3""",5,7,,"=""T5099""","=""L4739""",
Xe,1,"=""751.496""","=""0.001""","=""751.4950+""","=""3""","=""2.1e+05""",C,"=""80118.962""","=""93422.108""","=""5p5.(2P*<3/2>).6p""","=""2[1/2]""","=""0""","=""5p5.(2P*<3/2>).9s""","=""2[3/2]*""","=""1""",1,3,,"=""T5818""","=""L4739""",
Xe,1,"=""764.2024""","=""0.0002""","=""764.2023+""","=""500""","=""2.1e+07""",C+,"=""76196.767""","=""89278.706""","=""5p5.(2P*<1/2>).6s""","=""2[1/2]*""","=""0""","=""5p5.(2P*<1/2>).6p""","=""2[1/2]""","=""1""",1,3,,"=""T5100n,T3269""","=""L7292c110""",
Xe,1,"=""780.2651""","=""0.0002""","=""780.2649+""","=""100""","=""2.28e+06""",B+,"=""78119.798""","=""90932.432""","=""5p5.(2P*<3/2>).6p""","=""2[5/2]""","=""2""","=""5p5.(2P*<3/2>).8s""","=""2[3/2]*""","=""1""",5,3,,"=""T5818""","=""L7292""",
Xe,1,"=""788.1320""","=""0.0002""","=""788.1320+""","=""100""","=""5.50e+05""",B+,"=""78119.798""","=""90804.538""","=""5p5.(2P*<3/2>).6p""","=""2[5/2]""","=""2""","=""5p5.(2P*<3/2>).8s""","=""2[3/2]*""","=""2""",5,5,,"=""T5818""","=""L7292""",
Xe,1,"=""788.7393""","=""0.0002""","=""788.7393+""","=""300""","=""3.5e+07""",C+,"=""77185.041""","=""89860.015""","=""5p5.(2P*<1/2>).6s""","=""2[1/2]*""","=""1""","=""5p5.(2P*<1/2>).6p""","=""2[1/2]""","=""0""",3,1,,"=""T4106n,T5100,T3269""","=""L7292c110""",
Xe,1,"=""796.7342""","=""0.0002""","=""796.7338+""","=""500""","=""3.4e+06""",D+,"=""76196.767""","=""88744.559""","=""5p5.(2P*<1/2>).6s""","=""2[1/2]*""","=""0""","=""5p5.(2P*<3/2>).7p""","=""2[3/2]""","=""1""",1,3,,"=""T8608""","=""L7292c110""",
Xe,1,"=""806.1339""","=""0.0002""","=""806.1339+""","=""150""","=""2.59e+06""",B+,"=""78403.061""","=""90804.538""","=""5p5.(2P*<3/2>).6p""","=""2[5/2]""","=""3""","=""5p5.(2P*<3/2>).8s""","=""2[3/2]*""","=""2""",7,5,,"=""T5818""","=""L7292""",
Xe,1,"=""820.6336""","=""0.0002""","=""820.6335+""","=""700""","=""2.0e+07""",C,"=""76196.767""","=""88379.126""","=""5p5.(2P*<1/2>).6s""","=""2[1/2]*""","=""0""","=""5p5.(2P*<1/2>).6p""","=""2[3/2]""","=""1""",1,3,,"=""T5100n,T3269""","=""L7292""",
Xe,1,"=""823.16336""","=""0.00005""","=""823.1634+""","=""10000hfs""","=""2.86e+07""",B+,"=""67067.547""","=""79212.465""","=""5p5.(2P*<3/2>).6s""","=""2[3/2]*""","=""2""","=""5p5.(2P*<3/2>).6p""","=""2[3/2]""","=""2""",5,5,,"=""T3269""","=""L7292""",
Xe,1,"=""826.6520""","=""0.0002""","=""826.6520+""","=""500""","=""1.62e+07""",C+,"=""77185.041""","=""89278.706""","=""5p5.(2P*<1/2>).6s""","=""2[1/2]*""","=""1""","=""5p5.(2P*<1/2>).6p""","=""2[1/2]""","=""1""",3,3,,"=""T5100n,T3269""","=""L7292""",
Xe,1,"=""828.01162""","=""0.00005""","=""828.0117+""","=""7000""","=""3.69e+07""",B,"=""68045.156""","=""80118.962""","=""5p5.(2P*<3/2>).6s""","=""2[3/2]*""","=""1""","=""5p5.(2P*<3/2>).6p""","=""2[1/2]""","=""0""",3,1,,"=""T3269n,T6714""","=""L7292c110""",
Xe,1,"=""834.68217""","=""0.00005""","=""834.6823+""","=""2000""","=""4.2e+07""",C+,"=""77185.041""","=""89162.356""","=""5p5.(2P*<1/2>).6s""","=""2[1/2]*""","=""1""","=""5p5.(2P*<1/2>).6p""","=""2[3/2]""","=""2""",3,5,,"=""T5100n,T3269""","=""L7292""",
Xe,1,"=""834.745""","=""0.001""","=""834.7460+""","=""60""","=""1.48e+06""",C+,"=""78956.031""","=""90932.432""","=""5p5.(2P*<3/2>).6p""","=""2[3/2]""","=""1""","=""5p5.(2P*<3/2>).8s""","=""2[3/2]*""","=""1""",3,3,,"=""T5818""","=""L4739""",
Xe,1,"=""840.91894""","=""0.00005""","=""840.9191+""","=""2000""","=""3.06e+06""",B+,"=""67067.547""","=""78956.031""","=""5p5.(2P*<3/2>).6s""","=""2[3/2]*""","=""2""","=""5p5.(2P*<3/2>).6p""","=""2[3/2]""","=""1""",5,3,,"=""T3269""","=""L7292c110""",
Xe,1,"=""843.755""","=""0.001""","=""843.7563+""","=""10""","=""9.0e+04""",C,"=""78956.031""","=""90804.538""","=""5p5.(2P*<3/2>).6p""","=""2[3/2]""","=""1""","=""5p5.(2P*<3/2>).8s""","=""2[3/2]*""","=""2""",3,5,,"=""T5818""","=""L4739""",
Xe,1,"=""852.255""","=""0.001""","=""852.2543+""","=""30""","=""3.3e+05""",D+,"=""76196.767""","=""87927.131""","=""5p5.(2P*<1/2>).6s""","=""2[1/2]*""","=""0""","=""5p5.(2P*<3/2>).7p""","=""2[1/2]""","=""1""",1,3,,"=""T8608""","=""L4739""",
Xe,1,"=""853.010""","=""0.001""","=""853.0104+""","=""30""","=""7.90e+05""",B+,"=""79212.465""","=""90932.432""","=""5p5.(2P*<3/2>).6p""","=""2[3/2]""","=""2""","=""5p5.(2P*<3/2>).8s""","=""2[3/2]*""","=""1""",5,3,,"=""T5818""","=""L4739""",
Xe,1,"=""857.601""","=""0.001""","=""857.6022+""","=""200""","=""5.28e+06""",B,"=""77185.041""","=""88842.256""","=""5p5.(2P*<1/2>).6s""","=""2[1/2]*""","=""1""","=""5p5.(2P*<3/2>).7p""","=""2[1/2]""","=""0""",3,1,,"=""T8608n,T6672""","=""L4739""",
Xe,1,"=""862.424""","=""0.001""","=""862.4216+""","=""80""","=""1.06e+06""",B+,"=""79212.465""","=""90804.538""","=""5p5.(2P*<3/2>).6p""","=""2[3/2]""","=""2""","=""5p5.(2P*<3/2>).8s""","=""2[3/2]*""","=""2""",5,5,,"=""T5818""","=""L4739""",
Xe,1,"=""864.854""","=""0.001""","=""864.8504+""","=""250""","=""2.4e+06""",D+,"=""77185.041""","=""88744.559""","=""5p5.(2P*<1/2>).6s""","=""2[1/2]*""","=""1""","=""5p5.(2P*<3/2>).7p""","=""2[3/2]""","=""1""",3,3,,"=""T8608""","=""L4739""",
Xe,1,"=""869.220""","=""0.001""","=""869.2162+""","=""100""","=""1.08e+06""",B,"=""77185.041""","=""88686.500""","=""5p5.(2P*<1/2>).6s""","=""2[1/2]*""","=""1""","=""5p5.(2P*<3/2>).7p""","=""2[3/2]""","=""2""",3,5,,"=""T8608n,T6672""","=""L4739""",
Xe,1,"=""881.94106""","=""0.00005""","=""881.9410+""","=""5000""","=""3.00e+07""",A+,"=""67067.547""","=""78403.061""","=""5p5.(2P*<3/2>).6s""","=""2[3/2]*""","=""2""","=""5p5.(2P*<3/2>).6p""","=""2[5/2]""","=""3""",5,7,,"=""T3269""","=""L7292c110""",
Xe,1,"=""893.083""","=""0.001""","=""893.0837+""","=""200""","=""2.2e+07""",C,"=""77185.041""","=""88379.126""","=""5p5.(2P*<1/2>).6s""","=""2[1/2]*""","=""1""","=""5p5.(2P*<1/2>).6p""","=""2[3/2]""","=""1""",3,3,,"=""T5100n,T3269""","=""L4739""",
Xe,1,"=""895.22509""","=""0.00005""","=""895.2251+""","=""1000""","=""8.1e+06""",C+,"=""68045.156""","=""79212.465""","=""5p5.(2P*<3/2>).6s""","=""2[3/2]*""","=""1""","=""5p5.(2P*<3/2>).6p""","=""2[3/2]""","=""2""",3,5,,"=""T3269n,T6714""","=""L7292c110""",
Xe,1,"=""895.278""","=""0.001""","=""895.2787+""","=""50""","=""7.e+05""",D,"=""77185.041""","=""88351.681""","=""5p5.(2P*<1/2>).6s""","=""2[1/2]*""","=""1""","=""5p5.(2P*<3/2>).7p""","=""2[5/2]""","=""2""",3,5,,"=""T8608n,T6672""","=""L4739""",
Xe,1,"=""904.54466""","=""0.00005""","=""904.5448+""","=""400""","=""1.24e+07""",B+,"=""67067.547""","=""78119.798""","=""5p5.(2P*<3/2>).6s""","=""2[3/2]*""","=""2""","=""5p5.(2P*<3/2>).6p""","=""2[5/2]""","=""2""",5,5,,"=""T3269""","=""L7292c110""",
Xe,1,"=""916.26520""","=""0.00005""","=""916.2653+""","=""500""","=""2.4e+07""",C+,"=""68045.156""","=""78956.031""","=""5p5.(2P*<3/2>).6s""","=""2[3/2]*""","=""1""","=""5p5.(2P*<3/2>).6p""","=""2[3/2]""","=""1""",3,3,,"=""T3269n,T6714""","=""L7292""",
Xe,1,"=""924.518""","=""0.002""","=""924.5188+""","=""3""","=""4.20e+05""",B+,"=""80118.962""","=""90932.432""","=""5p5.(2P*<3/2>).6p""","=""2[1/2]""","=""0""","=""5p5.(2P*<3/2>).8s""","=""2[3/2]*""","=""1""",1,3,,"=""T5818""","=""L4739""",
Xe,1,"=""930.664""","=""0.002""","=""930.6622+""","=""40""","=""4.2e+06""",D+,"=""77185.041""","=""87927.131""","=""5p5.(2P*<1/2>).6s""","=""2[1/2]*""","=""1""","=""5p5.(2P*<3/2>).7p""","=""2[1/2]""","=""1""",3,3,,"=""T8608""","=""L4739""",
Xe,1,"=""979.9697""","=""0.0002""","=""979.9699+""","=""2000""","=""3.11e+07""",B+,"=""67067.547""","=""77269.145""","=""5p5.(2P*<3/2>).6s""","=""2[3/2]*""","=""2""","=""5p5.(2P*<3/2>).6p""","=""2[1/2]""","=""1""",5,3,,"=""T3269""","=""L7292""",
Xe,1,"=""992.3198""","=""0.0002""","=""992.3190+""","=""3000""","=""1.30e+07""",B+,"=""68045.156""","=""78119.798""","=""5p5.(2P*<3/2>).6s""","=""2[3/2]*""","=""1""","=""5p5.(2P*<3/2>).6p""","=""2[5/2]""","=""2""",3,5,,"=""T3269,T6714""","=""L7292""",
