element,sp_num,obs_wl_air(nm),ritz_wl_air(nm),unc_ritz_wl,intens,Aki(s^-1),Acc,Ei(cm-1),Ek(cm-1),conf_i,term_i,J_i,conf_k,term_k,J_k,g_i,g_k,Type,tp_ref,line_ref,
Y,1,"=""274.25018""","=""274.250022""","=""0.000015""","=""70""","=""6.6e+05""",B,"=""0.000""","=""36452.295""","=""4d.5s2""","=""a 2D""","=""3/2""","=""4d2.(1D).5p""","=""w 2D*""","=""3/2""",4,4,,"=""T9421""","=""L7610,L3475""",
Y,1,"=""288.64547""","=""288.64547""","=""0.00003""","=""95""","=""1.72e+06""",C+,"=""11359.757""","=""45994.176""","=""5s2.5p""","=""z 2P*""","=""3/2""","=""5p2.(3P).4d?""","=""f 2P""","=""3/2""",4,4,,"=""T9421""","=""L7610,L3475""",
Y,1,"=""294.8406""","=""294.840250""","=""0.000009""","=""390""","=""3.56e+07""",B+,"=""0.000""","=""33906.761""","=""4d.5s2""","=""a 2D""","=""3/2""","=""4d2.(3F).5p""","=""x 2D*""","=""3/2""",4,4,,"=""T4373""","=""L7610,L3475""",
Y,1,"=""297.4588""","=""297.458610""","=""0.000009""","=""480""","=""3.52e+07""",B+,"=""0.000""","=""33608.312""","=""4d.5s2""","=""a 2D""","=""3/2""","=""4d2.(3F).5p""","=""x 2F*""","=""5/2""",4,6,,"=""T4373""","=""L7610,L3475""",
Y,1,"=""298.4254""","=""298.425284""","=""0.000020""","=""750""","=""4.78e+07""",B+,"=""530.351""","=""34029.802""","=""4d.5s2""","=""a 2D""","=""5/2""","=""4d2.(3F).5p""","=""x 2F*""","=""7/2""",6,8,,"=""T4373""","=""L7610,L3475""",
Y,1,"=""299.52574""","=""299.525466""","=""0.000013""","=""70""","=""5.1e+06""",B+,"=""530.351""","=""33906.761""","=""4d.5s2""","=""a 2D""","=""5/2""","=""4d2.(3F).5p""","=""x 2D*""","=""3/2""",6,4,,"=""T4373""","=""L7610,L3475""",
Y,1,"=""299.6939""","=""299.694300""","=""0.000009""","=""140""","=""8.4e+06""",B+,"=""0.000""","=""33357.608""","=""4d.5s2""","=""a 2D""","=""3/2""","=""4d2.(3F).5p""","=""y 4D*""","=""5/2""",4,6,,"=""T4373""","=""L7610,L3475""",
Y,1,"=""300.52618""","=""300.525976""","=""0.000009""","=""70""","=""4.7e+06""",B+,"=""0.000""","=""33265.298""","=""4d.5s2""","=""a 2D""","=""3/2""","=""4d2.(3F).5p""","=""y 4D*""","=""3/2""",4,4,,"=""T9421""","=""L7610,L3475""",
Y,1,"=""302.22814""","=""302.228076""","=""0.000013""","=""90""","=""6.6e+06""",B+,"=""530.351""","=""33608.312""","=""4d.5s2""","=""a 2D""","=""5/2""","=""4d2.(3F).5p""","=""x 2F*""","=""5/2""",6,6,,"=""T4373""","=""L7610,L3475""",
Y,1,"=""303.8467""","=""303.846861""","=""0.000013""","=""12""","=""5.2e+05""",B+,"=""530.351""","=""33432.092""","=""4d.5s2""","=""a 2D""","=""5/2""","=""4d2.(3F).5p""","=""z 2G*""","=""7/2""",6,8,,"=""T9421""","=""L7610""",
Y,1,"=""304.53628""","=""304.536308""","=""0.000013""","=""190""","=""1.07e+07""",B+,"=""530.351""","=""33357.608""","=""4d.5s2""","=""a 2D""","=""5/2""","=""4d2.(3F).5p""","=""y 4D*""","=""5/2""",6,6,,"=""T4373""","=""L7610,L3475""",
Y,1,"=""""","=""305.395112""","=""0.000013""","=""""","=""1.86e+05""",B,"=""530.351""","=""33265.298""","=""4d.5s2""","=""a 2D""","=""5/2""","=""4d2.(3F).5p""","=""y 4D*""","=""3/2""",6,4,,"=""T9421""","=""""",
Y,2,"=""311.2029""","=""311.20295+""","=""""","=""55*""","=""1.30e+06""",C+,"=""0.000""","=""32124.054""","=""5s2""","=""a 1S""","=""0""","=""4d.5p""","=""y 3P*""","=""1""",1,3,,"=""T4373""","=""L10987,L3475""",
Y,1,"=""315.56472""","=""315.56477""","=""0.00004""","=""13""","=""2.7e+05""",C+,"=""0.000""","=""31680.043""","=""4d.5s2""","=""a 2D""","=""3/2""","=""4d2.(3F).5p""","=""y 4F*""","=""5/2""",4,6,,"=""T4373""","=""L7610""",
Y,1,"=""317.28352""","=""317.28347""","=""0.00005""","=""3""","=""1.01e+06""",C+,"=""0.000""","=""31508.441""","=""4d.5s2""","=""a 2D""","=""3/2""","=""4d2.(3F).5p""","=""y 4F*""","=""3/2""",4,4,,"=""T4373""","=""L7610""",
Y,2,"=""317.9415""","=""317.94160+""","=""""","=""220""","=""3.78e+06""",B+,"=""840.198""","=""32283.420""","=""4d.5s""","=""a 3D""","=""1""","=""4d.5p""","=""y 3P*""","=""2""",3,5,,"=""T4373""","=""L10987,L3475""",
Y,1,"=""318.5944""","=""318.59424""","=""0.00005""","=""1""","=""1.92e+05""",C+,"=""530.351""","=""31909.164""","=""4d.5s2""","=""a 2D""","=""5/2""","=""4d2.(3F).5p""","=""y 4F*""","=""7/2""",6,8,,"=""T9421""","=""L7610""",
Y,2,"=""319.5613""","=""319.56132+""","=""""","=""2300""","=""8.2e+07""",B+,"=""840.198""","=""32124.054""","=""4d.5s""","=""a 3D""","=""1""","=""4d.5p""","=""y 3P*""","=""1""",3,3,,"=""T4373""","=""L10987,L3475""",
Y,2,"=""320.0269""","=""320.02691+""","=""""","=""2200""","=""4.8e+07""",B+,"=""1045.076""","=""32283.420""","=""4d.5s""","=""a 3D""","=""2""","=""4d.5p""","=""y 3P*""","=""2""",5,5,,"=""T4373""","=""L10987,L3475""",
Y,2,"=""320.3320""","=""320.33203+""","=""""","=""2200""","=""2.76e+08""",B+,"=""840.198""","=""32048.788""","=""4d.5s""","=""a 3D""","=""1""","=""4d.5p""","=""y 3P*""","=""0""",3,1,,"=""T4373""","=""L10987,L3475""",
Y,1,"=""320.9377""","=""320.93774""","=""0.00004""","=""1""","=""3.0e+05""",C+,"=""530.351""","=""31680.043""","=""4d.5s2""","=""a 2D""","=""5/2""","=""4d2.(3F).5p""","=""y 4F*""","=""5/2""",6,6,,"=""T4373""","=""L7610""",
Y,2,"=""321.6680""","=""321.66800+""","=""""","=""3560""","=""2.03e+08""",B,"=""1045.076""","=""32124.054""","=""4d.5s""","=""a 3D""","=""2""","=""4d.5p""","=""y 3P*""","=""1""",5,3,,"=""T4373""","=""L10987,L3475""",
Y,1,"=""322.708""","=""322.71563""","=""0.00005""","=""""","=""1.09e+05""",C+,"=""530.351""","=""31508.441""","=""4d.5s2""","=""a 2D""","=""5/2""","=""4d2.(3F).5p""","=""y 4F*""","=""3/2""",6,4,,"=""T4373""","=""L7621""",
Y,2,"=""324.2272""","=""324.22725+""","=""""","=""6200""","=""2.03e+08""",B+,"=""1449.752""","=""32283.420""","=""4d.5s""","=""a 3D""","=""3""","=""4d.5p""","=""y 3P*""","=""2""",7,5,,"=""T4373""","=""L10987,L3475""",
Y,1,"=""334.0378""","=""334.03796""","=""0.00005""","=""55""","=""9.3e+05""",C+,"=""16066.064""","=""45994.176""","=""4d.5s.(3D).5p""","=""z 2D*""","=""5/2""","=""5p2.(3P).4d?""","=""f 2P""","=""3/2""",6,4,,"=""T9421""","=""L7610,L3475""",
Y,1,"=""""","=""334.93412""","=""0.00005""","=""""","=""1.21e+06""",C+,"=""16146.138""","=""45994.176""","=""4d.5s.(3D).5p""","=""z 2D*""","=""3/2""","=""5p2.(3P).4d?""","=""f 2P""","=""3/2""",4,4,,"=""T9421""","=""""",
Y,2,"=""344.8804""","=""344.88056+""","=""""","=""200""","=""4.1e+06""",B+,"=""3296.180""","=""32283.420""","=""4d.5s""","=""a 1D""","=""2""","=""4d.5p""","=""y 3P*""","=""2""",5,5,,"=""T4373""","=""L10987,L3475""",
Y,2,"=""346.7871""","=""346.78718+""","=""""","=""110""","=""2.70e+06""",B,"=""3296.180""","=""32124.054""","=""4d.5s""","=""a 1D""","=""2""","=""4d.5p""","=""y 3P*""","=""1""",5,3,,"=""T4373""","=""L10987,L3475""",
Y,1,"=""348.40475""","=""348.404703""","=""0.000024""","=""600""","=""6.7e+05""",B+,"=""0.000""","=""28694.040""","=""4d.5s2""","=""a 2D""","=""3/2""","=""4d2.(3F).5p""","=""z 4G*""","=""5/2""",4,6,,"=""T9421""","=""L7610""",
Y,2,"=""349.6079""","=""349.60797+""","=""""","=""1700""","=""3.49e+07""",B+,"=""0.000""","=""28595.285""","=""5s2""","=""a 1S""","=""0""","=""4d.5p""","=""z 3D*""","=""1""",1,3,,"=""T4373""","=""L10987,L3475""",
Y,1,"=""351.05169""","=""351.05176""","=""0.00006""","=""4""","=""1.24e+06""",C+,"=""15712.522""","=""44190.205""","=""4d.5s.(3D).5p""","=""z 4F*""","=""7/2""","=""5p2.(3P).4d""","=""4F""","=""9/2""",8,10,,"=""T9421""","=""L7610""",
Y,2,"=""354.9002""","=""354.90027+""","=""""","=""3900""","=""4.0e+07""",B+,"=""1045.076""","=""29213.958""","=""4d.5s""","=""a 3D""","=""2""","=""4d.5p""","=""z 3D*""","=""3""",5,7,,"=""T4373""","=""L10987,L3475""",
Y,1,"=""354.96586""","=""354.96571""","=""0.00003""","=""3""","=""8.2e+04""",C+,"=""530.351""","=""28694.040""","=""4d.5s2""","=""a 2D""","=""5/2""","=""4d2.(3F).5p""","=""z 4G*""","=""5/2""",6,6,,"=""T9421""","=""L7610""",
Y,1,"=""355.26905""","=""355.26902""","=""0.00003""","=""540""","=""2.28e+07""",B+,"=""0.000""","=""28139.645""","=""4d.5s2""","=""a 2D""","=""3/2""","=""4d.5s.(1D).5p""","=""x 2P*""","=""3/2""",4,4,,"=""T4373""","=""L7610,L3475""",
Y,1,"=""357.60526""","=""357.60514""","=""0.00007""","=""260""","=""9.0e+06""",B,"=""16234.382""","=""44190.205""","=""4d.5s.(3D).5p""","=""z 4F*""","=""9/2""","=""5p2.(3P).4d""","=""4F""","=""9/2""",10,10,,"=""T9421""","=""L7610,L3475""",
Y,2,"=""358.4514""","=""358.45156+""","=""""","=""3300""","=""4.0e+07""",B+,"=""840.198""","=""28730.010""","=""4d.5s""","=""a 3D""","=""1""","=""4d.5p""","=""z 3D*""","=""2""",3,5,,"=""T4373""","=""L10987,L3475""",
Y,2,"=""360.0731""","=""360.07325+""","=""""","=""10000""","=""1.38e+08""",B+,"=""1449.752""","=""29213.958""","=""4d.5s""","=""a 3D""","=""3""","=""4d.5p""","=""z 3D*""","=""3""",7,7,,"=""T4373""","=""L10987,L3475""",
Y,2,"=""360.1915""","=""360.19155+""","=""""","=""6200""","=""1.12e+08""",B+,"=""840.198""","=""28595.285""","=""4d.5s""","=""a 3D""","=""1""","=""4d.5p""","=""z 3D*""","=""1""",3,3,,"=""T4373""","=""L10987,L3475""",
Y,2,"=""361.1043""","=""361.10430+""","=""""","=""7800""","=""1.04e+08""",B+,"=""1045.076""","=""28730.010""","=""4d.5s""","=""a 3D""","=""2""","=""4d.5p""","=""z 3D*""","=""2""",5,5,,"=""T4373""","=""L10987,L3475""",
Y,1,"=""362.0940""","=""362.09363""","=""0.00003""","=""4300""","=""2.34e+08""",B+,"=""530.351""","=""28139.645""","=""4d.5s2""","=""a 2D""","=""5/2""","=""4d.5s.(1D).5p""","=""x 2P*""","=""3/2""",6,4,,"=""T4373""","=""L7610,L3475""",
Y,2,"=""362.8700""","=""362.87020+""","=""""","=""1900""","=""3.29e+07""",B+,"=""1045.076""","=""28595.285""","=""4d.5s""","=""a 3D""","=""2""","=""4d.5p""","=""z 3D*""","=""1""",5,3,,"=""T4373""","=""L10987,L3475""",
Y,2,"=""363.3121""","=""363.31212+""","=""""","=""7800""","=""1.3e+08""",D+,"=""0.000""","=""27516.699""","=""5s2""","=""a 1S""","=""0""","=""4d.5p""","=""z 1P*""","=""1""",1,3,,"=""T4373""","=""L10987,L3475""",
Y,2,"=""366.4610""","=""366.46107+""","=""""","=""3000""","=""3.7e+07""",B+,"=""1449.752""","=""28730.010""","=""4d.5s""","=""a 3D""","=""3""","=""4d.5p""","=""z 3D*""","=""2""",7,5,,"=""T4373""","=""L10987,L3475""",
Y,1,"=""369.25234""","=""369.25229""","=""0.00007""","=""170""","=""4.2e+06""",B,"=""17116.156""","=""44190.205""","=""4d.5s.(3D).5p""","=""z 4D*""","=""7/2""","=""5p2.(3P).4d""","=""4F""","=""9/2""",8,10,,"=""T9421""","=""L7610,L3475""",
Y,2,"=""371.0287""","=""371.02873+""","=""""","=""13000""","=""1.54e+08""",B+,"=""1449.752""","=""28394.177""","=""4d.5s""","=""a 3D""","=""3""","=""4d.5p""","=""z 3F*""","=""4""",7,9,,"=""T4373""","=""L10987,L3475""",
Y,2,"=""374.7551""","=""374.75523+""","=""""","=""1200""","=""2.0e+07""",D+,"=""840.198""","=""27516.699""","=""4d.5s""","=""a 3D""","=""1""","=""4d.5p""","=""z 1P*""","=""1""",3,3,,"=""T4373""","=""L10987,L3475""",
Y,2,"=""377.4330""","=""377.43299+""","=""""","=""10000""","=""1.10e+08""",B+,"=""1045.076""","=""27532.321""","=""4d.5s""","=""a 3D""","=""2""","=""4d.5p""","=""z 3F*""","=""3""",5,7,,"=""T4373""","=""L10987,L3475""",
Y,2,"=""377.6556""","=""377.65573+""","=""""","=""1400""","=""2.4e+07""",D+,"=""1045.076""","=""27516.699""","=""4d.5s""","=""a 3D""","=""2""","=""4d.5p""","=""z 1P*""","=""1""",5,3,,"=""T4373""","=""L10987,L3475""",
Y,2,"=""378.8693""","=""378.86936+""","=""""","=""7400""","=""8.0e+07""",B+,"=""840.198""","=""27227.027""","=""4d.5s""","=""a 3D""","=""1""","=""4d.5p""","=""z 3F*""","=""2""",3,5,,"=""T4373""","=""L10987,L3475""",
Y,2,"=""381.8341""","=""381.83414+""","=""""","=""1300""","=""9.7e+06""",B+,"=""1045.076""","=""27227.027""","=""4d.5s""","=""a 3D""","=""2""","=""4d.5p""","=""z 3F*""","=""2""",5,5,,"=""T4373""","=""L10987,L3475""",
Y,2,"=""383.2889""","=""383.28908+""","=""""","=""4000""","=""2.95e+07""",B+,"=""1449.752""","=""27532.321""","=""4d.5s""","=""a 3D""","=""3""","=""4d.5p""","=""z 3F*""","=""3""",7,7,,"=""T4373""","=""L10987,L3475""",
Y,2,"=""387.8285""","=""387.82868+""","=""""","=""480""","=""2.83e+06""",B+,"=""1449.752""","=""27227.027""","=""4d.5s""","=""a 3D""","=""3""","=""4d.5p""","=""z 3F*""","=""2""",7,5,,"=""T4373""","=""L10987,L3475""",
Y,1,"=""""","=""391.81682""","=""0.00003""","=""""","=""4.4e+06""",B+,"=""10937.390""","=""36452.295""","=""4d2.(3F).5s""","=""a 4F""","=""3/2""","=""4d2.(1D).5p""","=""w 2D*""","=""3/2""",4,4,,"=""T9421""","=""""",
Y,2,"=""393.0658""","=""393.06583+""","=""""","=""240""","=""2.12e+06""",B,"=""3296.180""","=""28730.010""","=""4d.5s""","=""a 1D""","=""2""","=""4d.5p""","=""z 3D*""","=""2""",5,5,,"=""T4373""","=""L10987,L3475""",
Y,2,"=""395.0349""","=""395.03494+""","=""""","=""4400""","=""2.78e+07""",B+,"=""840.198""","=""26147.252""","=""4d.5s""","=""a 3D""","=""1""","=""4d.5p""","=""z 1D*""","=""2""",3,5,,"=""T4373""","=""L10987,L3475""",
Y,2,"=""395.1590""","=""395.15907+""","=""""","=""150""","=""1.47e+06""",B,"=""3296.180""","=""28595.285""","=""4d.5s""","=""a 1D""","=""2""","=""4d.5p""","=""z 3D*""","=""1""",5,3,,"=""T4373""","=""L10987,L3475""",
Y,2,"=""398.2592""","=""398.25920+""","=""""","=""3600""","=""2.71e+07""",B+,"=""1045.076""","=""26147.252""","=""4d.5s""","=""a 3D""","=""2""","=""4d.5p""","=""z 1D*""","=""2""",5,5,,"=""T4373""","=""L10987,L3475""",
Y,1,"=""""","=""398.97799""","=""0.00004""","=""""","=""7.1e+06""",B,"=""11078.614""","=""36135.567""","=""4d2.(3F).5s""","=""a 4F""","=""5/2""","=""4d2.(3P).5p""","=""z 4S*""","=""3/2""",6,4,,"=""T9421""","=""""",
Y,1,"=""403.9826""","=""403.982219""","=""0.000016""","=""940""","=""1.12e+07""",B+,"=""0.000""","=""24746.573""","=""4d.5s2""","=""a 2D""","=""3/2""","=""4d.5s.(1D).5p""","=""y 2D*""","=""5/2""",4,6,,"=""T4373""","=""L7610,L3475""",
Y,1,"=""407.7359""","=""407.735998""","=""0.000017""","=""9400""","=""1.11e+08""",C+,"=""0.000""","=""24518.751""","=""4d.5s2""","=""a 2D""","=""3/2""","=""4d.5s.(1D).5p""","=""y 2F*""","=""5/2""",4,6,,"=""T4373""","=""L7610,L3475""",
Y,1,"=""408.3705""","=""408.37033""","=""0.00003""","=""2000""","=""2.5e+07""",C+,"=""0.000""","=""24480.666""","=""4d.5s2""","=""a 2D""","=""3/2""","=""4d.5s.(3D).5p""","=""y 2P*""","=""3/2""",4,4,,"=""T4373""","=""L7610,L3475""",
Y,1,"=""""","=""408.62186""","=""0.00007""","=""""","=""3.8e+06""",C+,"=""21528.579""","=""45994.176""","=""4d.5s.(3D).5p""","=""z 2F*""","=""5/2""","=""5p2.(3P).4d?""","=""f 2P""","=""3/2""",6,4,,"=""T9421""","=""""",
Y,1,"=""410.2364""","=""410.23691""","=""0.00004""","=""9900""","=""1.27e+08""",C+,"=""530.351""","=""24899.632""","=""4d.5s2""","=""a 2D""","=""5/2""","=""4d.5s.(1D).5p""","=""y 2F*""","=""7/2""",6,8,,"=""T4373""","=""L7610,L3475""",
Y,2,"=""412.4904""","=""412.49058+""","=""""","=""320""","=""1.76e+06""",B+,"=""3296.180""","=""27532.321""","=""4d.5s""","=""a 1D""","=""2""","=""4d.5p""","=""z 3F*""","=""3""",5,7,,"=""T4373""","=""L10987,L3475""",
Y,1,"=""412.8304""","=""412.829876""","=""0.000024""","=""8900""","=""1.56e+08""",A,"=""530.351""","=""24746.573""","=""4d.5s2""","=""a 2D""","=""5/2""","=""4d.5s.(1D).5p""","=""y 2D*""","=""5/2""",6,6,,"=""T4373""","=""L7611,L3475""",
Y,1,"=""414.2841""","=""414.28358""","=""0.00003""","=""7500""","=""1.59e+08""",B+,"=""0.000""","=""24131.250""","=""4d.5s2""","=""a 2D""","=""3/2""","=""4d.5s.(1D).5p""","=""y 2D*""","=""3/2""",4,4,,"=""T4373""","=""L7610,L3475""",
Y,1,"=""416.75131""","=""416.750671""","=""0.000025""","=""2400""","=""2.4e+07""",C,"=""530.351""","=""24518.751""","=""4d.5s2""","=""a 2D""","=""5/2""","=""4d.5s.(1D).5p""","=""y 2F*""","=""5/2""",6,6,,"=""T4373""","=""L7610,L3475""",
Y,1,"=""417.41332""","=""417.41339""","=""0.00004""","=""2000""","=""3.1e+07""",C+,"=""530.351""","=""24480.666""","=""4d.5s2""","=""a 2D""","=""5/2""","=""4d.5s.(3D).5p""","=""y 2P*""","=""3/2""",6,4,,"=""T4373""","=""L7610,L3475""",
Y,2,"=""417.7528""","=""417.75296+""","=""""","=""8000""","=""5.3e+07""",B+,"=""3296.180""","=""27227.027""","=""4d.5s""","=""a 1D""","=""2""","=""4d.5p""","=""z 3F*""","=""2""",5,5,,"=""T4373""","=""L10987,L3475""",
Y,2,"=""419.9273""","=""419.92757+""","=""""","=""120""","=""5.35e+05""",A,"=""840.198""","=""24647.121""","=""4d.5s""","=""a 3D""","=""1""","=""5s.5p""","=""z 3P*""","=""2""",3,5,,"=""T4373""","=""L10987,L3475""",
Y,2,"=""420.4692""","=""420.46940+""","=""""","=""380""","=""2.19e+06""",A+,"=""0.000""","=""23776.245""","=""5s2""","=""a 1S""","=""0""","=""5s.5p""","=""z 3P*""","=""1""",1,3,,"=""T4373""","=""L10987,L3475""",
Y,1,"=""423.13017""","=""423.13004""","=""0.00003""","=""3""","=""1.2e+06""",D+,"=""10529.169""","=""34155.912""","=""5s2.5p""","=""z 2P*""","=""1/2""","=""5p2.(3P).5s""","=""e 4P""","=""3/2""",2,4,,"=""T4373""","=""L7610""",
Y,1,"=""423.25412""","=""423.25415""","=""0.00003""","=""14""","=""2.0e+06""",D+,"=""15245.803""","=""38865.618""","=""4d.5s.(3D).5p""","=""z 4F*""","=""5/2""","=""4d.5s.(3D).5d""","=""f 4D""","=""7/2""",6,8,,"=""T4373""","=""L7610""",
Y,2,"=""423.5727""","=""423.5728+""","=""""","=""600""","=""2.32e+06""",A+,"=""1045.076""","=""24647.121""","=""4d.5s""","=""a 3D""","=""2""","=""5s.5p""","=""z 3P*""","=""2""",5,5,,"=""T4373""","=""L10987,L3475""",
Y,1,"=""423.5929""","=""423.59340""","=""0.00004""","=""2200""","=""3.00e+07""",B+,"=""530.351""","=""24131.250""","=""4d.5s2""","=""a 2D""","=""5/2""","=""4d.5s.(1D).5p""","=""y 2D*""","=""3/2""",6,4,,"=""T4373""","=""L7610,L3475""",
Y,2,"=""430.9620""","=""430.9622+""","=""""","=""2800""","=""1.285e+07""",A+,"=""1449.752""","=""24647.121""","=""4d.5s""","=""a 3D""","=""3""","=""5s.5p""","=""z 3P*""","=""2""",7,5,,"=""T4373""","=""L10987,L3475""",
Y,1,"=""431.78631""","=""431.78625""","=""0.00003""","=""8""","=""1.5e+06""",D+,"=""15712.522""","=""38865.618""","=""4d.5s.(3D).5p""","=""z 4F*""","=""7/2""","=""4d.5s.(3D).5d""","=""f 4D""","=""7/2""",8,8,,"=""T4373""","=""L7610""",
Y,1,"=""435.2404""","=""435.24004""","=""0.00003""","=""4""","=""6.6e+05""",C+,"=""10937.390""","=""33906.761""","=""4d2.(3F).5s""","=""a 4F""","=""3/2""","=""4d2.(3F).5p""","=""x 2D*""","=""3/2""",4,4,,"=""T4373""","=""L7610""",
Y,2,"=""435.8723""","=""435.8724+""","=""""","=""800""","=""5.55e+06""",A+,"=""840.198""","=""23776.245""","=""4d.5s""","=""a 3D""","=""1""","=""5s.5p""","=""z 3P*""","=""1""",3,3,,"=""T4373""","=""L10987,L3475""",
Y,1,"=""436.60235""","=""436.60258""","=""0.00003""","=""120""","=""1.37e+07""",C+,"=""11359.757""","=""34257.447""","=""5s2.5p""","=""z 2P*""","=""3/2""","=""5s2.(2D).5d""","=""e 2D""","=""5/2""",4,6,,"=""T4373""","=""L7610,L3475""",
Y,2,"=""437.4933""","=""437.4933+""","=""""","=""12000""","=""1.0e+08""",A,"=""3296.180""","=""26147.252""","=""4d.5s""","=""a 1D""","=""2""","=""4d.5p""","=""z 1D*""","=""2""",5,5,,"=""T4373""","=""L10987,L3475""",
Y,1,"=""437.9327""","=""437.93265""","=""0.00003""","=""80""","=""7.9e+06""",B+,"=""11078.614""","=""33906.761""","=""4d2.(3F).5s""","=""a 4F""","=""5/2""","=""4d2.(3F).5p""","=""x 2D*""","=""3/2""",6,4,,"=""T4373""","=""L7610,L3475""",
Y,1,"=""438.5474""","=""438.54726""","=""0.00003""","=""30""","=""6.9e+06""",D+,"=""11359.757""","=""34155.912""","=""5s2.5p""","=""z 2P*""","=""3/2""","=""5p2.(3P).5s""","=""e 4P""","=""3/2""",4,4,,"=""T4373""","=""L7610,L3475""",
Y,1,"=""439.4007""","=""439.40080""","=""0.00004""","=""30""","=""1.95e+06""",B+,"=""11277.928""","=""34029.802""","=""4d2.(3F).5s""","=""a 4F""","=""7/2""","=""4d2.(3F).5p""","=""x 2F*""","=""7/2""",8,8,,"=""T4373""","=""L7610,L3475""",
Y,2,"=""439.8008""","=""439.8010+""","=""""","=""1800""","=""1.151e+07""",A+,"=""1045.076""","=""23776.245""","=""4d.5s""","=""a 3D""","=""2""","=""5s.5p""","=""z 3P*""","=""1""",5,3,,"=""T4373""","=""L10987,L3475""",
Y,1,"=""440.9700""","=""440.96981""","=""0.00003""","=""2""","=""2.8e+05""",D+,"=""10937.390""","=""33608.312""","=""4d2.(3F).5s""","=""a 4F""","=""3/2""","=""4d2.(3F).5p""","=""x 2F*""","=""5/2""",4,6,,"=""T4373""","=""L7610""",
Y,1,"=""441.74307""","=""441.74311""","=""0.00004""","=""30""","=""3.2e+06""",D+,"=""16234.382""","=""38865.618""","=""4d.5s.(3D).5p""","=""z 4F*""","=""9/2""","=""4d.5s.(3D).5d""","=""f 4D""","=""7/2""",10,8,,"=""T4373""","=""L7610""",
Y,2,"=""442.2583""","=""442.2585+""","=""""","=""890""","=""1.83e+07""",A+,"=""840.198""","=""23445.063""","=""4d.5s""","=""a 3D""","=""1""","=""5s.5p""","=""z 3P*""","=""0""",3,1,,"=""T4373""","=""L10987,L3475""",
Y,1,"=""443.73402""","=""443.73401""","=""0.00003""","=""80""","=""8.6e+06""",B+,"=""11078.614""","=""33608.312""","=""4d2.(3F).5s""","=""a 4F""","=""5/2""","=""4d2.(3F).5p""","=""x 2F*""","=""5/2""",6,6,,"=""T4373""","=""L7610,L3475""",
Y,1,"=""444.3652""","=""444.36502""","=""0.00006""","=""100""","=""1.04e+07""",B+,"=""11532.096""","=""34029.802""","=""4d2.(3F).5s""","=""a 4F""","=""9/2""","=""4d2.(3F).5p""","=""x 2F*""","=""7/2""",10,8,,"=""T4373""","=""L7610,L3475""",
Y,1,"=""445.9010""","=""445.90084""","=""0.00003""","=""37""","=""1.77e+06""",B+,"=""10937.390""","=""33357.608""","=""4d2.(3F).5s""","=""a 4F""","=""3/2""","=""4d2.(3F).5p""","=""y 4D*""","=""5/2""",4,6,,"=""T4373""","=""L7610""",
Y,1,"=""""","=""447.23218""","=""0.00003""","=""""","=""6.3e+05""",B+,"=""11078.614""","=""33432.092""","=""4d2.(3F).5s""","=""a 4F""","=""5/2""","=""4d2.(3F).5p""","=""z 2G*""","=""7/2""",6,8,,"=""T9421""","=""""",
Y,1,"=""447.6951""","=""447.69471""","=""0.00003""","=""180""","=""2.72e+07""",B+,"=""11277.928""","=""33608.312""","=""4d2.(3F).5s""","=""a 4F""","=""7/2""","=""4d2.(3F).5p""","=""x 2F*""","=""5/2""",8,6,,"=""T4373""","=""L7610,L3475""",
Y,1,"=""447.74424""","=""447.74436""","=""0.00003""","=""160""","=""3.21e+07""",B+,"=""10937.390""","=""33265.298""","=""4d2.(3F).5s""","=""a 4F""","=""3/2""","=""4d2.(3F).5p""","=""y 4D*""","=""3/2""",4,4,,"=""T9421""","=""L7610,L3475""",
Y,1,"=""448.44389""","=""448.44371""","=""0.00004""","=""45""","=""4.6e+06""",B+,"=""15326.741""","=""37619.829""","=""4d2.(3F).5s""","=""a 2F""","=""5/2""","=""4d2.(1D).5p""","=""w 2F*""","=""7/2""",6,8,,"=""T9421""","=""L7610""",
Y,1,"=""448.7279""","=""448.72741""","=""0.00003""","=""110""","=""2.01e+07""",B+,"=""11078.614""","=""33357.608""","=""4d2.(3F).5s""","=""a 4F""","=""5/2""","=""4d2.(3F).5p""","=""y 4D*""","=""5/2""",6,6,,"=""T4373""","=""L7610,L3475""",
Y,1,"=""448.7460""","=""448.74634""","=""0.00008""","=""300""","=""1.49e+08""",B+,"=""10937.390""","=""33215.444""","=""4d2.(3F).5s""","=""a 4F""","=""3/2""","=""4d2.(3F).5p""","=""y 4D*""","=""1/2""",4,2,,"=""T4373""","=""L7610,L3475""",
Y,1,"=""449.17396""","=""449.17366""","=""0.00006""","=""30""","=""2.3e+06""",C+,"=""11532.096""","=""33788.956""","=""4d2.(3F).5s""","=""a 4F""","=""9/2""","=""4d2.(3F).5p""","=""z 2G*""","=""9/2""",10,10,,"=""T4373""","=""L7610,L3475""",
Y,1,"=""450.5948""","=""450.59441""","=""0.00003""","=""500""","=""1.01e+08""",B+,"=""11078.614""","=""33265.298""","=""4d2.(3F).5s""","=""a 4F""","=""5/2""","=""4d2.(3F).5p""","=""y 4D*""","=""3/2""",6,4,,"=""T9421""","=""L7610,L3475""",
Y,1,"=""451.2561""","=""451.25585""","=""0.00003""","=""1""","=""2.57e+05""",B+,"=""11277.928""","=""33432.092""","=""4d2.(3F).5s""","=""a 4F""","=""7/2""","=""4d2.(3F).5p""","=""z 2G*""","=""7/2""",8,8,,"=""T9421""","=""L7610""",
Y,1,"=""451.35745""","=""451.35737""","=""0.00008""","=""50""","=""1.66e+07""",A,"=""15326.741""","=""37475.922""","=""4d2.(3F).5s""","=""a 2F""","=""5/2""","=""4d2.(3P).5p""","=""y 4P*""","=""5/2""",6,6,,"=""T4373""","=""L7610,L3475""",
Y,1,"=""451.4007""","=""451.40066""","=""0.00008""","=""80""","=""3.34e+07""",A,"=""15328.865""","=""37475.922""","=""4d2.(3P).5s""","=""a 4P""","=""3/2""","=""4d2.(3P).5p""","=""y 4P*""","=""5/2""",4,6,,"=""T4373""","=""L7610,L3475""",
Y,1,"=""452.7783""","=""452.77815""","=""0.00003""","=""440""","=""8.3e+07""",B+,"=""11277.928""","=""33357.608""","=""4d2.(3F).5s""","=""a 4F""","=""7/2""","=""4d2.(3F).5p""","=""y 4D*""","=""5/2""",8,6,,"=""T4373""","=""L7610,L3475""",
Y,1,"=""453.40869""","=""453.40865""","=""0.00003""","=""21""","=""4.4e+06""",D+,"=""16816.641""","=""38865.618""","=""4d.5s.(3D).5p""","=""z 4D*""","=""5/2""","=""4d.5s.(3D).5d""","=""f 4D""","=""7/2""",6,8,,"=""T4373""","=""L7610""",
Y,1,"=""454.43060""","=""454.43068""","=""0.00009""","=""100""","=""4.10e+07""",A,"=""15476.533""","=""37475.922""","=""4d2.(3P).5s""","=""a 4P""","=""5/2""","=""4d2.(3P).5p""","=""y 4P*""","=""5/2""",6,6,,"=""T4373""","=""L7610,L3475""",
Y,1,"=""455.9362""","=""455.93627""","=""0.00007""","=""100""","=""3.8e+07""",B,"=""15221.633""","=""37148.377""","=""4d2.(3P).5s""","=""a 4P""","=""1/2""","=""4d2.(3P).5p""","=""y 4P*""","=""3/2""",2,4,,"=""T9421""","=""L7610,L3475""",
Y,1,"=""456.49334""","=""456.49314""","=""0.00005""","=""57""","=""1.74e+06""",B+,"=""11532.096""","=""33432.092""","=""4d2.(3F).5s""","=""a 4F""","=""9/2""","=""4d2.(3F).5p""","=""z 2G*""","=""7/2""",10,8,,"=""T9421""","=""L7610""",
Y,1,"=""458.1325""","=""458.13240""","=""0.00007""","=""35""","=""1.48e+07""",B+,"=""15326.741""","=""37148.377""","=""4d2.(3F).5s""","=""a 2F""","=""5/2""","=""4d2.(3P).5p""","=""y 4P*""","=""3/2""",6,4,,"=""T9421""","=""L7610,L3475""",
Y,1,"=""458.17711""","=""458.17700""","=""0.00007""","=""30""","=""8.7e+06""",B+,"=""15328.865""","=""37148.377""","=""4d2.(3P).5s""","=""a 4P""","=""3/2""","=""4d2.(3P).5p""","=""y 4P*""","=""3/2""",4,4,,"=""T9421""","=""L7610,L3475""",
Y,1,"=""458.2160""","=""458.2161""","=""0.0003""","=""25""","=""1.79e+07""",C+,"=""15221.633""","=""37039.285""","=""4d2.(3P).5s""","=""a 4P""","=""1/2""","=""4d2.(3P).5p""","=""y 4P*""","=""1/2""",2,2,,"=""T9421""","=""L7610""",
Y,1,"=""459.6528""","=""459.65271""","=""0.00003""","=""130""","=""1.9e+07""",D+,"=""17116.156""","=""38865.618""","=""4d.5s.(3D).5p""","=""z 4D*""","=""7/2""","=""4d.5s.(3D).5d""","=""f 4D""","=""7/2""",8,8,,"=""T4373""","=""L7610,L3475""",
Y,1,"=""460.4793""","=""460.4793""","=""0.0003""","=""95""","=""7.1e+07""",B,"=""15328.865""","=""37039.285""","=""4d2.(3P).5s""","=""a 4P""","=""3/2""","=""4d2.(3P).5p""","=""y 4P*""","=""1/2""",4,2,,"=""T9421""","=""L7610,L3475""",
Y,1,"=""461.29908""","=""461.29898""","=""0.00007""","=""40""","=""1.66e+07""",B+,"=""15476.533""","=""37148.377""","=""4d2.(3P).5s""","=""a 4P""","=""5/2""","=""4d2.(3P).5p""","=""y 4P*""","=""3/2""",6,4,,"=""T9421""","=""L7610,L3475""",
Y,1,"=""464.3698""","=""464.368813""","=""0.000022""","=""2000""","=""1.8e+07""",C+,"=""0.000""","=""21528.579""","=""4d.5s2""","=""a 2D""","=""3/2""","=""4d.5s.(3D).5p""","=""z 2F*""","=""5/2""",4,6,,"=""T4373""","=""L7610,L3475""",
Y,1,"=""465.37843""","=""465.37837""","=""0.00009""","=""140""","=""1.56e+07""",A,"=""15994.045""","=""37475.922""","=""4d2.(1D).5s""","=""b 2D""","=""3/2""","=""4d2.(3P).5p""","=""y 4P*""","=""5/2""",4,6,,"=""T4373""","=""L7610""",
Y,1,"=""465.83186""","=""465.83188""","=""0.00005""","=""200h""","=""5.2e+07""",B+,"=""16158.865""","=""37619.829""","=""4d2.(1D).5s""","=""b 2D""","=""5/2""","=""4d2.(1D).5p""","=""w 2F*""","=""7/2""",6,8,,"=""T9421""","=""L7610,L3475""",
Y,1,"=""467.4848""","=""467.48486""","=""0.00003""","=""2000""","=""1.33e+07""",C+,"=""530.351""","=""21915.432""","=""4d.5s2""","=""a 2D""","=""5/2""","=""4d.5s.(3D).5p""","=""z 2F*""","=""7/2""",6,8,,"=""T4373""","=""L7610,L3475""",
Y,2,"=""468.2321""","=""468.2324+""","=""""","=""260""","=""1.88e+06""",A,"=""3296.180""","=""24647.121""","=""4d.5s""","=""a 1D""","=""2""","=""5s.5p""","=""z 3P*""","=""2""",5,5,,"=""T4373""","=""L10987,L3475""",
Y,1,"=""468.9767""","=""468.97666""","=""0.00009""","=""85""","=""3.39e+07""",A,"=""16158.865""","=""37475.922""","=""4d2.(1D).5s""","=""b 2D""","=""5/2""","=""4d2.(3P).5p""","=""y 4P*""","=""5/2""",6,6,,"=""T4373""","=""L7610,L3475""",
Y,1,"=""""","=""469.45524""","=""0.00010""","=""""","=""5.0e+06""",C+,"=""24698.850""","=""45994.176""","=""4d.5s.(3D).5p""","=""y 2P*""","=""1/2""","=""5p2.(3P).4d?""","=""f 2P""","=""3/2""",2,4,,"=""T9421""","=""""",
Y,1,"=""470.88513""","=""470.88512""","=""0.00006""","=""35""","=""9.2e+06""",B+,"=""15221.633""","=""36452.295""","=""4d2.(3P).5s""","=""a 4P""","=""1/2""","=""4d2.(1D).5p""","=""w 2D*""","=""3/2""",2,4,,"=""T9421""","=""L7610,L3475""",
Y,1,"=""472.58417""","=""472.58421""","=""0.00007""","=""60""","=""1.38e+07""",B+,"=""15994.045""","=""37148.377""","=""4d2.(1D).5s""","=""b 2D""","=""3/2""","=""4d2.(3P).5p""","=""y 4P*""","=""3/2""",4,4,,"=""T9421""","=""L7610,L3475""",
Y,1,"=""473.22796""","=""473.22799""","=""0.00005""","=""51""","=""2.28e+07""",B+,"=""15326.741""","=""36452.295""","=""4d2.(3F).5s""","=""a 2F""","=""5/2""","=""4d2.(1D).5p""","=""w 2D*""","=""3/2""",6,4,,"=""T9421""","=""L7610""",
Y,1,"=""473.27542""","=""473.27558""","=""0.00005""","=""1""","=""1.47e+06""",B+,"=""15328.865""","=""36452.295""","=""4d2.(3P).5s""","=""a 4P""","=""3/2""","=""4d2.(1D).5p""","=""w 2D*""","=""3/2""",4,4,,"=""T9421""","=""L7610""",
Y,1,"=""475.27900""","=""475.27870""","=""0.00007""","=""160""","=""3.31e+07""",B+,"=""15326.741""","=""36361.145""","=""4d2.(3F).5s""","=""a 2F""","=""5/2""","=""4d2.(3P).5p""","=""x 4D*""","=""7/2""",6,8,,"=""T9421""","=""L7610,L3475""",
Y,1,"=""476.0978""","=""476.09753""","=""0.00003""","=""410""","=""3.5e+06""",C+,"=""530.351""","=""21528.579""","=""4d.5s2""","=""a 2D""","=""5/2""","=""4d.5s.(3D).5p""","=""z 2F*""","=""5/2""",6,6,,"=""T4373""","=""L7610,L3475""",
Y,1,"=""476.2955""","=""476.29523""","=""0.00007""","=""4""","=""3.8e+06""",B,"=""16158.865""","=""37148.377""","=""4d2.(1D).5s""","=""b 2D""","=""5/2""","=""4d2.(3P).5p""","=""y 4P*""","=""3/2""",6,4,,"=""T9421""","=""L7610""",
Y,1,"=""476.60778""","=""476.60746""","=""0.00005""","=""3""","=""2.28e+06""",B,"=""15476.533""","=""36452.295""","=""4d2.(3P).5s""","=""a 4P""","=""5/2""","=""4d2.(1D).5p""","=""w 2D*""","=""3/2""",6,4,,"=""T9421""","=""L7610""",
Y,1,"=""478.0163""","=""478.01647""","=""0.00006""","=""17""","=""7.6e+06""",B+,"=""15221.633""","=""36135.567""","=""4d2.(3P).5s""","=""a 4P""","=""1/2""","=""4d2.(3P).5p""","=""z 4S*""","=""3/2""",2,4,,"=""T9421""","=""L7610,L3475""",
Y,1,"=""478.10330""","=""478.10305""","=""0.00009""","=""120""","=""1.01e+07""",B,"=""11277.928""","=""32188.075""","=""4d2.(3F).5s""","=""a 4F""","=""7/2""","=""4d2.(3F).5p""","=""y 4F*""","=""9/2""",8,10,,"=""T4373""","=""L7610,L3475""",
Y,2,"=""478.6576""","=""478.6577+""","=""""","=""160""","=""2.1e+06""",C+,"=""8328.039""","=""29213.958""","=""4d2""","=""a 3F""","=""3""","=""4d.5p""","=""z 3D*""","=""3""",7,7,,"=""T4373""","=""L10987,L3475""",
Y,1,"=""478.68753""","=""478.68762""","=""0.00007""","=""170""","=""4.4e+07""",B+,"=""15476.533""","=""36361.145""","=""4d2.(3P).5s""","=""a 4P""","=""5/2""","=""4d2.(3P).5p""","=""x 4D*""","=""7/2""",6,8,,"=""T9421""","=""L7610,L3475""",
Y,1,"=""479.93008""","=""479.92999""","=""0.00012""","=""180""","=""1.57e+07""",B+,"=""11078.614""","=""31909.164""","=""4d2.(3F).5s""","=""a 4F""","=""5/2""","=""4d2.(3F).5p""","=""y 4F*""","=""7/2""",6,8,,"=""T9421""","=""L7610,L3475""",
Y,1,"=""480.4313""","=""480.43103""","=""0.00005""","=""50""","=""2.26e+07""",B+,"=""15326.741""","=""36135.567""","=""4d2.(3F).5s""","=""a 2F""","=""5/2""","=""4d2.(3P).5p""","=""z 4S*""","=""3/2""",6,4,,"=""T9421""","=""L7610,L3475""",
Y,1,"=""480.4803""","=""480.48008""","=""0.00005""","=""70""","=""3.47e+07""",B+,"=""15328.865""","=""36135.567""","=""4d2.(3P).5s""","=""a 4P""","=""3/2""","=""4d2.(3P).5p""","=""z 4S*""","=""3/2""",4,4,,"=""T9421""","=""L7610,L3475""",
Y,1,"=""481.96386""","=""481.96372""","=""0.00010""","=""140""","=""1.58e+07""",B,"=""10937.390""","=""31680.043""","=""4d2.(3F).5s""","=""a 4F""","=""3/2""","=""4d2.(3F).5p""","=""y 4F*""","=""5/2""",4,6,,"=""T4373""","=""L7610,L3475""",
Y,1,"=""482.16279""","=""482.16251""","=""0.00007""","=""22""","=""1.03e+07""",B+,"=""15326.741""","=""36060.842""","=""4d2.(3F).5s""","=""a 2F""","=""5/2""","=""4d2.(3P).5p""","=""x 4D*""","=""5/2""",6,6,,"=""T4373""","=""L7610""",
Y,1,"=""482.2121""","=""482.21191""","=""0.00007""","=""120""","=""5.06e+07""",B+,"=""15328.865""","=""36060.842""","=""4d2.(3P).5s""","=""a 4P""","=""3/2""","=""4d2.(3P).5p""","=""x 4D*""","=""5/2""",4,6,,"=""T4373""","=""L7610,L3475""",
Y,2,"=""482.3304""","=""482.3304+""","=""""","=""190""","=""4.4e+06""",B,"=""8003.126""","=""28730.010""","=""4d2""","=""a 3F""","=""2""","=""4d.5p""","=""z 3D*""","=""2""",5,5,,"=""T4373""","=""L10987,L3475""",
Y,1,"=""483.91470""","=""483.91453""","=""0.00005""","=""60""","=""3.05e+07""",B+,"=""15476.533""","=""36135.567""","=""4d2.(3P).5s""","=""a 4P""","=""5/2""","=""4d2.(3P).5p""","=""z 4S*""","=""3/2""",6,4,,"=""T9421""","=""L7610,L3475""",
Y,1,"=""483.9866""","=""483.98610""","=""0.00010""","=""770""","=""8.6e+07""",B,"=""11532.096""","=""32188.075""","=""4d2.(3F).5s""","=""a 4F""","=""9/2""","=""4d2.(3F).5p""","=""y 4F*""","=""9/2""",10,10,,"=""T4373""","=""L7610,L3475""",
Y,1,"=""484.5668""","=""484.56655""","=""0.00012""","=""550""","=""6.8e+07""",B+,"=""11277.928""","=""31909.164""","=""4d2.(3F).5s""","=""a 4F""","=""7/2""","=""4d2.(3F).5p""","=""y 4F*""","=""7/2""",8,8,,"=""T9421""","=""L7610,L3475""",
Y,1,"=""485.2682""","=""485.26766""","=""0.00010""","=""410""","=""6.3e+07""",B,"=""11078.614""","=""31680.043""","=""4d2.(3F).5s""","=""a 4F""","=""5/2""","=""4d2.(3F).5p""","=""y 4F*""","=""5/2""",6,6,,"=""T4373""","=""L7610,L3475""",
Y,2,"=""485.4861""","=""485.4861+""","=""""","=""890""","=""3.9e+07""",B,"=""8003.126""","=""28595.285""","=""4d2""","=""a 3F""","=""2""","=""4d.5p""","=""z 3D*""","=""1""",5,3,,"=""T4373""","=""L10987,L3475""",
Y,1,"=""485.6714""","=""485.67126""","=""0.00007""","=""50""","=""2.01e+07""",B+,"=""15476.533""","=""36060.842""","=""4d2.(3P).5s""","=""a 4P""","=""5/2""","=""4d2.(3P).5p""","=""x 4D*""","=""5/2""",6,6,,"=""T4373""","=""L7610,L3475""",
Y,1,"=""485.98413""","=""485.98428""","=""0.00012""","=""330""","=""7.3e+07""",B,"=""10937.390""","=""31508.441""","=""4d2.(3F).5s""","=""a 4F""","=""3/2""","=""4d2.(3F).5p""","=""y 4F*""","=""3/2""",4,4,,"=""T4373""","=""L7610,L3475""",
Y,1,"=""""","=""487.74805""","=""0.00008""","=""""","=""1.94e+05""",B,"=""15864.481""","=""36361.145""","=""4d2.(3F).5s""","=""a 2F""","=""7/2""","=""4d2.(3P).5p""","=""x 4D*""","=""7/2""",8,8,,"=""T9421""","=""""",
Y,2,"=""488.1433""","=""488.1434+""","=""""","=""20""","=""1.50e+05""",B,"=""3296.180""","=""23776.245""","=""4d.5s""","=""a 1D""","=""2""","=""5s.5p""","=""z 3P*""","=""1""",5,3,,"=""T4373""","=""L10987,L3475""",
Y,2,"=""488.3682""","=""488.3682+""","=""""","=""1900""","=""4.7e+07""",B,"=""8743.322""","=""29213.958""","=""4d2""","=""a 3F""","=""4""","=""4d.5p""","=""z 3D*""","=""3""",9,7,,"=""T4373""","=""L10987,L3475""",
Y,1,"=""488.6640""","=""488.66389""","=""0.00005""","=""40""","=""2.43e+07""",B+,"=""15994.045""","=""36452.295""","=""4d2.(1D).5s""","=""b 2D""","=""3/2""","=""4d2.(1D).5p""","=""w 2D*""","=""3/2""",4,4,,"=""T9421""","=""L7610,L3475""",
Y,1,"=""489.3436""","=""489.34376""","=""0.00012""","=""95""","=""2.22e+07""",C+,"=""11078.614""","=""31508.441""","=""4d2.(3F).5s""","=""a 4F""","=""5/2""","=""4d2.(3F).5p""","=""y 4F*""","=""3/2""",6,4,,"=""T4373""","=""L7610,L3475""",
Y,1,"=""""","=""490.00844""","=""0.00010""","=""m(Y II)""","=""1.98e+07""",B,"=""11277.928""","=""31680.043""","=""4d2.(3F).5s""","=""a 4F""","=""7/2""","=""4d2.(3F).5p""","=""y 4F*""","=""5/2""",8,6,,"=""T4373""","=""L3475""",
Y,2,"=""490.0118""","=""490.0119+""","=""""","=""1100""","=""4.5e+07""",B,"=""8328.039""","=""28730.010""","=""4d2""","=""a 3F""","=""3""","=""4d.5p""","=""z 3D*""","=""2""",7,5,,"=""T4373""","=""L10987,L3475""",
Y,1,"=""490.6108""","=""490.61075""","=""0.00013""","=""100""","=""1.20e+07""",B,"=""11532.096""","=""31909.164""","=""4d2.(3F).5s""","=""a 4F""","=""9/2""","=""4d2.(3F).5p""","=""y 4F*""","=""7/2""",10,8,,"=""T9421""","=""L7610,L3475""",
Y,1,"=""492.63280""","=""492.63280""","=""0.00005""","=""10""","=""8.4e+06""",B+,"=""16158.865""","=""36452.295""","=""4d2.(1D).5s""","=""b 2D""","=""5/2""","=""4d2.(1D).5p""","=""w 2D*""","=""3/2""",6,4,,"=""T9421""","=""L7610""",
Y,1,"=""494.85553""","=""494.85552""","=""0.00008""","=""6""","=""3.8e+06""",B+,"=""16158.865""","=""36361.145""","=""4d2.(1D).5s""","=""b 2D""","=""5/2""","=""4d2.(3P).5p""","=""x 4D*""","=""7/2""",6,8,,"=""T9421""","=""L7610""",
Y,1,"=""495.0005""","=""495.00055""","=""0.00008""","=""3""","=""1.98e+06""",B+,"=""15864.481""","=""36060.842""","=""4d2.(3F).5s""","=""a 2F""","=""7/2""","=""4d2.(3P).5p""","=""x 4D*""","=""5/2""",8,6,,"=""T4373""","=""L7610""",
Y,1,"=""496.3489""","=""496.34830""","=""0.00006""","=""1""","=""1.43e+06""",B,"=""15994.045""","=""36135.567""","=""4d2.(1D).5s""","=""b 2D""","=""3/2""","=""4d2.(3P).5p""","=""z 4S*""","=""3/2""",4,4,,"=""T9421""","=""L7610""",
Y,1,"=""498.19646""","=""498.19664""","=""0.00008""","=""1""","=""4.6e+05""",C+,"=""15994.045""","=""36060.842""","=""4d2.(1D).5s""","=""b 2D""","=""3/2""","=""4d2.(3P).5p""","=""x 4D*""","=""5/2""",4,6,,"=""T4373""","=""L7610""",
Y,2,"=""498.2128""","=""498.2130+""","=""""","=""120""","=""1.53e+06""",B,"=""8328.039""","=""28394.177""","=""4d2""","=""a 3F""","=""3""","=""4d.5p""","=""z 3F*""","=""4""",7,9,,"=""T4373""","=""L10987,L3475""",
Y,1,"=""500.44350""","=""500.44353""","=""0.00006""","=""1""","=""8.6e+05""",B,"=""16158.865""","=""36135.567""","=""4d2.(1D).5s""","=""b 2D""","=""5/2""","=""4d2.(3P).5p""","=""z 4S*""","=""3/2""",6,4,,"=""T9421""","=""L7610""",
Y,1,"=""507.0187""","=""507.01887""","=""0.00004""","=""75""","=""1.3e+07""",D+,"=""19147.983""","=""38865.618""","=""4d.5s.(3D).5p""","=""z 4P*""","=""5/2""","=""4d.5s.(3D).5d""","=""f 4D""","=""7/2""",6,8,,"=""T4373""","=""L7610,L3475""",
Y,2,"=""508.7418""","=""508.7419+""","=""""","=""1100""","=""1.95e+07""",B,"=""8743.322""","=""28394.177""","=""4d2""","=""a 3F""","=""4""","=""4d.5p""","=""z 3F*""","=""4""",9,9,,"=""T4373""","=""L10987,L3475""",
Y,2,"=""511.9110""","=""511.9112+""","=""""","=""210""","=""1.57e+06""",B,"=""8003.126""","=""27532.321""","=""4d2""","=""a 3F""","=""2""","=""4d.5p""","=""z 3F*""","=""3""",5,7,,"=""T4373""","=""L10987,L3475""",
Y,2,"=""512.3209""","=""512.3211+""","=""""","=""450""","=""1.3e+07""",D+,"=""8003.126""","=""27516.699""","=""4d2""","=""a 3F""","=""2""","=""4d.5p""","=""z 1P*""","=""1""",5,3,,"=""T4373""","=""L10987,L3475""",
Y,2,"=""520.0409""","=""520.0410+""","=""""","=""960""","=""1.32e+07""",B+,"=""8003.126""","=""27227.027""","=""4d2""","=""a 3F""","=""2""","=""4d.5p""","=""z 3F*""","=""2""",5,5,,"=""T4373""","=""L10987,L3475""",
Y,1,"=""520.50105""","=""520.50081""","=""0.00004""","=""2""","=""8.e+05""",D+,"=""14948.994""","=""34155.912""","=""4d.5s.(3D).5p""","=""z 4F*""","=""3/2""","=""5p2.(3P).5s""","=""e 4P""","=""3/2""",4,4,,"=""T4373""","=""L7610""",
Y,2,"=""520.5722""","=""520.5723+""","=""""","=""1500""","=""1.59e+07""",B+,"=""8328.039""","=""27532.321""","=""4d2""","=""a 3F""","=""3""","=""4d.5p""","=""z 3F*""","=""3""",7,7,,"=""T4373""","=""L10987,L3475""",
Y,1,"=""522.85291""","=""522.85293""","=""0.00006""","=""8""","=""4.2e+06""",B+,"=""18499.315""","=""37619.829""","=""4d2.(1G).5s""","=""a 2G""","=""9/2""","=""4d2.(1D).5p""","=""w 2F*""","=""7/2""",10,8,,"=""T9421""","=""L7610""",
Y,1,"=""523.21103""","=""523.21105""","=""0.00006""","=""2""","=""1.30e+06""",B+,"=""18512.402""","=""37619.829""","=""4d2.(1G).5s""","=""a 2G""","=""7/2""","=""4d2.(1D).5p""","=""w 2F*""","=""7/2""",8,8,,"=""T9421""","=""L7610""",
Y,1,"=""525.8474""","=""525.84708""","=""0.00004""","=""1""","=""2.8e+05""",D+,"=""15245.803""","=""34257.447""","=""4d.5s.(3D).5p""","=""z 4F*""","=""5/2""","=""5s2.(2D).5d""","=""e 2D""","=""5/2""",6,6,,"=""T4373""","=""L7610""",
Y,1,"=""""","=""527.18155""","=""0.00011""","=""""","=""1.1e+06""",D+,"=""18512.402""","=""37475.922""","=""4d2.(1G).5s""","=""a 2G""","=""7/2""","=""4d2.(3P).5p""","=""y 4P*""","=""5/2""",8,6,,"=""T4373""","=""""",
Y,2,"=""528.9815""","=""528.9817+""","=""""","=""60""","=""6.7e+05""",C+,"=""8328.039""","=""27227.027""","=""4d2""","=""a 3F""","=""3""","=""4d.5p""","=""z 3F*""","=""2""",7,5,,"=""T4373""","=""L10987,L3475""",
Y,2,"=""532.0782""","=""532.0783+""","=""""","=""45""","=""3.8e+05""",C,"=""8743.322""","=""27532.321""","=""4d2""","=""a 3F""","=""4""","=""4d.5p""","=""z 3F*""","=""3""",9,7,,"=""T4373""","=""L10987,L3475""",
Y,1,"=""538.06294""","=""538.06294""","=""0.00004""","=""75""","=""3.20e+07""",B+,"=""15326.741""","=""33906.761""","=""4d2.(3F).5s""","=""a 2F""","=""5/2""","=""4d2.(3F).5p""","=""x 2D*""","=""3/2""",6,4,,"=""T4373""","=""L7610,L3475""",
Y,1,"=""538.1244""","=""538.12446""","=""0.00004""","=""2""","=""9.7e+05""",C,"=""15328.865""","=""33906.761""","=""4d2.(3P).5s""","=""a 4P""","=""3/2""","=""4d2.(3F).5p""","=""x 2D*""","=""3/2""",4,4,,"=""T4373""","=""L7610""",
Y,1,"=""538.83878""","=""538.83875""","=""0.00006""","=""5""","=""1.12e+06""",C+,"=""15476.533""","=""34029.802""","=""4d2.(3P).5s""","=""a 4P""","=""5/2""","=""4d2.(3F).5p""","=""x 2F*""","=""7/2""",6,8,,"=""T4373""","=""L7610""",
Y,1,"=""539.08129""","=""539.08120""","=""0.00004""","=""11""","=""2.9e+06""",C+,"=""15712.522""","=""34257.447""","=""4d.5s.(3D).5p""","=""z 4F*""","=""7/2""","=""5s2.(2D).5d""","=""e 2D""","=""5/2""",8,6,,"=""T4373""","=""L7610""",
Y,1,"=""540.18770""","=""540.18766""","=""0.00004""","=""2""","=""6.e+05""",D,"=""15245.803""","=""33752.743""","=""4d.5s.(3D).5p""","=""z 4F*""","=""5/2""","=""4d.5s.(3D).6s""","=""e 4D""","=""7/2""",6,8,,"=""T4373""","=""L7610""",
Y,1,"=""542.43619""","=""542.43610""","=""0.00004""","=""90""","=""3.49e+07""",B+,"=""15476.533""","=""33906.761""","=""4d2.(3P).5s""","=""a 4P""","=""5/2""","=""4d2.(3F).5p""","=""x 2D*""","=""3/2""",6,4,,"=""T4373""","=""L7610,L3475""",
Y,1,"=""546.62417""","=""546.62434""","=""0.00004""","=""190""","=""1.05e+07""",C,"=""14948.994""","=""33238.011""","=""4d.5s.(3D).5p""","=""z 4F*""","=""3/2""","=""4d.5s.(3D).6s""","=""e 4D""","=""3/2""",4,4,,"=""T4373""","=""L7610,L3475""",
Y,1,"=""546.6467""","=""546.6464""","=""0.0004""","=""710""","=""6.4e+07""",B+,"=""11532.096""","=""29820.374""","=""4d2.(3F).5s""","=""a 4F""","=""9/2""","=""4d2.(3F).5p""","=""z 4G*""","=""11/2""",10,12,,"=""T4373""","=""L7610,L3475""",
Y,1,"=""546.8470""","=""546.84698""","=""0.00004""","=""100""","=""3.78e+07""",B+,"=""15326.741""","=""33608.312""","=""4d2.(3F).5s""","=""a 2F""","=""5/2""","=""4d2.(3F).5p""","=""x 2F*""","=""5/2""",6,6,,"=""T4373""","=""L7610,L3475""",
Y,1,"=""546.9104""","=""546.91053""","=""0.00004""","=""1""","=""3.6e+05""",D+,"=""15328.865""","=""33608.312""","=""4d2.(3P).5s""","=""a 4P""","=""3/2""","=""4d2.(3F).5p""","=""x 2F*""","=""5/2""",4,6,,"=""T4373""","=""L7610""",
Y,2,"=""547.3384""","=""547.3385+""","=""""","=""90""","=""4.3e+06""",B,"=""14018.267""","=""32283.420""","=""4d2""","=""a 3P""","=""1""","=""4d.5p""","=""y 3P*""","=""2""",3,5,,"=""T4373""","=""L10987,L3475""",
Y,2,"=""548.0730""","=""548.0730+""","=""""","=""90""","=""7.6e+06""",B,"=""13883.379""","=""32124.054""","=""4d2""","=""a 3P""","=""0""","=""4d.5p""","=""y 3P*""","=""1""",1,3,,"=""T4373""","=""L10987,L3475""",
Y,1,"=""549.3148""","=""549.31490""","=""0.00007""","=""60""","=""3.6e+07""",C,"=""14948.994""","=""33148.432""","=""4d.5s.(3D).5p""","=""z 4F*""","=""3/2""","=""4d.5s.(3D).6s""","=""e 4D""","=""1/2""",4,2,,"=""T4373""","=""L7610,L3475""",
Y,1,"=""549.5580""","=""549.55813""","=""0.00004""","=""35""","=""1.37e+07""",C+,"=""16066.064""","=""34257.447""","=""4d.5s.(3D).5p""","=""z 2D*""","=""5/2""","=""5s2.(2D).5d""","=""e 2D""","=""5/2""",6,6,,"=""T4373""","=""L7610,L3475""",
Y,2,"=""549.7405""","=""549.7406+""","=""""","=""240""","=""1.15e+07""",B,"=""14098.076""","=""32283.420""","=""4d2""","=""a 3P""","=""2""","=""4d.5p""","=""y 3P*""","=""2""",5,5,,"=""T4373""","=""L10987,L3475""",
Y,1,"=""550.34639""","=""550.34660""","=""0.00007""","=""300""","=""6.39e+07""",A,"=""15864.481""","=""34029.802""","=""4d2.(3F).5s""","=""a 2F""","=""7/2""","=""4d2.(3F).5p""","=""x 2F*""","=""7/2""",8,8,,"=""T4373""","=""L7610,L3475""",
Y,2,"=""550.9894""","=""550.9895+""","=""""","=""250""","=""4.24e+06""",B+,"=""8003.126""","=""26147.252""","=""4d2""","=""a 3F""","=""2""","=""4d.5p""","=""z 1D*""","=""2""",5,5,,"=""T4373""","=""L10987,L3475""",
Y,1,"=""551.36475""","=""551.36470""","=""0.00004""","=""60""","=""2.38e+07""",B+,"=""15476.533""","=""33608.312""","=""4d2.(3P).5s""","=""a 4P""","=""5/2""","=""4d2.(3F).5p""","=""x 2F*""","=""5/2""",6,6,,"=""T4373""","=""L7610,L3475""",
Y,1,"=""551.98803""","=""551.98787""","=""0.00004""","=""3""","=""1.17e+06""",C,"=""16146.138""","=""34257.447""","=""4d.5s.(3D).5p""","=""z 2D*""","=""3/2""","=""5s2.(2D).5d""","=""e 2D""","=""5/2""",4,6,,"=""T4373""","=""L7610""",
Y,1,"=""552.16946""","=""552.16952""","=""0.00004""","=""120""","=""1.61e+07""",B+,"=""15326.741""","=""33432.092""","=""4d2.(3F).5s""","=""a 2F""","=""5/2""","=""4d2.(3F).5p""","=""z 2G*""","=""7/2""",6,8,,"=""T9421""","=""L7610,L3475""",
Y,1,"=""""","=""552.64274""","=""0.00004""","=""""","=""4.0e+05""",D+,"=""16066.064""","=""34155.912""","=""4d.5s.(3D).5p""","=""z 2D*""","=""5/2""","=""5p2.(3P).5s""","=""e 4P""","=""3/2""",6,4,,"=""T4373""","=""""",
Y,1,"=""552.7561""","=""552.75472""","=""0.00013""","=""740""","=""5.4e+07""",B+,"=""11277.928""","=""29364.111""","=""4d2.(3F).5s""","=""a 4F""","=""7/2""","=""4d2.(3F).5p""","=""z 4G*""","=""9/2""",8,10,,"=""T4373""","=""L7610,L3475""",
Y,1,"=""""","=""553.25662""","=""0.00013""","=""""","=""1.4e+06""",C,"=""19406.146""","=""37475.922""","=""4d2.(3P).5s""","=""a 2P""","=""3/2""","=""4d2.(3P).5p""","=""y 4P*""","=""5/2""",4,6,,"=""T4373""","=""""",
Y,1,"=""554.16290""","=""554.16302""","=""0.00004""","=""35""","=""5.2e+06""",C,"=""15712.522""","=""33752.743""","=""4d.5s.(3D).5p""","=""z 4F*""","=""7/2""","=""4d.5s.(3D).6s""","=""e 4D""","=""7/2""",8,8,,"=""T4373""","=""L7610,L3475""",
Y,1,"=""554.45041""","=""554.45051""","=""0.00004""","=""120""","=""1.29e+07""",B+,"=""15326.741""","=""33357.608""","=""4d2.(3F).5s""","=""a 2F""","=""5/2""","=""4d2.(3F).5p""","=""y 4D*""","=""5/2""",6,6,,"=""T4373""","=""L7610,L3475""",
Y,2,"=""554.4610""","=""554.4612+""","=""""","=""120bl(Y I)""","=""1.76e+07""",C+,"=""14018.267""","=""32048.788""","=""4d2""","=""a 3P""","=""1""","=""4d.5p""","=""y 3P*""","=""0""",3,1,,"=""T4373""","=""L10987,L3475""",
Y,2,"=""554.6008""","=""554.6009+""","=""""","=""90""","=""5.8e+06""",C+,"=""14098.076""","=""32124.054""","=""4d2""","=""a 3P""","=""2""","=""4d.5p""","=""y 3P*""","=""1""",5,3,,"=""T4373""","=""L10987,L3475""",
Y,1,"=""555.09977""","=""555.09989""","=""0.00004""","=""11""","=""6.9e+06""",D+,"=""16146.138""","=""34155.912""","=""4d.5s.(3D).5p""","=""z 2D*""","=""3/2""","=""5p2.(3P).5s""","=""e 4P""","=""3/2""",4,4,,"=""T4373""","=""L7610""",
Y,1,"=""555.64169""","=""555.64185""","=""0.00004""","=""75""","=""2.2e+07""",C,"=""15245.803""","=""33238.011""","=""4d.5s.(3D).5p""","=""z 4F*""","=""5/2""","=""4d.5s.(3D).6s""","=""e 4D""","=""3/2""",6,4,,"=""T4373""","=""L7610,L3475""",
Y,1,"=""556.77583""","=""556.77598""","=""0.00004""","=""60""","=""1.38e+07""",B+,"=""15476.533""","=""33432.092""","=""4d2.(3P).5s""","=""a 4P""","=""5/2""","=""4d2.(3F).5p""","=""z 2G*""","=""7/2""",6,8,,"=""T9421""","=""L7610,L3475""",
Y,1,"=""557.30326""","=""557.30369""","=""0.00004""","=""4""","=""1.63e+06""",B+,"=""15326.741""","=""33265.298""","=""4d2.(3F).5s""","=""a 2F""","=""5/2""","=""4d2.(3F).5p""","=""y 4D*""","=""3/2""",6,4,,"=""T9421""","=""L7610""",
Y,1,"=""557.74156""","=""557.74153""","=""0.00007""","=""180""","=""3.2e+07""",B,"=""15864.481""","=""33788.956""","=""4d2.(3F).5s""","=""a 2F""","=""7/2""","=""4d2.(3F).5p""","=""z 2G*""","=""9/2""",8,10,,"=""T4373""","=""L7610,L3475""",
Y,1,"=""558.10767""","=""558.10767""","=""0.00004""","=""24""","=""1.11e+07""",B+,"=""15994.045""","=""33906.761""","=""4d2.(1D).5s""","=""b 2D""","=""3/2""","=""4d2.(3F).5p""","=""x 2D*""","=""3/2""",4,4,,"=""T4373""","=""L7610,L3475""",
Y,1,"=""559.09519""","=""559.09526""","=""0.00004""","=""21""","=""4.9e+06""",B+,"=""15476.533""","=""33357.608""","=""4d2.(3P).5s""","=""a 4P""","=""5/2""","=""4d2.(3F).5p""","=""y 4D*""","=""5/2""",6,6,,"=""T4373""","=""L7610,L3475""",
Y,1,"=""559.41240""","=""559.41243""","=""0.00007""","=""21""","=""5.0e+06""",B+,"=""16158.865""","=""34029.802""","=""4d2.(1D).5s""","=""b 2D""","=""5/2""","=""4d2.(3F).5p""","=""x 2F*""","=""7/2""",6,8,,"=""T4373""","=""L7610,L3475""",
Y,1,"=""560.63346""","=""560.63348""","=""0.00014""","=""120""","=""5.8e+06""",B+,"=""11532.096""","=""29364.111""","=""4d2.(3F).5s""","=""a 4F""","=""9/2""","=""4d2.(3F).5p""","=""z 4G*""","=""9/2""",10,10,,"=""T4373""","=""L7610,L3475""",
Y,1,"=""561.9962""","=""561.99657""","=""0.00004""","=""4""","=""1.96e+06""",B,"=""15476.533""","=""33265.298""","=""4d2.(3P).5s""","=""a 4P""","=""5/2""","=""4d2.(3F).5p""","=""y 4D*""","=""3/2""",6,4,,"=""T9421""","=""L7610""",
Y,1,"=""563.0138""","=""563.01301""","=""0.00007""","=""560""","=""4.5e+07""",B+,"=""10937.390""","=""28694.040""","=""4d2.(3F).5s""","=""a 4F""","=""3/2""","=""4d2.(3F).5p""","=""z 4G*""","=""5/2""",4,6,,"=""T9421""","=""L7610,L3475""",
Y,1,"=""563.29067""","=""563.29072""","=""0.00004""","=""21""","=""7.4e+06""",B+,"=""16158.865""","=""33906.761""","=""4d2.(1D).5s""","=""b 2D""","=""5/2""","=""4d2.(3F).5p""","=""x 2D*""","=""3/2""",6,4,,"=""T4373""","=""L7610,L3475""",
Y,1,"=""563.41980""","=""563.41977""","=""0.00004""","=""1""","=""2.2e+05""",D,"=""15864.481""","=""33608.312""","=""4d2.(3F).5s""","=""a 2F""","=""7/2""","=""4d2.(3F).5p""","=""x 2F*""","=""5/2""",8,6,,"=""T4373""","=""L7610""",
Y,1,"=""564.17735""","=""564.17734""","=""0.00005""","=""3""","=""1.8e+06""",D+,"=""16435.907""","=""34155.912""","=""4d.5s.(3D).5p""","=""z 4D*""","=""1/2""","=""5p2.(3P).5s""","=""e 4P""","=""3/2""",2,4,,"=""T4373""","=""L7610""",
Y,1,"=""567.52672""","=""567.52677""","=""0.00007""","=""90""","=""8.5e+06""",B+,"=""11078.614""","=""28694.040""","=""4d2.(3F).5s""","=""a 4F""","=""5/2""","=""4d2.(3F).5p""","=""z 4G*""","=""5/2""",6,6,,"=""T9421""","=""L7610,L3475""",
Y,1,"=""567.56407""","=""567.56411""","=""0.00005""","=""17""","=""4.2e+06""",B+,"=""15994.045""","=""33608.312""","=""4d2.(1D).5s""","=""b 2D""","=""3/2""","=""4d2.(3F).5p""","=""x 2F*""","=""5/2""",4,6,,"=""T4373""","=""L7610""",
Y,1,"=""569.36333""","=""569.36325""","=""0.00005""","=""18""","=""1.1e+07""",D+,"=""16597.304""","=""34155.912""","=""4d.5s.(3D).5p""","=""z 4D*""","=""3/2""","=""5p2.(3P).5s""","=""e 4P""","=""3/2""",4,4,,"=""T4373""","=""L7610,L3475""",
Y,1,"=""570.6713""","=""570.67133""","=""0.00007""","=""160""","=""3.0e+07""",C,"=""16234.382""","=""33752.743""","=""4d.5s.(3D).5p""","=""z 4F*""","=""9/2""","=""4d.5s.(3D).6s""","=""e 4D""","=""7/2""",10,8,,"=""T4373""","=""L7610,L3475""",
Y,1,"=""571.4944""","=""571.49454""","=""0.00005""","=""7""","=""2.04e+06""",B+,"=""15864.481""","=""33357.608""","=""4d2.(3F).5s""","=""a 2F""","=""7/2""","=""4d2.(3F).5p""","=""y 4D*""","=""5/2""",8,6,,"=""T4373""","=""L7610""",
Y,2,"=""572.8886""","=""572.8887+""","=""""","=""75""","=""3.1e+06""",C+,"=""14832.862""","=""32283.420""","=""4d2""","=""b 1D""","=""2""","=""4d.5p""","=""y 3P*""","=""2""",5,5,,"=""T4373""","=""L10987,L3475""",
Y,1,"=""572.92532""","=""572.92513""","=""0.00005""","=""1""","=""2.3e+05""",D,"=""16158.865""","=""33608.312""","=""4d2.(1D).5s""","=""b 2D""","=""5/2""","=""4d2.(3F).5p""","=""x 2F*""","=""5/2""",6,6,,"=""T4373""","=""L7610""",
Y,1,"=""573.20896""","=""573.20899""","=""0.00005""","=""21""","=""7.6e+06""",C+,"=""16816.641""","=""34257.447""","=""4d.5s.(3D).5p""","=""z 4D*""","=""5/2""","=""5s2.(2D).5d""","=""e 2D""","=""5/2""",6,6,,"=""T4373""","=""L7610,L3475""",
Y,1,"=""574.02175""","=""574.02174""","=""0.00007""","=""12""","=""3.6e+05""",B+,"=""11277.928""","=""28694.040""","=""4d2.(3F).5s""","=""a 4F""","=""7/2""","=""4d2.(3F).5p""","=""z 4G*""","=""5/2""",8,6,,"=""T9421""","=""L7610""",
Y,1,"=""575.75887""","=""575.75898""","=""0.00005""","=""2""","=""7.7e+05""",B,"=""15994.045""","=""33357.608""","=""4d2.(1D).5s""","=""b 2D""","=""3/2""","=""4d2.(3F).5p""","=""y 4D*""","=""5/2""",4,6,,"=""T4373""","=""L7610""",
Y,1,"=""576.56556""","=""576.56561""","=""0.00005""","=""75""","=""3.7e+07""",D+,"=""16816.641""","=""34155.912""","=""4d.5s.(3D).5p""","=""z 4D*""","=""5/2""","=""5p2.(3P).5s""","=""e 4P""","=""3/2""",6,4,,"=""T4373""","=""L7610,L3475""",
Y,1,"=""578.77020""","=""578.77013""","=""0.00005""","=""15""","=""1.56e+06""",B+,"=""16158.865""","=""33432.092""","=""4d2.(1D).5s""","=""b 2D""","=""5/2""","=""4d2.(3F).5p""","=""z 2G*""","=""7/2""",6,8,,"=""T9421""","=""L7610""",
Y,1,"=""578.8361""","=""578.83628""","=""0.00005""","=""1""","=""6.3e+05""",C+,"=""15994.045""","=""33265.298""","=""4d2.(1D).5s""","=""b 2D""","=""3/2""","=""4d2.(3F).5p""","=""y 4D*""","=""3/2""",4,4,,"=""T9421""","=""L7610""",
Y,1,"=""582.18382""","=""582.18374""","=""0.00005""","=""30""","=""6.5e+06""",C,"=""16066.064""","=""33238.011""","=""4d.5s.(3D).5p""","=""z 2D*""","=""5/2""","=""4d.5s.(3D).6s""","=""e 4D""","=""3/2""",6,4,,"=""T4373""","=""L7610,L3475""",
Y,1,"=""583.22497""","=""583.22494""","=""0.00005""","=""21""","=""4.2e+06""",C+,"=""17116.156""","=""34257.447""","=""4d.5s.(3D).5p""","=""z 4D*""","=""7/2""","=""5s2.(2D).5d""","=""e 2D""","=""5/2""",8,6,,"=""T4373""","=""L7610,L3475""",
Y,1,"=""584.41306""","=""584.41340""","=""0.00005""","=""1""","=""4.7e+05""",C+,"=""16158.865""","=""33265.298""","=""4d2.(1D).5s""","=""b 2D""","=""5/2""","=""4d2.(3F).5p""","=""y 4D*""","=""3/2""",6,4,,"=""T9421""","=""L7610""",
Y,1,"=""587.9929""","=""587.99297""","=""0.00008""","=""24""","=""8.5e+06""",C,"=""16146.138""","=""33148.432""","=""4d.5s.(3D).5p""","=""z 2D*""","=""3/2""","=""4d.5s.(3D).6s""","=""e 4D""","=""1/2""",4,2,,"=""T4373""","=""L7610,L3475""",
Y,1,"=""590.29117""","=""590.29106""","=""0.00005""","=""35""","=""4.1e+06""",C,"=""16816.641""","=""33752.743""","=""4d.5s.(3D).5p""","=""z 4D*""","=""5/2""","=""4d.5s.(3D).6s""","=""e 4D""","=""7/2""",6,8,,"=""T4373""","=""L7610,L3475""",
Y,1,"=""594.99874""","=""594.99872""","=""0.00005""","=""24""","=""5.7e+06""",C,"=""16435.907""","=""33238.011""","=""4d.5s.(3D).5p""","=""z 4D*""","=""1/2""","=""4d.5s.(3D).6s""","=""e 4D""","=""3/2""",2,4,,"=""T4373""","=""L7610,L3475""",
Y,1,"=""598.1881""","=""598.18794""","=""0.00008""","=""50""","=""1.4e+07""",D+,"=""16435.907""","=""33148.432""","=""4d.5s.(3D).5p""","=""z 4D*""","=""1/2""","=""4d.5s.(3D).6s""","=""e 4D""","=""1/2""",2,2,,"=""T4373""","=""L7610,L3475""",
Y,1,"=""600.91834""","=""600.91840""","=""0.00005""","=""120""","=""1.9e+07""",C,"=""17116.156""","=""33752.743""","=""4d.5s.(3D).5p""","=""z 4D*""","=""7/2""","=""4d.5s.(3D).6s""","=""e 4D""","=""7/2""",8,8,,"=""T4373""","=""L7610,L3475""",
Y,1,"=""608.79344""","=""608.79405""","=""0.00005""","=""50""","=""1.09e+07""",C,"=""16816.641""","=""33238.011""","=""4d.5s.(3D).5p""","=""z 4D*""","=""5/2""","=""4d.5s.(3D).6s""","=""e 4D""","=""3/2""",6,4,,"=""T4373""","=""L7610,L3475""",
Y,1,"=""619.1720""","=""619.17183""","=""0.00004""","=""1200""","=""4.6e+06""",C+,"=""0.000""","=""16146.138""","=""4d.5s2""","=""a 2D""","=""3/2""","=""4d.5s.(3D).5p""","=""z 2D*""","=""3/2""",4,4,,"=""T4373""","=""L7610,L3475""",
Y,1,"=""622.2578""","=""622.25784""","=""0.00004""","=""300""","=""5.8e+05""",C+,"=""0.000""","=""16066.064""","=""4d.5s2""","=""a 2D""","=""3/2""","=""4d.5s.(3D).5p""","=""z 2D*""","=""5/2""",4,6,,"=""T4373""","=""L7610,L3475""",
Y,1,"=""640.2007""","=""640.20062""","=""0.00006""","=""75""","=""2.7e+05""",C+,"=""530.351""","=""16146.138""","=""4d.5s2""","=""a 2D""","=""5/2""","=""4d.5s.(3D).5p""","=""z 2D*""","=""3/2""",6,4,,"=""T4373""","=""L7610,L3475""",
Y,1,"=""643.5022""","=""643.50036""","=""0.00006""","=""1000""","=""4.1e+06""",C+,"=""530.351""","=""16066.064""","=""4d.5s2""","=""a 2D""","=""5/2""","=""4d.5s.(3D).5p""","=""z 2D*""","=""5/2""",6,6,,"=""T4373""","=""L7610,L3475""",
Y,1,"=""643.71697""","=""643.71690""","=""0.00009""","=""24""","=""4.9e+06""",C+,"=""18499.315""","=""34029.802""","=""4d2.(1G).5s""","=""a 2G""","=""9/2""","=""4d2.(3F).5p""","=""x 2F*""","=""7/2""",10,8,,"=""T4373""","=""L7610,L3475""",
Y,1,"=""""","=""644.38455""","=""0.00021""","=""""","=""3.2e+06""",D,"=""15994.045""","=""31508.441""","=""4d2.(1D).5s""","=""b 2D""","=""3/2""","=""4d2.(3F).5p""","=""y 4F*""","=""3/2""",4,4,,"=""T4373""","=""""",
Y,1,"=""653.8568""","=""653.85696""","=""0.00010""","=""90""","=""1.49e+07""",B,"=""18499.315""","=""33788.956""","=""4d2.(1G).5s""","=""a 2G""","=""9/2""","=""4d2.(3F).5p""","=""z 2G*""","=""9/2""",10,10,,"=""T4373""","=""L7610,L3475""",
Y,2,"=""661.3731""","=""661.3732+""","=""""","=""95""","=""1.7e+06""",D+,"=""14098.076""","=""29213.958""","=""4d2""","=""a 3P""","=""2""","=""4d.5p""","=""z 3D*""","=""3""",5,7,,"=""T4373""","=""L10987,L3475""",
Y,1,"=""662.24810""","=""662.24819""","=""0.00006""","=""14""","=""4.5e+05""",D+,"=""18512.402""","=""33608.312""","=""4d2.(1G).5s""","=""a 2G""","=""7/2""","=""4d2.(3F).5p""","=""x 2F*""","=""5/2""",8,6,,"=""T4373""","=""L7610,L3475""",
Y,1,"=""670.0702""","=""670.07022""","=""0.00006""","=""70""","=""1.10e+07""",B+,"=""18512.402""","=""33432.092""","=""4d2.(1G).5s""","=""a 2G""","=""7/2""","=""4d2.(3F).5p""","=""z 2G*""","=""7/2""",8,8,,"=""T9421""","=""L7610,L3475""",
Y,1,"=""681.51456""","=""681.51454""","=""0.00007""","=""21""","=""7.1e+06""",C,"=""19237.608""","=""33906.761""","=""4d2.(3P).5s""","=""a 2P""","=""1/2""","=""4d2.(3F).5p""","=""x 2D*""","=""3/2""",2,4,,"=""T4373""","=""L7610,L3475""",
Y,2,"=""683.2480""","=""683.2481+""","=""""","=""14""","=""3.3e+05""",C,"=""14098.076""","=""28730.010""","=""4d2""","=""a 3P""","=""2""","=""4d.5p""","=""z 3D*""","=""2""",5,5,,"=""T4373""","=""L10987,L3475""",
Y,1,"=""684.51950""","=""684.51939""","=""0.00007""","=""45""","=""7.5e+06""",C,"=""19147.983""","=""33752.743""","=""4d.5s.(3D).5p""","=""z 4P*""","=""5/2""","=""4d.5s.(3D).6s""","=""e 4D""","=""7/2""",6,8,,"=""T4373""","=""L7610,L3475""",
Y,1,"=""700.9883""","=""700.98807""","=""0.00007""","=""10""","=""4.4e+06""",C,"=""18976.366""","=""33238.011""","=""4d.5s.(3D).5p""","=""z 4P*""","=""1/2""","=""4d.5s.(3D).6s""","=""e 4D""","=""3/2""",2,4,,"=""T4373""","=""L7610,L3475""",
Y,1,"=""703.5150""","=""703.51507""","=""0.00007""","=""19h""","=""6.3e+06""",D+,"=""19027.593""","=""33238.011""","=""4d.5s.(3D).5p""","=""z 4P*""","=""3/2""","=""4d.5s.(3D).6s""","=""e 4D""","=""3/2""",4,4,,"=""T4373""","=""L7610,L3475""",
Y,1,"=""705.4189""","=""705.41891""","=""0.00011""","=""13h""","=""8.e+06""",D,"=""18976.366""","=""33148.432""","=""4d.5s.(3D).5p""","=""z 4P*""","=""1/2""","=""4d.5s.(3D).6s""","=""e 4D""","=""1/2""",2,2,,"=""T4373""","=""L7610,L3475""",
Y,2,"=""726.4159""","=""726.4161+""","=""""","=""35""","=""1.3e+06""",D+,"=""14832.862""","=""28595.285""","=""4d2""","=""b 1D""","=""2""","=""4d.5p""","=""z 3D*""","=""1""",5,3,,"=""T4373""","=""L10987,L3475""",
Y,2,"=""788.1878""","=""788.1881+""","=""""","=""110""","=""1.0e+07""",D+,"=""14832.862""","=""27516.699""","=""4d2""","=""b 1D""","=""2""","=""4d.5p""","=""z 1P*""","=""1""",5,3,,"=""T4373""","=""L10987,L3475""",
