element,sp_num,obs_wl_vac(nm),unc_obs_wl,ritz_wl_vac(nm),unc_ritz_wl,intens,Aki(s^-1),Acc,Ei(cm-1),Ek(cm-1),conf_i,term_i,J_i,conf_k,term_k,J_k,g_i,g_k,Type,tp_ref,line_ref,
Zn,2,"=""192.9670""","=""""","=""192.967+""","=""""","=""100bl""","=""2.71e+06""",C,"=""65441.64""","=""117264.0""","=""3d9.4s2""","=""2D""","=""3/2""","=""3d10.4f""","=""2F*""","=""5/2""",4,6,,"=""T7870""","=""L640""",
element,sp_num,obs_wl_air(nm),unc_obs_wl,ritz_wl_air(nm),unc_ritz_wl,intens,Aki(s^-1),Acc,Ei(cm-1),Ek(cm-1),conf_i,term_i,J_i,conf_k,term_k,J_k,g_i,g_k,Type,tp_ref,line_ref,
Zn,2,"=""202.54845""","=""""","=""202.5483+""","=""""","=""500""","=""4.07e+08""",B+,"=""0.00""","=""49355.04""","=""3d10.4s""","=""2S""","=""1/2""","=""3d10.4p""","=""2P*""","=""3/2""",2,4,,"=""T7574""","=""L9761,L640""",
Zn,2,"=""206.20011""","=""""","=""206.2004+""","=""""","=""500""","=""3.86e+08""",B+,"=""0.00""","=""48481.00""","=""3d10.4s""","=""2S""","=""1/2""","=""3d10.4p""","=""2P*""","=""1/2""",2,2,,"=""T7574""","=""L9761,L640""",
Zn,2,"=""206.42266""","=""""","=""206.4230+""","=""""","=""200""","=""4.6e+08""",C+,"=""48481.00""","=""96909.74""","=""3d10.4p""","=""2P*""","=""1/2""","=""3d10.4d""","=""2D""","=""3/2""",2,4,,"=""T7870""","=""L9761,L640""",
Zn,2,"=""209.99273""","=""""","=""209.9937+""","=""""","=""300""","=""5.6e+08""",C,"=""49355.04""","=""96960.40""","=""3d10.4p""","=""2P*""","=""3/2""","=""3d10.4d""","=""2D""","=""5/2""",4,6,,"=""T7870""","=""L9761,L640""",
Zn,2,"=""210.21661""","=""""","=""210.2175+""","=""""","=""200""","=""9.3e+07""",C+,"=""49355.04""","=""96909.74""","=""3d10.4p""","=""2P*""","=""3/2""","=""3d10.4d""","=""2D""","=""3/2""",4,4,,"=""T7870""","=""L9761,L640""",
Zn,1,"=""213.857351""","=""0.000010""","=""213.857354""","=""0.000009""","=""80000000r""","=""7.14e+08""",A,"=""0.0000""","=""46745.4032""","=""3d10.4s2""","=""1S""","=""0""","=""3d10.4s.4p""","=""1P*""","=""1""",1,3,,"=""T7574""","=""L9761""",
Zn,2,"=""250.19945""","=""""","=""250.1990+""","=""""","=""1000""","=""1.97e+08""",C+,"=""48481.00""","=""88437.15""","=""3d10.4p""","=""2P*""","=""1/2""","=""3d10.5s""","=""2S""","=""1/2""",2,2,,"=""T7870""","=""L9761,L640""",
Zn,2,"=""255.79460""","=""""","=""255.7948+""","=""""","=""1000""","=""3.91e+08""",C+,"=""49355.04""","=""88437.15""","=""3d10.4p""","=""2P*""","=""3/2""","=""3d10.5s""","=""2S""","=""1/2""",4,2,,"=""T7870""","=""L9761,L640""",
Zn,2,"=""257.0652""","=""""","=""257.065+""","=""""","=""30""","=""1.76e+07""",C,"=""62722.45""","=""101611.4""","=""3d9.4s2""","=""2D""","=""5/2""","=""3d10.5p""","=""2P*""","=""3/2""",6,4,,"=""T7870""","=""L45""",
Zn,2,"=""276.3955""","=""""","=""276.392+""","=""""","=""30""","=""1.91e+06""",C,"=""65441.64""","=""101611.4""","=""3d9.4s2""","=""2D""","=""3/2""","=""3d10.5p""","=""2P*""","=""3/2""",4,4,,"=""T7870""","=""L45""",
Zn,2,"=""278.281""","=""""","=""278.281+""","=""""","=""30""","=""4.37e+06""",C,"=""65441.64""","=""101365.9""","=""3d9.4s2""","=""2D""","=""3/2""","=""3d10.5p""","=""2P*""","=""1/2""",4,2,,"=""T7870""","=""L45""",
Zn,1,"=""307.589713""","=""0.000021""","=""307.589703""","=""0.000019""","=""88000""","=""3.8e+04""",B,"=""0.0000""","=""32501.3990""","=""3d10.4s2""","=""1S""","=""0""","=""3d10.4s.4p""","=""3P*""","=""1""",1,3,,"=""T7574""","=""L9761""",
Zn,1,"=""328.232559""","=""0.000022""","=""328.232554""","=""0.000015""","=""360000""","=""9.0e+07""",B,"=""32311.3176""","=""62768.7462""","=""3d10.4s.4p""","=""3P*""","=""0""","=""3d10.4s.4d""","=""3D""","=""1""",1,3,,"=""T2177""","=""L9761""",
Zn,1,"=""330.258289""","=""0.000022""","=""330.258290""","=""0.000016""","=""1400000""","=""1.20e+08""",B,"=""32501.3990""","=""62772.0144""","=""3d10.4s.4p""","=""3P*""","=""1""","=""3d10.4s.4d""","=""3D""","=""2""",3,5,,"=""T2177""","=""L9761""",
Zn,1,"=""330.293949""","=""0.000022""","=""330.293951""","=""0.000014""","=""550000""","=""6.7e+07""",B,"=""32501.3990""","=""62768.7462""","=""3d10.4s.4p""","=""3P*""","=""1""","=""3d10.4s.4d""","=""3D""","=""1""",3,3,,"=""T2177""","=""L9761""",
Zn,1,"=""334.501339""","=""0.000022""","=""334.501340""","=""0.000021""","=""2900000""","=""1.70e+08""",B,"=""32890.3267""","=""62776.9809""","=""3d10.4s.4p""","=""3P*""","=""2""","=""3d10.4s.4d""","=""3D""","=""3""",5,7,,"=""T2177""","=""L9761""",
Zn,1,"=""334.556939""","=""0.000022""","=""334.556938""","=""0.000017""","=""530000""","=""4.0e+07""",B,"=""32890.3267""","=""62772.0144""","=""3d10.4s.4p""","=""3P*""","=""2""","=""3d10.4s.4d""","=""3D""","=""2""",5,5,,"=""T2177""","=""L9761""",
Zn,1,"=""334.59353""","=""0.00003""","=""334.593534""","=""0.000016""","=""75000""","=""4.5e+06""",B,"=""32890.3267""","=""62768.7462""","=""3d10.4s.4p""","=""3P*""","=""2""","=""3d10.4s.4d""","=""3D""","=""1""",5,3,,"=""T2177""","=""L9761""",
Zn,2,"=""407.814""","=""""","=""407.813+""","=""""","=""40""","=""8.9e+06""",C,"=""101365.9""","=""125880.0""","=""3d10.5p""","=""2P*""","=""1/2""","=""3d10.7s""","=""2S""","=""1/2""",2,2,,"=""T7870""","=""L45""",
Zn,2,"=""411.939""","=""""","=""411.939+""","=""""","=""40""","=""1.56e+07""",C,"=""101611.4""","=""125880.0""","=""3d10.5p""","=""2P*""","=""3/2""","=""3d10.7s""","=""2S""","=""1/2""",4,2,,"=""T7870""","=""L45""",
Zn,2,"=""491.16269""","=""""","=""491.161+""","=""""","=""800""","=""1.82e+08""",C,"=""96909.74""","=""117264.0""","=""3d10.4d""","=""2D""","=""3/2""","=""3d10.4f""","=""2F*""","=""5/2""",4,6,,"=""T7870""","=""L9761,L45""",
Zn,2,"=""492.40132""","=""""","=""492.401+""","=""""","=""500""","=""2.72e+08""",C,"=""96960.40""","=""117263.4""","=""3d10.4d""","=""2D""","=""5/2""","=""3d10.4f""","=""2F*""","=""7/2""",6,8,,"=""T7870""","=""L9761,L45""",
Zn,2,"=""602.118""","=""""","=""602.12+""","=""""","=""500""","=""7.5e+07""",C,"=""101365.9""","=""117969.32""","=""3d10.5p""","=""2P*""","=""1/2""","=""3d10.5d""","=""2D""","=""3/2""",2,4,,"=""T7870""","=""L45""",
Zn,2,"=""610.249""","=""""","=""610.25+""","=""""","=""500""","=""6.21e+07""",C,"=""101611.4""","=""117993.61""","=""3d10.5p""","=""2P*""","=""3/2""","=""3d10.5d""","=""2D""","=""5/2""",4,6,,"=""T7870""","=""L45""",
Zn,2,"=""611.153""","=""""","=""611.16+""","=""""","=""100""","=""4.28e+06""",C,"=""101611.4""","=""117969.32""","=""3d10.5p""","=""2P*""","=""3/2""","=""3d10.5d""","=""2D""","=""3/2""",4,4,,"=""T7870""","=""L45""",
Zn,1,"=""636.23458""","=""0.00004""","=""636.23458""","=""0.00004""","=""240000""","=""4.7e+07""",C,"=""46745.4032""","=""62458.5323""","=""3d10.4s.4p""","=""1P*""","=""1""","=""3d10.4s.4d""","=""1D""","=""2""",3,5,,"=""T2177""","=""L9761""",
Zn,2,"=""758.84648""","=""""","=""758.85+""","=""""","=""300""","=""5.4e+07""",D+,"=""88437.15""","=""101611.4""","=""3d10.5s""","=""2S""","=""1/2""","=""3d10.5p""","=""2P*""","=""3/2""",2,4,,"=""T9418""","=""L9761,L45""",
Zn,2,"=""761.29""","=""""","=""761.28+""","=""""","=""100""","=""3.22e+07""",D+,"=""101365.9""","=""114498.02""","=""3d10.5p""","=""2P*""","=""1/2""","=""3d10.6s""","=""2S""","=""1/2""",2,2,,"=""T9418""","=""L45""",
Zn,2,"=""773.24886""","=""""","=""773.26+""","=""""","=""300""","=""5.1e+07""",D+,"=""88437.15""","=""101365.9""","=""3d10.5s""","=""2S""","=""1/2""","=""3d10.5p""","=""2P*""","=""1/2""",2,2,,"=""T9418""","=""L9761,L45""",
Zn,2,"=""775.79""","=""""","=""775.79+""","=""""","=""200""","=""6.4e+07""",D+,"=""101611.4""","=""114498.02""","=""3d10.5p""","=""2P*""","=""3/2""","=""3d10.6s""","=""2S""","=""1/2""",4,2,,"=""T9418""","=""L45""",
