element,ion_stage,species,wavelength_nm,observed_nm,ritz_nm,wavelength_medium,intensity,intensity_raw,Aki,accuracy,Ei_cm-1,Ek_cm-1,conf_i,term_i,J_i,conf_k,term_k,J_k
Sc,2,Sc II,188.0604,188.0604,188.0604,vacuum,8.0,8,500000000.0,D,2540.95,55715.36,3p6.3d.4s,1D,2,3p6.4s.4p,1P*,1
Sc,3,Sc III,189.5441,189.5441,189.5441,vacuum,40.0,40,300000000.0,D,62104.30,114862.48,3p6.4p,2P*,1/2,3p6.5s,2S,1/2
Sc,3,Sc III,191.262,191.262,191.262,vacuum,60.0,60,580000000.0,C,62578.18,114862.48,3p6.4p,2P*,3/2,3p6.5s,2S,1/2
Sc,3,Sc III,199.3886,199.3886,199.3886,vacuum,90.0,90,940000000.0,C,62104.30,112257.62,3p6.4p,2P*,1/2,3p6.4d,2D,3/2
Sc,3,Sc III,201.042,201.042,201.042,air,60.0,60,1100000000.0,C,62578.18,112302.95,3p6.4p,2P*,3/2,3p6.4d,2D,5/2
Sc,3,Sc III,201.2256,201.2256,201.2255,air,50.0,50,180000000.0,D,62578.18,112257.62,3p6.4p,2P*,3/2,3p6.4d,2D,3/2
Sc,2,Sc II,206.4255,206.4255,206.4256,air,6.0,6,220000000.0,E,28161.17,76589.3,3p6.3d.4p,3D*,3,3p6.4p2,3P,2
Sc,2,Sc II,206.8041,206.8041,206.8041,air,5.0,5,200000000.0,E,28021.29,76360.8,3p6.3d.4p,3D*,2,3p6.4p2,3P,1
Sc,3,Sc III,209.627,209.627,209.6271,air,1.0,1,20000000.0,E,128107.12,175795.73,3p6.5p,2P*,1/2,3p6.8s,2S,1/2
Sc,3,Sc III,210.4042,210.4042,210.4038,air,2.0,2,38000000.0,D,128283.15,175795.73,3p6.5p,2P*,3/2,3p6.8s,2S,1/2
Sc,3,Sc III,211.1268,211.1268,211.1268,air,2.0,2,21000000.0,D,128107.12,175457.03,3p6.5p,2P*,1/2,3p6.7d,2D,3/2
Sc,1,Sc I,211.28464,211.28464,211.28467,air,7.0,7g,3200000.0,C,0.0000,47314.526,3d.4s2,2D,3/2,3d2.(3F).5p,2D*,5/2
Sc,1,Sc I,211.66506,211.66506,211.66505,air,9.0,9g,20000000.0,C,0.0000,47229.509,3d.4s2,2D,3/2,3d2.(3F).5p,2D*,3/2
Sc,3,Sc III,211.8854,211.8854,211.8853,air,5.0,5,24000000.0,D,128283.15,175463.56,3p6.5p,2P*,3/2,3p6.7d,2D,5/2
Sc,3,Sc III,211.9158,211.9158,211.9147,air,1.0,1,4100000.0,E,128283.15,175457.03,3p6.5p,2P*,3/2,3p6.7d,2D,3/2
Sc,1,Sc I,212.03919,212.03919,212.03916,air,9.0,9g,20000000.0,C,168.3371,47314.526,3d.4s2,2D,5/2,3d2.(3F).5p,2D*,5/2
Sc,2,Sc II,223.2905,223.2905,223.2905,air,5.0,5,78000000.0,D,10944.56,55715.36,3p6.3d2,1D,2,3p6.4s.4p,1P*,1
Sc,1,Sc I,226.2292,226.2292,226.2292,air,6.0,6g,5800000.0,C,0.0000,44189.284,3d.4s2,2D,3/2,3d2.(3P).4p,2P*,3/2
Sc,1,Sc I,226.6594,226.6594,226.65935,air,9.0,9g,48000000.0,C,0.0000,44105.430,3d.4s2,2D,3/2,3d2.(3P).4p,2P*,1/2
Sc,1,Sc I,227.0944,227.0944,227.09438,air,9.0,9g,46000000.0,C,168.3371,44189.284,3d.4s2,2D,5/2,3d2.(3P).4p,2P*,3/2
Sc,2,Sc II,227.3109,227.3109,227.311,air,11.0,11,770000000.0,D,11736.36,55715.36,3p6.4s2,1S,0,3p6.4s.4p,1P*,1
Sc,1,Sc I,228.0833,228.0833,228.08321,air,9.0,9g,28000000.0,C,0.0000,43830.118,3d.4s2,2D,3/2,3d2.(1G).4p,2F*,5/2
Sc,1,Sc I,228.9628,228.9628,228.96266,air,2.0,2g,4100000.0,C,168.3371,43830.118,3d.4s2,2D,5/2,3d2.(1G).4p,2F*,5/2
Sc,3,Sc III,230.7822,230.7822,230.7822,air,5.0,5,1700000.0,E,112257.62,155575.20,3p6.4d,2D,3/2,3p6.6p,2P*,3/2
Sc,3,Sc III,231.0239,231.0239,231.0239,air,7.0,7,16000000.0,E,112302.95,155575.20,3p6.4d,2D,5/2,3p6.6p,2P*,3/2
Sc,1,Sc I,231.1291,231.1291,231.12912,air,4.0,4g,4100000.0,C,0.0000,43252.557,3d.4s2,2D,3/2,3d.4s.(1D).5p,2D*,5/2
Sc,3,Sc III,231.2382,231.2382,231.2382,air,6.0,6,17000000.0,E,112257.62,155489.78,3p6.4d,2D,3/2,3p6.6p,2P*,1/2
Sc,1,Sc I,231.5687,231.5687,231.56881,air,5.0,5g,25000000.0,C,0.0000,43170.439,3d.4s2,2D,3/2,3d.4s.(1D).5p,2D*,3/2
Sc,1,Sc I,232.0321,232.0321,232.03226,air,5.0,5g,24000000.0,C,168.3371,43252.557,3d.4s2,2D,5/2,3d.4s.(1D).5p,2D*,5/2
Sc,1,Sc I,232.4753,232.4753,232.4754,air,4.0,4g,4100000.0,C,168.3371,43170.439,3d.4s2,2D,5/2,3d.4s.(1D).5p,2D*,3/2
Sc,1,Sc I,232.8186,232.8186,232.81826,air,5.0,5g,4600000.0,C,0.0000,42938.78,3d.4s2,2D,3/2,3d.4s.(1D).5p,2F*,5/2
Sc,1,Sc I,233.4671,233.4671,233.46709,air,5.0,5g,17000000.0,C,0.0000,42819.458,3d.4s2,2D,3/2,3d.4s.(1D).5p,2P*,1/2
Sc,1,Sc I,233.5165,233.5165,233.51615,air,5.0,5g,3600000.0,C,168.3371,42978.799,3d.4s2,2D,5/2,3d.4s.(1D).5p,2F*,7/2
Sc,1,Sc I,233.6806,233.6806,233.68028,air,4.0,4g,3700000.0,C,0.0000,42780.397,3d.4s2,2D,3/2,3d.4s.(1D).5p,2P*,3/2
Sc,1,Sc I,234.6034,234.6034,234.6035,air,5.0,5g,13000000.0,C,168.3371,42780.397,3d.4s2,2D,5/2,3d.4s.(1D).5p,2P*,3/2
Sc,1,Sc I,242.86573,242.86573,242.86582,air,5.0,5g,2070000.0,C,0.0000,41162.506,3d.4s2,2D,3/2,3d2.(3P).4p,2D*,5/2
Sc,1,Sc I,242.91943,242.91943,242.91948,air,5.0,5g,28200000.0,C,0.0000,41153.414,3d.4s2,2D,3/2,3d2.(3P).4p,2D*,3/2
Sc,1,Sc I,243.86312,243.86312,243.86319,air,5.0,5g,21000000.0,C,168.3371,41162.506,3d.4s2,2D,5/2,3d2.(3P).4p,2D*,5/2
Sc,1,Sc I,243.91705,243.91705,243.91729,air,5.0,5g,2170000.0,C,168.3371,41153.414,3d.4s2,2D,5/2,3d2.(3P).4p,2D*,3/2
Sc,3,Sc III,245.552,245.552,245.5492,air,1.0,1,1000000.0,E,114862.48,155575.20,3p6.5s,2S,1/2,3p6.6p,2P*,3/2
Sc,3,Sc III,246.0655,,246.0655,air,,,1000000.0,E,114862.48,155489.78,3p6.5s,2S,1/2,3p6.6p,2P*,1/2
Sc,1,Sc I,246.26715,246.26715,246.26722,air,4.0,4g,2080000.0,C,0.0000,40594.018,3d.4s2,2D,3/2,3d.4s.(3D).5p,2P*,3/2
Sc,1,Sc I,246.8403,246.8403,246.84079,air,5.0,5g,4880000.0,C,0.0000,40499.698,3d.4s2,2D,3/2,3d.4s.(3D).5p,2P*,1/2
Sc,1,Sc I,247.29283,247.29283,247.29278,air,5.0,5g,2920000.0,C,168.3371,40594.018,3d.4s2,2D,5/2,3d.4s.(3D).5p,2P*,3/2
Sc,2,Sc II,254.0824,254.0824,254.0822,air,3.0,3g,2600000.0,B',0.00,39345.52,3p6.3d.4s,3D,1,3p6.4s.4p,3P*,2
Sc,2,Sc II,254.5196,254.5196,254.5203,air,8.0,8g,40000000.0,A',67.72,39345.52,3p6.3d.4s,3D,2,3p6.4s.4p,3P*,2
Sc,2,Sc II,255.235,255.235,255.2354,air,10.0,10g,221000000.0,A',177.76,39345.52,3p6.3d.4s,3D,3,3p6.4s.4p,3P*,2
Sc,2,Sc II,255.5789,255.5789,255.5795,air,8.0,8g,69000000.0,B+,0.00,39115.04,3p6.3d.4s,3D,1,3p6.4s.4p,3P*,1
Sc,2,Sc II,256.0232,256.0232,256.0228,air,10.0,10g,201000000.0,A',67.72,39115.04,3p6.3d.4s,3D,2,3p6.4s.4p,3P*,1
Sc,2,Sc II,256.3192,256.3192,256.319,air,8.0,8g,270000000.0,B+,0.00,39002.20,3p6.3d.4s,3D,1,3p6.4s.4p,3P*,0
Sc,2,Sc II,261.1194,261.1194,261.1186,air,7.0,7,220000000.0,E,26081.34,64366.68,3p6.3d.4p,1D*,2,3p6.3d.4d,1D,2
Sc,3,Sc III,262.7334,262.7334,262.7334,air,1.0,1,35000000.0,D,128107.12,166157.17,3p6.5p,2P*,1/2,3p6.7s,2S,1/2
Sc,3,Sc III,263.9546,263.9546,263.9546,air,2.0,2,69000000.0,D,128283.15,166157.17,3p6.5p,2P*,3/2,3p6.7s,2S,1/2
Sc,3,Sc III,266.6907,266.6907,266.691,air,6.0,6,48000000.0,D,128107.12,165592.55,3p6.5p,2P*,1/2,3p6.6d,2D,3/2
Sc,2,Sc II,266.7699,266.7699,266.7705,air,3.0,3*,150000000.0,E,39115.04,76589.3,3p6.4s.4p,3P*,1,3p6.4p2,3P,2
Sc,3,Sc III,267.8725,267.8725,267.8722,air,8.0,8,56000000.0,D,128283.15,165603.29,3p6.5p,2P*,3/2,3p6.6d,2D,5/2
Sc,3,Sc III,267.9493,267.9493,267.9494,air,1.0,1,9500000.0,D,128283.15,165592.55,3p6.5p,2P*,3/2,3p6.6d,2D,3/2
Sc,1,Sc I,269.27735,269.27735,269.2773,air,6.0,6g,16100000.0,C+,0.0000,37125.419,3d.4s2,2D,3/2,3d2.(1D).4p,2P*,1/2
Sc,1,Sc I,269.56345,269.56345,269.56339,air,5.0,5g,600000.0,C+,0.0000,37086.020,3d.4s2,2D,3/2,3d2.(1D).4p,2P*,3/2
Sc,1,Sc I,269.9016,269.9016,269.90154,air,6.0,6g,2400000.0,B,0.0000,37039.559,3d.4s2,2D,3/2,3d2.(1D).4p,2D*,5/2
Sc,3,Sc III,269.9067,269.9067,269.9066,air,350.0,350,343000000.0,C,25539.32,62578.18,3p6.4s,2S,1/2,3p6.4p,2P*,3/2
Sc,1,Sc I,270.67365,270.67365,270.67371,air,6.0,6g,31000000.0,B,0.0000,36933.899,3d.4s2,2D,3/2,3d2.(1D).4p,2D*,3/2
Sc,1,Sc I,270.79255,270.79255,270.79261,air,6.0,6g,14900000.0,C+,168.3371,37086.020,3d.4s2,2D,5/2,3d2.(1D).4p,2P*,3/2
Sc,1,Sc I,271.1338,271.1338,271.13385,air,6.0,6g,32000000.0,B,168.3371,37039.559,3d.4s2,2D,5/2,3d2.(1D).4p,2D*,5/2
Sc,1,Sc I,271.7053,271.7053,271.70555,air,5.0,5g,3580000.0,C,0.0000,36793.645,3d.4s2,2D,3/2,3d2.(3P).4p,4D*,3/2
Sc,1,Sc I,271.9129,271.9129,271.9131,air,5.0,5g,390000.0,C+,168.3371,36933.899,3d.4s2,2D,5/2,3d2.(1D).4p,2D*,3/2
Sc,1,Sc I,272.4594,272.4594,272.45923,air,5.0,5g,1570000.0,C,168.3371,36860.209,3d.4s2,2D,5/2,3d2.(3P).4p,4D*,5/2
Sc,1,Sc I,272.6481,272.6481,272.6484,air,5.0,5g,1210000.0,C,0.0000,36666.416,3d.4s2,2D,3/2,3d2.(1D).4p,2F*,5/2
Sc,3,Sc III,273.4048,273.4048,273.4048,air,230.0,230,330000000.0,D,25539.32,62104.30,3p6.4s,2S,1/2,3p6.4p,2P*,1/2
Sc,1,Sc I,273.4287,273.4287,273.42878,air,5.0,5g,910000.0,C,168.3371,36730.110,3d.4s2,2D,5/2,3d2.(1D).4p,2F*,7/2
Sc,2,Sc II,273.5568,273.5568,273.5564,air,4.0,4,81000000.0,E,28161.17,64705.89,3p6.3d.4p,3D*,3,3p6.3d.4d,3P,2
Sc,1,Sc I,273.9057,273.9057,273.90598,air,5.0,5g,560000.0,C,168.3371,36666.416,3d.4s2,2D,5/2,3d2.(1D).4p,2F*,5/2
Sc,2,Sc II,274.6363,274.6363,274.6376,air,5.0,5bl,390000000.0,E,30815.70,67216.56,3p6.3d.4p,1P*,1,3p6.3d.4d,1S,0
Sc,2,Sc II,278.2306,278.2306,278.2297,air,11.0,11,130000000.0,E,27443.71,63374.63,3p6.3d.4p,3F*,2,3p6.3d.4d,3F,2
Sc,2,Sc II,278.9151,278.9151,278.9145,air,12.0,12,130000000.0,E,27602.45,63445.16,3p6.3d.4p,3F*,3,3p6.3d.4d,3F,3
Sc,2,Sc II,280.1306,280.1306,280.13,air,9.0,9,130000000.0,E,27841.35,63528.54,3p6.3d.4p,3F*,4,3p6.3d.4d,3F,4
Sc,2,Sc II,281.9491,281.9491,281.9499,air,9.0,9,230000000.0,E,27917.78,63374.63,3p6.3d.4p,3D*,1,3p6.3d.4d,3F,2
Sc,2,Sc II,282.2121,282.2121,282.2125,air,9.0,9,250000000.0,E,28021.29,63445.16,3p6.3d.4p,3D*,2,3p6.3d.4d,3F,3
Sc,2,Sc II,282.6639,282.6639,282.6633,air,10.0,10,280000000.0,E,28161.17,63528.54,3p6.3d.4p,3D*,3,3p6.3d.4d,3F,4
Sc,2,Sc II,287.0848,287.0848,287.0842,air,6.0,6,110000000.0,E,29823.93,64646.70,3p6.3d.4p,3P*,2,3p6.3d.4d,3P,1
Sc,2,Sc II,291.2977,291.2977,291.2979,air,7.0,7,110000000.0,E,26081.34,60400.41,3p6.3d.4p,1D*,2,3p6.3d.4d,1P,1
Sc,1,Sc I,296.58745,296.58745,296.58737,air,6.0,6g,7500000.0,B,0.0000,33707.034,3d.4s2,2D,3/2,3d2.(3F).4p,2D*,5/2
Sc,1,Sc I,297.40055,297.40055,297.40058,air,6.0,6g,55000000.0,C+,0.0000,33614.869,3d.4s2,2D,3/2,3d2.(3F).4p,2D*,3/2
Sc,2,Sc II,297.9676,297.9676,297.9669,air,8.0,8*,120000000.0,E,30815.70,64366.68,3p6.3d.4p,1P*,1,3p6.3d.4d,1D,2
Sc,1,Sc I,298.07595,298.07595,298.07606,air,6.0,6g,54000000.0,C+,168.3371,33707.034,3d.4s2,2D,5/2,3d2.(3F).4p,2D*,5/2
Sc,2,Sc II,298.8918,298.8918,298.8926,air,12.0,12bl,290000000.0,E,26081.34,59528.42,3p6.3d.4p,1D*,2,3p6.3d.4d,1F,3
Sc,1,Sc I,298.8974,298.8974,298.89747,air,6.0,6g,6900000.0,C+,168.3371,33614.869,3d.4s2,2D,5/2,3d2.(3F).4p,2D*,3/2
Sc,1,Sc I,301.537,301.537,301.53689,air,6.0,6g,78000000.0,B+,0.0000,33153.779,3d.4s2,2D,3/2,3d2.(3F).4p,2F*,5/2
Sc,1,Sc I,301.93575,301.93575,301.93531,air,6.0,6g,87000000.0,B+,168.3371,33278.370,3d.4s2,2D,5/2,3d2.(3F).4p,2F*,7/2
Sc,1,Sc I,303.07575,303.07575,303.07581,air,6.0,6g,10000000.0,B+,168.3371,33153.779,3d.4s2,2D,5/2,3d2.(3F).4p,2F*,5/2
Sc,1,Sc I,303.97735,303.97735,303.97733,air,5.0,5g,531000.0,C,168.3371,33055.957,3d.4s2,2D,5/2,3d2.(3F).4p,2G*,7/2
Sc,2,Sc II,303.9922,303.9922,303.9917,air,12.0,12,350000000.0,E,32349.98,65236.04,3p6.3d.4p,1F*,3,3p6.3d.4d,1G,4
Sc,2,Sc II,304.5725,304.5725,304.5716,air,12.0,12,368000000.0,B,27443.71,60267.16,3p6.3d.4p,3F*,2,3p6.3d.4d,3G,3
Sc,2,Sc II,305.2922,305.2922,305.2919,air,14.0,14,392000000.0,B,27602.45,60348.46,3p6.3d.4p,3F*,3,3p6.3d.4d,3G,4
Sc,2,Sc II,306.0537,306.0537,306.0518,air,7.0,7d,30000000.0,C+,27602.45,60267.16,3p6.3d.4p,3F*,3,3p6.3d.4d,3G,3
Sc,1,Sc I,306.10285,306.10285,306.10265,air,5.0,5g,870000.0,C,0.0000,32659.285,3d.4s2,2D,3/2,3d2.(3F).4p,4D*,3/2
Sc,2,Sc II,306.5117,306.5117,306.5111,air,12.0,12,400000000.0,B+,27841.35,60457.12,3p6.3d.4p,3F*,4,3p6.3d.4d,3G,5
Sc,1,Sc I,306.8183,306.8183,306.81805,air,5.0,5g,560000.0,C,168.3371,32751.474,3d.4s2,2D,5/2,3d2.(3F).4p,4D*,7/2
Sc,1,Sc I,307.3339,307.3339,307.3337,air,5.0,5g,740000.0,C,168.3371,32696.808,3d.4s2,2D,5/2,3d2.(3F).4p,4D*,5/2
Sc,2,Sc II,307.5358,307.5358,307.5357,air,10.0,10,25000000.0,B+,27841.35,60348.46,3p6.3d.4p,3F*,4,3p6.3d.4d,3G,4
Sc,2,Sc II,310.737,,310.737,air,,,150000.0,E,177.76,32349.98,3p6.3d.4s,3D,3,3p6.3d.4p,1F*,3
Sc,2,Sc II,310.7519,310.7519,310.7512,air,6.0,6bl,79000000.0,E,26081.34,58252.09,3p6.3d.4p,1D*,2,3p6.3d.5s,1D,2
Sc,2,Sc II,312.8271,312.8271,312.8269,air,6.0,6d,190000000.0,E,27917.78,59875.08,3p6.3d.4p,3D*,1,3p6.3d.4d,3D,1
Sc,2,Sc II,313.3073,313.3073,313.3086,air,5.0,5d,180000000.0,E,28021.29,59929.46,3p6.3d.4p,3D*,2,3p6.3d.4d,3D,2
Sc,2,Sc II,313.9718,313.9718,313.9721,air,12.0,12,210000000.0,E,28161.17,60001.91,3p6.3d.4p,3D*,3,3p6.3d.4d,3D,3
Sc,2,Sc II,319.0984,319.0984,319.0981,air,10.0,10,110000000.0,E,29742.16,61071.43,3p6.3d.4p,3P*,1,3p6.3d.4d,3S,1
Sc,2,Sc II,319.9331,319.9331,319.9331,air,8.0,8,190000000.0,E,29823.93,61071.43,3p6.3d.4p,3P*,2,3p6.3d.4d,3S,1
Sc,2,Sc II,324.4162,324.4162,324.4163,air,1.0,1g,2200000.0,E,0.00,30815.70,3p6.3d.4s,3D,1,3p6.3d.4p,1P*,1
Sc,2,Sc II,325.1316,325.1316,325.1308,air,7.0,7g,2300000.0,C+,67.72,30815.70,3p6.3d.4s,3D,2,3p6.3d.4p,1P*,1
Sc,1,Sc I,325.5676,325.5676,325.56797,air,6.0,6g,32000000.0,B+,0.0000,30706.696,3d.4s2,2D,3/2,3d.4s.(3D).4p,2P*,3/2
Sc,1,Sc I,326.9897,326.9897,326.98999,air,6.0,6g,313000000.0,B+,0.0000,30573.163,3d.4s2,2D,3/2,3d.4s.(3D).4p,2P*,1/2
Sc,1,Sc I,327.3628,327.3628,327.36267,air,6.0,6g,281000000.0,B+,168.3371,30706.696,3d.4s2,2D,5/2,3d.4s.(3D).4p,2P*,3/2
Sc,2,Sc II,331.1698,331.1698,331.1698,air,8.0,8,92000000.0,E,29742.16,59929.46,3p6.3d.4p,3P*,1,3p6.3d.4d,3D,2
Sc,2,Sc II,331.2715,331.2715,331.2721,air,9.0,9,120000000.0,E,29823.93,60001.91,3p6.3d.4p,3P*,2,3p6.3d.4d,3D,3
Sc,2,Sc II,331.7023,331.7023,331.7026,air,6.0,6,65000000.0,E,29736.27,59875.08,3p6.3d.4p,3P*,0,3p6.3d.4d,3D,1
Sc,2,Sc II,332.04,332.04,332.0402,air,9.0,9,120000000.0,E,27443.71,57551.88,3p6.3d.4p,3F*,2,3p6.3d.5s,3D,1
Sc,2,Sc II,333.1044,333.1044,333.1048,air,10.0,10,100000000.0,E,27602.45,57614.40,3p6.3d.4p,3F*,3,3p6.3d.5s,3D,2
Sc,2,Sc II,334.3233,334.3233,334.3233,air,11.0,11,110000000.0,E,27841.35,57743.92,3p6.3d.4p,3F*,4,3p6.3d.5s,3D,3
Sc,2,Sc II,335.2066,335.2066,335.2049,air,5.0,"5g,bl",1600000.0,C+,0.00,29823.93,3p6.3d.4s,3D,1,3p6.3d.4p,3P*,2
Sc,2,Sc II,335.3724,335.3724,335.3724,air,13.0,13bl,151000000.0,B+,2540.95,32349.98,3p6.3d.4s,1D,2,3p6.3d.4p,1F*,3
Sc,2,Sc II,335.9231,335.9231,335.9232,air,3.0,3,7800000.0,D,25955.2,55715.36,3p6.3d2,1S,0,3p6.4s.4p,1P*,1
Sc,2,Sc II,335.9668,335.9668,335.9678,air,12.0,12g,21600000.0,B+,67.72,29823.93,3p6.3d.4s,3D,2,3p6.3d.4p,3P*,2
Sc,2,Sc II,336.1257,336.1257,336.1265,air,11.0,11g,34000000.0,B+,0.00,29742.16,3p6.3d.4s,3D,1,3p6.3d.4p,3P*,1
Sc,2,Sc II,336.1926,336.1926,336.1931,air,11.0,11g,117000000.0,B+,0.00,29736.27,3p6.3d.4s,3D,1,3p6.3d.4p,3P*,0
Sc,2,Sc II,336.8936,336.8936,336.8936,air,12.0,12g,83000000.0,A',67.72,29742.16,3p6.3d.4s,3D,2,3p6.3d.4p,3P*,1
Sc,2,Sc II,337.215,337.215,337.2148,air,12.0,12g,99000000.0,B+,177.76,29823.93,3p6.3d.4s,3D,3,3p6.3d.4p,3P*,2
Sc,2,Sc II,337.3523,337.3523,337.3522,air,5.0,5,65000000.0,E,27917.78,57551.88,3p6.3d.4p,3D*,1,3p6.3d.5s,3D,1
Sc,2,Sc II,337.8199,337.8199,337.8195,air,9.0,9,55000000.0,E,28021.29,57614.40,3p6.3d.4p,3D*,2,3p6.3d.5s,3D,2
Sc,2,Sc II,337.9161,337.9161,337.9154,air,6.0,6,250000000.0,E,30815.70,60400.41,3p6.3d.4p,1P*,1,3p6.3d.4d,1P,1
Sc,2,Sc II,337.9377,337.9377,337.9378,air,9.0,9,73000000.0,E,28161.17,57743.92,3p6.3d.4p,3D*,3,3p6.3d.5s,3D,3
Sc,3,Sc III,347.9756,,347.9756,air,,,250000.0,E,136873.87,165603.29,3p6.4f,2F*,5/2,3p6.6d,2D,5/2
Sc,3,Sc III,347.9785,347.9785,347.9787,air,6.0,6,5000000.0,E,136874.12,165603.29,3p6.4f,2F*,7/2,3p6.6d,2D,5/2
Sc,3,Sc III,348.1064,348.1064,348.1058,air,5.0,5,5300000.0,E,136873.87,165592.55,3p6.4f,2F*,5/2,3p6.6d,2D,3/2
Sc,2,Sc II,353.5713,353.5713,353.5714,air,13.0,13,61000000.0,B,2540.95,30815.70,3p6.3d.4s,1D,2,3p6.3d.4p,1P*,1
Sc,2,Sc II,355.8534,355.8534,355.8532,air,12.0,12g,30000000.0,B+,67.72,28161.17,3p6.3d.4s,3D,2,3p6.3d.4p,3D*,3
Sc,2,Sc II,356.7702,356.7702,356.7696,air,12.0,12g,35000000.0,B+,0.00,28021.29,3p6.3d.4s,3D,1,3p6.3d.4p,3D*,2
Sc,2,Sc II,357.253,357.253,357.2526,air,13.0,13g,138000000.0,B+,177.76,28161.17,3p6.3d.4s,3D,3,3p6.3d.4p,3D*,3
Sc,2,Sc II,357.634,357.634,357.634,air,12.0,12g,106000000.0,B+,67.72,28021.29,3p6.3d.4s,3D,2,3p6.3d.4p,3D*,2
Sc,2,Sc II,358.0655,358.0655,358.0641,air,8.0,8bl,46000000.0,E,29823.93,57743.92,3p6.3d.4p,3P*,2,3p6.3d.5s,3D,3
Sc,2,Sc II,358.0928,358.0928,358.0925,air,12.0,"12g,bl",123000000.0,B+,0.00,27917.78,3p6.3d.4s,3D,1,3p6.3d.4p,3D*,1
Sc,2,Sc II,358.6776,358.6776,358.6776,air,6.0,6,34000000.0,E,29742.16,57614.40,3p6.3d.4p,3P*,1,3p6.3d.5s,3D,2
Sc,2,Sc II,358.9633,358.9633,358.9632,air,11.0,11g,46000000.0,B+,67.72,27917.78,3p6.3d.4s,3D,2,3p6.3d.4p,3D*,1
Sc,2,Sc II,359.0474,359.0474,359.0474,air,11.0,11g,29000000.0,B+,177.76,28021.29,3p6.3d.4s,3D,3,3p6.3d.4p,3D*,2
Sc,2,Sc II,361.3831,361.3831,361.3829,air,13.0,13g,148000000.0,B+,177.76,27841.35,3p6.3d.4s,3D,3,3p6.3d.4p,3F*,4
Sc,2,Sc II,363.0742,363.0742,363.0742,air,13.0,13g,120000000.0,A',67.72,27602.45,3p6.3d.4s,3D,2,3p6.3d.4p,3F*,3
Sc,2,Sc II,364.2782,364.2782,364.2784,air,13.0,13g,113000000.0,B+,0.00,27443.71,3p6.3d.4s,3D,1,3p6.3d.4p,3F*,2
Sc,2,Sc II,364.3751,364.3751,364.3756,air,5.0,5,47000000.0,E,30815.70,58252.09,3p6.3d.4p,1P*,1,3p6.3d.5s,1D,2
Sc,2,Sc II,364.5308,364.5308,364.5311,air,12.0,12g,27400000.0,B+,177.76,27602.45,3p6.3d.4s,3D,3,3p6.3d.4p,3F*,3
Sc,2,Sc II,365.1798,365.1798,365.1795,air,11.0,"11g,bl*",30000000.0,B+,67.72,27443.71,3p6.3d.4s,3D,2,3p6.3d.4p,3F*,2
Sc,2,Sc II,366.653,366.653,366.6534,air,7.0,7g,1600000.0,C+,177.76,27443.71,3p6.3d.4s,3D,3,3p6.3d.4p,3F*,2
Sc,2,Sc II,367.8331,367.8331,367.834,air,10.0,10,100000000.0,E,32349.98,59528.42,3p6.3d.4p,1F*,3,3p6.3d.4d,1F,3
Sc,2,Sc II,383.308,383.308,383.3071,air,13.0,13g,880000.0,B',0.00,26081.34,3p6.3d.4s,3D,1,3p6.3d.4p,1D*,2
Sc,2,Sc II,384.3049,384.3049,384.305,air,12.0,12g,1690000.0,B,67.72,26081.34,3p6.3d.4s,3D,2,3p6.3d.4p,1D*,2
Sc,2,Sc II,385.9592,385.9592,385.9595,air,12.0,12,110000000.0,E,32349.98,58252.09,3p6.3d.4p,1F*,3,3p6.3d.5s,1D,2
Sc,1,Sc I,390.7484,390.7484,390.74903,air,7.0,7g,166000000.0,B+,0.0000,25584.627,3d.4s2,2D,3/2,3d.4s.(3D).4p,2F*,5/2
Sc,1,Sc I,391.1812,391.1812,391.18183,air,7.0,7g,179000000.0,B+,168.3371,25724.658,3d.4s2,2D,5/2,3d.4s.(3D).4p,2F*,7/2
Sc,1,Sc I,393.3375,393.3375,393.3371,air,7.0,7g,16200000.0,B+,168.3371,25584.627,3d.4s2,2D,5/2,3d.4s.(3D).4p,2F*,5/2
Sc,2,Sc II,398.9056,398.9056,398.9056,air,9.0,9,160000.0,C+,2540.95,27602.45,3p6.3d.4s,1D,2,3p6.3d.4p,3F*,3
Sc,1,Sc I,399.6601,399.6601,399.66008,air,7.0,7g,16500000.0,B+,0.0000,25014.190,3d.4s2,2D,3/2,3d.4s.(3D).4p,2D*,5/2
Sc,2,Sc II,401.4475,401.4475,401.4484,air,13.0,13,1800000.0,B',2540.95,27443.71,3p6.3d.4s,1D,2,3p6.3d.4p,3F*,2
Sc,1,Sc I,401.7761,401.7761,401.77692,air,4.0,4,1100000.0,C+,15672.5595,40554.960,3d.4s.(3D).4p,4F*,3/2,3d.4s.(3D).4d,4F,5/2
Sc,1,Sc I,402.0387,402.0387,402.03914,air,7.0,7g,163000000.0,B+,0.0000,24866.172,3d.4s2,2D,3/2,3d.4s.(3D).4p,2D*,3/2
Sc,1,Sc I,402.3215,402.3215,402.3218,air,5.0,5,30000000.0,B,15672.5595,40521.261,3d.4s.(3D).4p,4F*,3/2,3d.4s.(3D).4d,4F,3/2
Sc,1,Sc I,402.3678,402.3678,402.36794,air,7.0,7g,165000000.0,B+,168.3371,25014.190,3d.4s2,2D,5/2,3d.4s.(3D).4p,2D*,5/2
Sc,1,Sc I,403.1376,403.1376,403.13741,air,5.0,5,29000000.0,B+,15756.5295,40554.960,3d.4s.(3D).4p,4F*,5/2,3d.4s.(3D).4d,4F,5/2
Sc,1,Sc I,403.6858,403.6858,403.686,air,5.0,5,7900000.0,B+,15756.5295,40521.261,3d.4s.(3D).4p,4F*,5/2,3d.4s.(3D).4d,4F,3/2
Sc,1,Sc I,404.3803,404.3803,404.3801,air,5.0,5,31100000.0,B+,15881.7082,40603.933,3d.4s.(3D).4p,4F*,7/2,3d.4s.(3D).4d,4F,7/2
Sc,1,Sc I,404.7797,404.7797,404.77944,air,7.0,7g,15400000.0,B+,168.3371,24866.172,3d.4s2,2D,5/2,3d.4s.(3D).4p,2D*,3/2
Sc,1,Sc I,405.1826,405.1826,405.18275,air,5.0,5,7700000.0,B+,15881.7082,40554.960,3d.4s.(3D).4p,4F*,7/2,3d.4s.(3D).4d,4F,5/2
Sc,1,Sc I,405.4544,405.4544,405.45456,air,7.0,7g,44600000.0,C,0.0000,24656.712,3d.4s2,2D,3/2,3d.4s.(1D).4p,2P*,1/2
Sc,3,Sc III,406.1209,406.1209,406.121,air,80.0,80,290000000.0,D,112257.62,136873.87,3p6.4d,2D,3/2,3p6.4f,2F*,5/2
Sc,1,Sc I,406.7001,406.7001,406.6999,air,5.0,5,19100000.0,B+,16022.7219,40603.933,3d.4s.(1D).4p,2D*,5/2,3d.4s.(3D).4d,4F,7/2
Sc,1,Sc I,406.7632,406.7632,406.7633,air,5.0,5,4100000.0,B,16026.5528,40603.933,3d.4s.(3D).4p,4F*,9/2,3d.4s.(3D).4d,4F,7/2
Sc,3,Sc III,406.8661,406.8661,406.8661,air,100.0,100,310000000.0,D,112302.95,136874.12,3p6.4d,2D,5/2,3p6.4f,2F*,7/2
Sc,3,Sc III,406.8703,,406.8703,air,,,21000000.0,D,112302.95,136873.87,3p6.4d,2D,5/2,3p6.4f,2F*,5/2
Sc,1,Sc I,407.4962,407.4962,407.49617,air,6.0,6,37000000.0,B+,16021.7788,40554.960,3d.4s.(3D).4p,4D*,3/2,3d.4s.(3D).4d,4F,5/2
Sc,1,Sc I,407.8564,407.8564,407.8563,air,5.0,5,43000000.0,B+,16009.7432,40521.261,3d.4s.(3D).4p,4D*,1/2,3d.4s.(3D).4d,4F,3/2
Sc,1,Sc I,408.0567,408.0567,408.0567,air,4.0,4,6600000.0,B,16021.7788,40521.261,3d.4s.(3D).4p,4D*,3/2,3d.4s.(3D).4d,4F,3/2
Sc,1,Sc I,408.2387,408.2387,408.23921,air,7.0,7g,27300000.0,B+,168.3371,24656.866,3d.4s2,2D,5/2,3d.4s.(1D).4p,2P*,3/2
Sc,1,Sc I,408.6664,408.6664,408.6664,air,5.0,5,37000000.0,B+,16141.0012,40603.933,3d.4s.(3D).4p,4D*,5/2,3d.4s.(3D).4d,4F,7/2
Sc,1,Sc I,408.7474,408.7474,408.74751,air,5.0,5,11200000.0,B+,16096.8834,40554.960,3d.4s.(1D).4p,2D*,3/2,3d.4s.(3D).4d,4F,5/2
Sc,1,Sc I,409.3119,409.3119,409.3115,air,5.0,5,12300000.0,B+,16096.8834,40521.261,3d.4s.(1D).4p,2D*,3/2,3d.4s.(3D).4d,4F,3/2
Sc,1,Sc I,409.4861,409.4861,409.48616,air,5.0,5,14400000.0,B+,16141.0012,40554.960,3d.4s.(3D).4p,4D*,5/2,3d.4s.(3D).4d,4F,5/2
Sc,1,Sc I,409.836,409.836,409.836,air,5.0,5,8700000.0,B+,16210.8140,40603.933,3d.4s.(3D).4p,4D*,7/2,3d.4s.(3D).4d,4F,7/2
Sc,1,Sc I,413.2984,413.2984,413.2981,air,6.0,6,119000000.0,B+,15672.5595,39861.348,3d.4s.(3D).4p,4F*,3/2,3d.4s.(3D).4d,,5/2
Sc,1,Sc I,414.0272,414.0272,414.0276,air,6.0,6,117000000.0,B+,15756.5295,39902.698,3d.4s.(3D).4p,4F*,5/2,3d.4s.(3D).4d,4G,7/2
Sc,1,Sc I,414.7378,414.7378,414.7379,air,5.0,5,17400000.0,B+,15756.5295,39861.348,3d.4s.(3D).4p,4F*,5/2,3d.4s.(3D).4d,,5/2
Sc,1,Sc I,416.1847,416.1847,416.1852,air,5.0,5,17700000.0,B+,15881.7082,39902.698,3d.4s.(3D).4p,4F*,7/2,3d.4s.(3D).4d,4G,7/2
Sc,1,Sc I,417.1534,417.1534,417.1537,air,5.0,5,13600000.0,B+,15756.5295,39721.755,3d.4s.(3D).4p,4F*,5/2,3d.4s.(3D).4d,4D,3/2
Sc,1,Sc I,418.6421,418.6421,418.6429,air,5.0,5,8400000.0,B,16022.7219,39902.698,3d.4s.(1D).4p,2D*,5/2,3d.4s.(3D).4d,4G,7/2
Sc,1,Sc I,418.7605,418.7605,418.7604,air,5.0,5,12800000.0,B+,15881.7082,39754.983,3d.4s.(3D).4p,4F*,7/2,3d.4s.(3D).4d,4D,5/2
Sc,1,Sc I,419.3528,419.3528,419.3525,air,5.0,5,6100000.0,B,16021.7788,39861.348,3d.4s.(3D).4p,4D*,3/2,3d.4s.(3D).4d,,5/2
Sc,1,Sc I,420.4518,420.4518,420.4519,air,5.0,5,3500000.0,C+,16022.7219,39799.959,3d.4s.(1D).4p,2D*,5/2,3d.4s.(3D).4d,4D,7/2
Sc,1,Sc I,420.5197,420.5197,420.5196,air,5.0,5,11200000.0,B+,16026.5528,39799.959,3d.4s.(3D).4p,4F*,9/2,3d.4s.(3D).4d,4D,7/2
Sc,1,Sc I,421.2318,421.2318,421.2319,air,5.0,5,15800000.0,B+,16021.7788,39754.983,3d.4s.(3D).4p,4D*,3/2,3d.4s.(3D).4d,4D,5/2
Sc,1,Sc I,421.2481,421.2481,421.2487,air,5.0,5,8600000.0,B,16022.7219,39754.983,3d.4s.(1D).4p,2D*,5/2,3d.4s.(3D).4d,4D,5/2
Sc,1,Sc I,421.6083,421.6083,421.6084,air,5.0,5,23600000.0,B+,16009.7432,39721.755,3d.4s.(3D).4p,4D*,1/2,3d.4s.(3D).4d,4D,3/2
Sc,1,Sc I,421.8225,421.8225,421.8225,air,5.0,5,22600000.0,B+,16021.7788,39721.755,3d.4s.(3D).4p,4D*,3/2,3d.4s.(3D).4d,4D,3/2
Sc,1,Sc I,422.554,422.554,422.5539,air,5.0,5,9500000.0,B+,16141.0012,39799.959,3d.4s.(3D).4p,4D*,5/2,3d.4s.(3D).4d,4D,7/2
Sc,1,Sc I,422.5692,422.5692,422.5692,air,5.0,5,7600000.0,B+,16096.8834,39754.983,3d.4s.(1D).4p,2D*,3/2,3d.4s.(3D).4d,4D,5/2
Sc,3,Sc III,422.5779,422.5779,422.578,air,6.0,6,4300000.0,E,148130.03,171787.64,3p6.5d,2D,3/2,3p6.6f,2F*,5/2
Sc,3,Sc III,422.9371,422.9371,422.9375,air,6.0,6,4700000.0,E,148150.14,171787.64,3p6.5d,2D,5/2,3p6.6f,2F*,7/2
Sc,3,Sc III,422.9375,,422.9375,air,,,310000.0,E,148150.14,171787.64,3p6.5d,2D,5/2,3p6.6f,2F*,5/2
Sc,1,Sc I,423.1636,423.1636,423.1636,air,5.0,5,13100000.0,B,16096.8834,39721.755,3d.4s.(1D).4p,2D*,3/2,3d.4s.(3D).4d,4D,3/2
Sc,1,Sc I,423.3591,423.3591,423.3587,air,5.0,5,40000000.0,B+,16141.0012,39754.983,3d.4s.(3D).4p,4D*,5/2,3d.4s.(3D).4d,4D,5/2
Sc,1,Sc I,423.8053,423.8053,423.8045,air,6.0,6,71000000.0,B+,16210.8140,39799.959,3d.4s.(3D).4p,4D*,7/2,3d.4s.(3D).4d,4D,7/2
Sc,1,Sc I,423.9552,423.9552,423.9553,air,5.0,5,22700000.0,B+,16141.0012,39721.755,3d.4s.(3D).4p,4D*,5/2,3d.4s.(3D).4d,4D,3/2
Sc,1,Sc I,424.6139,424.6139,424.6141,air,4.0,4,11500000.0,B+,16210.8140,39754.983,3d.4s.(3D).4p,4D*,7/2,3d.4s.(3D).4d,4D,5/2
Sc,2,Sc II,424.682,424.682,424.6822,air,12.0,12,129000000.0,A',2540.95,26081.34,3p6.3d.4s,1D,2,3p6.3d.4p,1D*,2
Sc,2,Sc II,429.4764,429.4764,429.4767,air,13.0,13,2100000.0,B,4883.57,28161.17,3p6.3d2,3F,3,3p6.3d.4p,3D*,3
Sc,2,Sc II,430.5711,430.5711,430.5714,air,15.0,15,3600000.0,B',4802.87,28021.29,3p6.3d2,3F,2,3p6.3d.4p,3D*,2
Sc,2,Sc II,431.4082,431.4082,431.4083,air,17.0,17,41000000.0,B,4987.79,28161.17,3p6.3d2,3F,4,3p6.3d.4p,3D*,3
Sc,2,Sc II,432.0745,432.0745,432.0732,air,15.0,15,40000000.0,B,4883.57,28021.29,3p6.3d2,3F,3,3p6.3d.4p,3D*,2
Sc,2,Sc II,432.4998,432.4998,432.4996,air,13.0,13,43000000.0,B',4802.87,27917.78,3p6.3d2,3F,2,3p6.3d.4p,3D*,1
Sc,2,Sc II,435.4602,435.4602,435.4598,air,12.0,12,1030000.0,B',4883.57,27841.35,3p6.3d2,3F,3,3p6.3d.4p,3F*,4
Sc,2,Sc II,437.4462,437.4462,437.4457,air,16.0,16,14800000.0,B',4987.79,27841.35,3p6.3d2,3F,4,3p6.3d.4p,3F*,4
Sc,2,Sc II,438.4808,438.4808,438.4814,air,12.0,12,1230000.0,B',4802.87,27602.45,3p6.3d2,3F,2,3p6.3d.4p,3F*,3
Sc,2,Sc II,440.0386,440.0386,440.0389,air,10.0,10,14300000.0,B',4883.57,27602.45,3p6.3d2,3F,3,3p6.3d.4p,3F*,3
Sc,2,Sc II,441.5544,441.5544,441.5557,air,10.0,10,14700000.0,B',4802.87,27443.71,3p6.3d2,3F,2,3p6.3d.4p,3F*,2
Sc,2,Sc II,442.0661,442.0661,442.0669,air,4.0,4,260000.0,C+,4987.79,27602.45,3p6.3d2,3F,4,3p6.3d.4p,3F*,3
Sc,2,Sc II,443.1362,443.1362,443.1352,air,8.0,8,730000.0,C+,4883.57,27443.71,3p6.3d2,3F,3,3p6.3d.4p,3F*,2
Sc,1,Sc I,451.1372,451.1372,451.1378,air,4.0,4,1100000.0,D+,14926.061,37086.020,3d2.(3F).4s,2F,5/2,3d2.(1D).4p,2P*,3/2
Sc,1,Sc I,454.2551,454.2551,454.2562,air,5.0,5,12800000.0,B,14926.061,36933.899,3d2.(3F).4s,2F,5/2,3d2.(1D).4p,2D*,3/2
Sc,1,Sc I,454.47,454.47,454.4665,air,9.0,9:,13300000.0,B,15041.902,37039.559,3d2.(3F).4s,2F,7/2,3d2.(1D).4p,2D*,5/2
Sc,3,Sc III,463.781,,463.781,air,,,560000.0,E,148130.03,169685.9,3p6.5d,2D,3/2,3p6.7p,2P*,3/2
Sc,3,Sc III,464.208,464.208,464.214,air,2.0,2bl,5200000.0,E,148150.14,169685.9,3p6.5d,2D,5/2,3p6.7p,2P*,3/2
Sc,3,Sc III,464.8148,464.8148,464.8146,air,1.0,1,5700000.0,E,148130.03,169637.96,3p6.5d,2D,3/2,3p6.7p,2P*,1/2
Sc,2,Sc II,467.0406,467.0406,467.0407,air,18.0,18,11600000.0,B',10944.56,32349.98,3p6.3d2,1D,2,3p6.3d.4p,1F*,3
Sc,1,Sc I,470.6938,470.6938,470.6932,air,5.0,5,28100000.0,B+,18515.665,39754.983,3d.4s.(3D).4p,4P*,3/2,3d.4s.(3D).4d,4D,5/2
Sc,1,Sc I,470.9313,470.9313,470.9315,air,5.0,5,40000000.0,B+,18571.386,39799.959,3d.4s.(3D).4p,4P*,5/2,3d.4s.(3D).4d,4D,7/2
Sc,1,Sc I,471.1721,471.1721,471.1729,air,4.0,4,18100000.0,B+,18504.058,39721.755,3d.4s.(3D).4p,4P*,1/2,3d.4s.(3D).4d,4D,3/2
Sc,1,Sc I,471.4303,471.4303,471.4308,air,4.0,4,21400000.0,B+,18515.665,39721.755,3d.4s.(3D).4p,4P*,3/2,3d.4s.(3D).4d,4D,3/2
Sc,1,Sc I,471.7023,471.7023,471.7037,air,4.0,4,560000.0,C+,11557.6556,32751.474,3d2.(3F).4s,4F,5/2,3d2.(3F).4p,4D*,7/2
Sc,1,Sc I,471.9308,471.9308,471.9313,air,4.0,4,10400000.0,B+,18571.386,39754.983,3d.4s.(3D).4p,4P*,5/2,3d.4s.(3D).4d,4D,5/2
Sc,1,Sc I,472.081,472.081,472.08176,air,4.0,4,1190000.0,C+,11519.9611,32696.808,3d2.(3F).4s,4F,3/2,3d2.(3F).4p,4D*,5/2
Sc,1,Sc I,472.8766,472.8766,472.8769,air,6.0,6,11600000.0,B+,11610.2357,32751.474,3d2.(3F).4s,4F,7/2,3d2.(3F).4p,4D*,7/2
Sc,1,Sc I,472.9209,472.9209,472.9197,air,6.0,6*,22000000.0,B+,11519.9611,32659.285,3d2.(3F).4s,4F,3/2,3d2.(3F).4p,4D*,3/2
Sc,1,Sc I,472.9209,472.9209,472.92357,air,6.0,6*,19300000.0,B+,11557.6556,32696.808,3d2.(3F).4s,4F,5/2,3d2.(3F).4p,4D*,5/2
Sc,1,Sc I,473.4109,473.4109,473.4096,air,6.0,6,110000000.0,B+,11519.9611,32637.409,3d2.(3F).4s,4F,3/2,3d2.(3F).4p,4D*,1/2
Sc,1,Sc I,473.7647,473.7647,473.7645,air,5.0,5,88000000.0,B+,11557.6556,32659.285,3d2.(3F).4s,4F,5/2,3d2.(3F).4p,4D*,3/2
Sc,3,Sc III,474.0954,474.0954,474.0952,air,10.0,10,80000000.0,D,128107.12,149194.03,3p6.5p,2P*,1/2,3p6.6s,2S,1/2
Sc,1,Sc I,474.1024,474.1024,474.10284,air,6.0,6,91000000.0,B+,11610.2357,32696.808,3d2.(3F).4s,4F,7/2,3d2.(3F).4p,4D*,5/2
Sc,1,Sc I,474.3821,474.3821,474.382,air,6.0,6,98000000.0,B+,11677.3121,32751.474,3d2.(3F).4s,4F,9/2,3d2.(3F).4p,4D*,7/2
Sc,1,Sc I,475.3165,475.3165,475.31648,air,6.0,6g,1080000.0,B+,0.0000,21032.732,3d.4s2,2D,3/2,3d.4s.(1D).4p,2F*,5/2
Sc,1,Sc I,477.9354,477.9354,477.93517,air,6.0,6g,890000.0,B+,168.3371,21085.829,3d.4s2,2D,5/2,3d.4s.(1D).4p,2F*,7/2
Sc,3,Sc III,478.0868,478.0868,478.0863,air,15.0,15,155000000.0,C,128283.15,149194.03,3p6.5p,2P*,3/2,3p6.6s,2S,1/2
Sc,1,Sc I,479.152,479.152,479.15146,air,5.0,5g,197000.0,B+,168.3371,21032.732,3d.4s2,2D,5/2,3d.4s.(1D).4p,2F*,5/2
Sc,3,Sc III,492.3291,,492.3291,air,,,14000000.0,D,155489.78,175795.73,3p6.6p,2P*,1/2,3p6.8s,2S,1/2
Sc,3,Sc III,494.4072,494.4072,494.4089,air,1.0,1,27000000.0,D,155575.20,175795.73,3p6.6p,2P*,3/2,3p6.8s,2S,1/2
Sc,1,Sc I,497.3665,497.3665,497.3664,air,5.0,5,84000000.0,B+,17025.127,37125.419,3d2.(1D).4s,2D,3/2,3d2.(1D).4p,2P*,1/2
Sc,1,Sc I,498.036,498.036,498.0361,air,5.0,5,56000000.0,B+,17012.753,37086.020,3d2.(1D).4s,2D,5/2,3d2.(1D).4p,2P*,3/2
Sc,1,Sc I,498.3426,498.3426,498.3433,air,5.0,5,25800000.0,B+,17025.127,37086.020,3d2.(1D).4s,2D,3/2,3d2.(1D).4p,2P*,3/2
Sc,1,Sc I,499.19,499.19,499.1915,air,25.0,25:,38000000.0,B+,17012.753,37039.559,3d2.(1D).4s,2D,5/2,3d2.(1D).4p,2D*,5/2
Sc,3,Sc III,499.2886,499.2886,499.2886,air,50.0,50,183000000.0,C,128107.12,148130.03,3p6.5p,2P*,1/2,3p6.5d,2D,3/2
Sc,1,Sc I,499.4997,499.4997,499.5001,air,4.0,4,5900000.0,B+,17025.127,37039.559,3d2.(1D).4s,2D,3/2,3d2.(1D).4p,2D*,5/2
Sc,3,Sc III,500.6804,500.6804,500.6804,air,1.0,1,18000000.0,D,155489.78,175457.03,3p6.6p,2P*,1/2,3p6.7d,2D,3/2
Sc,1,Sc I,501.8408,501.8408,501.8392,air,5.0,5,20900000.0,B+,17012.753,36933.899,3d2.(1D).4s,2D,5/2,3d2.(1D).4p,2D*,3/2
Sc,1,Sc I,502.1521,502.1521,502.1511,air,5.0,5,23000000.0,B+,17025.127,36933.899,3d2.(1D).4s,2D,3/2,3d2.(1D).4p,2D*,3/2
Sc,3,Sc III,502.6665,502.6665,502.6665,air,2.0,2,21000000.0,D,155575.20,175463.56,3p6.6p,2P*,3/2,3p6.7d,2D,5/2
Sc,3,Sc III,502.8316,,502.8316,air,,,3500000.0,D,155575.20,175457.03,3p6.6p,2P*,3/2,3p6.7d,2D,3/2
Sc,2,Sc II,503.101,503.101,503.1021,air,17.0,17,35000000.0,B',10944.56,30815.70,3p6.3d2,1D,2,3p6.3d.4p,1P*,1
Sc,3,Sc III,503.2087,503.2087,503.2072,air,60.0,60,210000000.0,C,128283.15,148150.14,3p6.5p,2P*,3/2,3p6.5d,2D,5/2
Sc,3,Sc III,503.7176,503.7176,503.7171,air,9.0,9,36000000.0,D,128283.15,148130.03,3p6.5p,2P*,3/2,3p6.5d,2D,3/2
Sc,1,Sc I,505.3076,505.3076,505.3057,air,3.0,3,1400000.0,B+,17255.076,37039.559,3d2.(3P).4s,4P,3/2,3d2.(1D).4p,2D*,5/2
Sc,1,Sc I,505.4489,505.4489,505.4471,air,2.0,2,1200000.0,C,17307.069,37086.020,3d2.(3P).4s,4P,5/2,3d2.(1D).4p,2P*,3/2
Sc,1,Sc I,506.4306,506.4306,506.4302,air,5.0,5,7300000.0,B+,11610.2357,31350.789,3d2.(3F).4s,4F,7/2,3d2.(3F).4p,4F*,9/2
Sc,1,Sc I,506.6384,506.6384,506.6372,air,4.0,4,3600000.0,B,17307.069,37039.559,3d2.(3P).4s,4P,5/2,3d2.(1D).4p,2D*,5/2
Sc,1,Sc I,507.0167,507.0167,507.0161,air,5.0,5,11600000.0,B+,11557.6556,31275.400,3d2.(3F).4s,4F,5/2,3d2.(3F).4p,4F*,7/2
Sc,1,Sc I,507.2714,507.2714,507.27,air,3.0,3,2000000.0,B,17226.025,36933.899,3d2.(3P).4s,4P,1/2,3d2.(1D).4p,2D*,3/2
Sc,1,Sc I,507.582,507.582,507.5805,air,3.0,3,11500000.0,B+,11519.9611,31215.780,3d2.(3F).4s,4F,3/2,3d2.(3F).4p,4F*,5/2
Sc,1,Sc I,508.0215,508.0215,508.0189,air,4.0,4,4100000.0,B,17255.076,36933.899,3d2.(3P).4s,4P,3/2,3d2.(1D).4p,2D*,3/2
Sc,1,Sc I,508.1561,508.1561,508.1569,air,7.0,7,76000000.0,B+,11677.3121,31350.789,3d2.(3F).4s,4F,9/2,3d2.(3F).4p,4F*,9/2
Sc,1,Sc I,508.3721,508.3721,508.3717,air,7.0,7,62000000.0,B+,11610.2357,31275.400,3d2.(3F).4s,4F,7/2,3d2.(3F).4p,4F*,7/2
Sc,1,Sc I,508.5549,508.5549,508.5538,air,7.0,7,57000000.0,B+,11557.6556,31215.780,3d2.(3F).4s,4F,5/2,3d2.(3F).4p,4F*,5/2
Sc,1,Sc I,508.69,508.69,508.6952,air,23.0,23:,66000000.0,B+,11519.9611,31172.621,3d2.(3F).4s,4F,3/2,3d2.(3F).4p,4F*,3/2
Sc,1,Sc I,509.3654,509.3654,509.3647,air,3.0,3,1700000.0,C+,17307.069,36933.899,3d2.(3P).4s,4P,5/2,3d2.(1D).4p,2D*,3/2
Sc,1,Sc I,509.6721,509.6721,509.6728,air,6.0,6,16900000.0,B+,11557.6556,31172.621,3d2.(3F).4s,4F,5/2,3d2.(3F).4p,4F*,3/2
Sc,1,Sc I,509.9186,509.9186,509.9177,air,5.0,5,15000000.0,B+,11610.2357,31215.780,3d2.(3F).4s,4F,7/2,3d2.(3F).4p,4F*,5/2
Sc,1,Sc I,510.1119,510.1119,510.1117,air,6.0,6,8800000.0,B+,11677.3121,31275.400,3d2.(3F).4s,4F,9/2,3d2.(3F).4p,4F*,7/2
Sc,2,Sc II,523.9811,523.9811,523.9813,air,16.0,16,13900000.0,B',11736.36,30815.70,3p6.4s2,1S,0,3p6.3d.4p,1P*,1
Sc,1,Sc I,530.1951,530.1951,530.19514,air,5.0,5g,105000.0,B+,0.0000,18855.734,3d.4s2,2D,3/2,4s2.4p,2P*,3/2
Sc,1,Sc I,531.4684,531.4684,531.4659,air,3.0,3,500000.0,C+,15756.5295,34567.180,3d.4s.(3D).4p,4F*,5/2,3d.4s.(3D).5s,4D,7/2
Sc,1,Sc I,531.5588,531.5588,531.55686,air,3.0,3,650000.0,C+,15672.5595,34479.990,3d.4s.(3D).4p,4F*,3/2,3d.4s.(3D).5s,4D,5/2
Sc,2,Sc II,531.8374,531.8374,531.8349,air,12.0,12,760000.0,B',10944.56,29742.16,3p6.3d2,1D,2,3p6.3d.4p,3P*,1
Sc,1,Sc I,532.3069,532.3069,532.3057,air,4.0,4,1000000.0,B,14926.061,33707.034,3d2.(3F).4s,2F,5/2,3d2.(3F).4p,2D*,5/2
Sc,1,Sc I,533.1788,533.1788,533.1774,air,5.0,5,11100000.0,B+,15672.5595,34422.829,3d.4s.(3D).4p,4F*,3/2,3d.4s.(3D).5s,4D,3/2
Sc,2,Sc II,533.4241,533.4241,533.424,air,11.0,11,490000.0,C,12074.10,30815.70,3p6.3d2,3P,0,3p6.3d.4p,1P*,1
Sc,1,Sc I,533.9431,533.9431,533.94079,air,5.0,5,10600000.0,B+,15756.5295,34479.990,3d.4s.(3D).4p,4F*,5/2,3d.4s.(3D).5s,4D,5/2
Sc,1,Sc I,534.1074,534.1074,534.1053,air,5.0,5,38000000.0,B+,15672.5595,34390.253,3d.4s.(3D).4p,4F*,3/2,3d.4s.(3D).5s,4D,1/2
Sc,1,Sc I,534.2992,534.2992,534.2955,air,6.0,6g,620000.0,B+,0.0000,18711.029,3d.4s2,2D,3/2,4s2.4p,2P*,1/2
Sc,1,Sc I,534.9342,534.9342,534.9308,air,5.0,5,59000000.0,C+,14926.061,33614.869,3d2.(3F).4s,2F,5/2,3d2.(3F).4p,2D*,3/2
Sc,1,Sc I,534.97115,534.97115,534.97122,air,5.0,5g,401000.0,B+,168.3371,18855.734,3d.4s2,2D,5/2,4s2.4p,2P*,3/2
Sc,1,Sc I,535.0278,535.0278,535.0263,air,5.0,5,6800000.0,B+,15881.7082,34567.180,3d.4s.(3D).4p,4F*,7/2,3d.4s.(3D).5s,4D,7/2
Sc,1,Sc I,535.5793,535.5793,535.5759,air,5.0,5,30000000.0,B+,15756.5295,34422.829,3d.4s.(3D).4p,4F*,5/2,3d.4s.(3D).5s,4D,3/2
Sc,1,Sc I,535.6097,535.6097,535.6094,air,5.0,5,57000000.0,C+,15041.902,33707.034,3d2.(3F).4s,2F,7/2,3d2.(3F).4p,2D*,5/2
Sc,2,Sc II,535.7202,535.7202,535.7199,air,12.0,12,600000.0,C+,12154.42,30815.70,3p6.3d2,3P,2,3p6.3d.4p,1P*,1
Sc,1,Sc I,537.5373,537.5373,537.5346,air,5.0,5,34000000.0,B,15881.7082,34479.990,3d.4s.(3D).4p,4F*,7/2,3d.4s.(3D).5s,4D,5/2
Sc,1,Sc I,539.0912,539.0912,539.0948,air,2.0,2,500000.0,C+,16022.7219,34567.180,3d.4s.(1D).4p,2D*,5/2,3d.4s.(3D).5s,4D,7/2
Sc,1,Sc I,539.2058,539.2058,539.2062,air,5.0,5,42000000.0,B+,16026.5528,34567.180,3d.4s.(3D).4p,4F*,9/2,3d.4s.(3D).5s,4D,7/2
Sc,1,Sc I,541.6161,541.6161,541.6137,air,4.0,4,4400000.0,B,16021.7788,34479.990,3d.4s.(3D).4p,4D*,3/2,3d.4s.(3D).5s,4D,5/2
Sc,1,Sc I,541.6414,541.6414,541.6414,air,3.0,3,2000000.0,B,16022.7219,34479.990,3d.4s.(1D).4p,2D*,5/2,3d.4s.(3D).5s,4D,5/2
Sc,1,Sc I,542.555,542.555,542.5553,air,4.0,4,4500000.0,B,16141.0012,34567.180,3d.4s.(3D).4p,4D*,5/2,3d.4s.(3D).5s,4D,7/2
Sc,1,Sc I,542.9421,542.9421,542.9411,air,4.0,4,9000000.0,B+,16009.7432,34422.829,3d.4s.(3D).4p,4D*,1/2,3d.4s.(3D).5s,4D,3/2
Sc,1,Sc I,543.2977,543.2977,543.2962,air,4.0,4,5400000.0,B,16021.7788,34422.829,3d.4s.(3D).4p,4D*,3/2,3d.4s.(3D).5s,4D,3/2
Sc,1,Sc I,543.3246,543.3246,543.3241,air,4.0,4,9700000.0,B+,16022.7219,34422.829,3d.4s.(1D).4p,2D*,5/2,3d.4s.(3D).5s,4D,3/2
Sc,1,Sc I,543.8279,543.8279,543.8265,air,4.0,4,3400000.0,B,16096.8834,34479.990,3d.4s.(1D).4p,2D*,3/2,3d.4s.(3D).5s,4D,5/2
Sc,1,Sc I,543.9042,543.9042,543.9034,air,4.0,4,17400000.0,B+,16009.7432,34390.253,3d.4s.(3D).4p,4D*,1/2,3d.4s.(3D).5s,4D,1/2
Sc,1,Sc I,544.2617,544.2617,544.2598,air,4.0,4,21500000.0,B+,16021.7788,34390.253,3d.4s.(3D).4p,4D*,3/2,3d.4s.(3D).5s,4D,1/2
Sc,1,Sc I,544.6195,544.6195,544.6188,air,6.0,6,28000000.0,B+,16210.8140,34567.180,3d.4s.(3D).4p,4D*,7/2,3d.4s.(3D).5s,4D,7/2
Sc,1,Sc I,544.7397,544.7397,544.7392,air,4.0,4,1140000.0,C+,14926.061,33278.370,3d2.(3F).4s,2F,5/2,3d2.(3F).4p,2F*,7/2
Sc,1,Sc I,545.1369,545.1369,545.1348,air,5.0,5,15000000.0,B+,16141.0012,34479.990,3d.4s.(3D).4p,4D*,5/2,3d.4s.(3D).5s,4D,5/2
Sc,1,Sc I,545.5236,545.5236,545.5228,air,4.0,4,6600000.0,B+,16096.8834,34422.829,3d.4s.(1D).4p,2D*,3/2,3d.4s.(3D).5s,4D,3/2
Sc,1,Sc I,546.4952,546.4952,546.4943,air,2.0,2,3200000.0,C+,16096.8834,34390.253,3d.4s.(1D).4p,2D*,3/2,3d.4s.(3D).5s,4D,1/2
Sc,1,Sc I,546.8401,546.8401,546.8393,air,4.0,4,9700000.0,B+,16141.0012,34422.829,3d.4s.(3D).4p,4D*,5/2,3d.4s.(3D).5s,4D,3/2
Sc,1,Sc I,547.2194,547.2194,547.218,air,4.0,4,9700000.0,B+,16210.8140,34479.990,3d.4s.(3D).4p,4D*,7/2,3d.4s.(3D).5s,4D,5/2
Sc,1,Sc I,548.2012,548.2012,548.1995,air,6.0,6,52000000.0,B,15041.902,33278.370,3d2.(3F).4s,2F,7/2,3d2.(3F).4p,2F*,7/2
Sc,1,Sc I,548.4628,548.4628,548.4626,air,6.0,6,52000000.0,B,14926.061,33153.779,3d2.(3F).4s,2F,5/2,3d2.(3F).4p,2F*,5/2
Sc,1,Sc I,551.423,551.423,551.422,air,6.0,6,41000000.0,B+,14926.061,33055.957,3d2.(3F).4s,2F,5/2,3d2.(3F).4p,2G*,7/2
Sc,1,Sc I,551.538,551.538,551.5383,air,3.0,3,1570000.0,B+,15672.5595,33798.633,3d.4s.(3D).4p,4F*,3/2,3d3,4F,5/2
Sc,1,Sc I,551.9729,551.9729,551.9706,air,3.0,3,880000.0,C+,15041.902,33153.779,3d2.(3F).4s,2F,7/2,3d2.(3F).4p,2F*,5/2
Sc,1,Sc I,552.04969,552.04969,552.04963,air,6.0,6,41600000.0,B+,15041.902,33151.185,3d2.(3F).4s,2F,7/2,3d2.(3F).4p,2G*,9/2
Sc,1,Sc I,552.6103,552.6103,552.6083,air,4.0,4,7100000.0,B+,15672.5595,33763.534,3d.4s.(3D).4p,4F*,3/2,3d3,4F,3/2
Sc,2,Sc II,552.6785,552.6785,552.679,air,16.0,16,33000000.0,C+,14261.32,32349.98,3p6.3d2,1G,4,3p6.3d.4p,1F*,3
Sc,1,Sc I,554.1068,554.1068,554.1052,air,4.0,4,5500000.0,B+,15756.5295,33798.633,3d.4s.(3D).4p,4F*,5/2,3d3,4F,5/2
Sc,1,Sc I,554.9693,554.9693,554.968,air,3.0,3,750000.0,B+,15041.902,33055.957,3d2.(3F).4s,2F,7/2,3d2.(3F).4p,2G*,7/2
Sc,1,Sc I,555.1854,555.1854,555.1853,air,3.0,3,1640000.0,B+,15756.5295,33763.534,3d.4s.(3D).4p,4F*,5/2,3d3,4F,3/2
Sc,1,Sc I,557.9764,557.9764,557.9766,air,3.0,3,1520000.0,B+,15881.7082,33798.633,3d.4s.(3D).4p,4F*,7/2,3d3,4F,5/2
Sc,1,Sc I,562.3732,562.3732,562.3731,air,2.0,2,1280000.0,B+,16021.7788,33798.633,3d.4s.(3D).4p,4D*,3/2,3d3,4F,5/2
Sc,1,Sc I,562.4036,562.4036,562.403,air,2.0,2,1110000.0,B+,16022.7219,33798.633,3d.4s.(1D).4p,2D*,5/2,3d3,4F,5/2
Sc,1,Sc I,563.1043,563.1043,563.1037,air,3.0,3,3000000.0,B+,16009.7432,33763.534,3d.4s.(3D).4p,4D*,1/2,3d3,4F,3/2
Sc,1,Sc I,563.4855,563.4855,563.4857,air,3.0,3,1920000.0,B+,16021.7788,33763.534,3d.4s.(3D).4p,4D*,3/2,3d3,4F,3/2
Sc,2,Sc II,564.1,564.1,564.1001,air,13.0,13,3100000.0,C+,12101.50,29823.93,3p6.3d2,3P,1,3p6.3d.4p,3P*,2
Sc,1,Sc I,564.7566,564.7566,564.7592,air,4.0,4,1610000.0,B+,16096.8834,33798.633,3d.4s.(1D).4p,2D*,3/2,3d3,4F,5/2
Sc,2,Sc II,565.7907,565.7907,565.7896,air,15.0,15,10400000.0,B',12154.42,29823.93,3p6.3d2,3P,2,3p6.3d.4p,3P*,2
Sc,2,Sc II,565.8362,565.8362,565.8361,air,13.0,13,4300000.0,B,12074.10,29742.16,3p6.3d2,3P,0,3p6.3d.4p,3P*,1
Sc,1,Sc I,566.1712,566.1712,566.1702,air,3.0,3,790000.0,B+,16141.0012,33798.633,3d.4s.(3D).4p,4D*,5/2,3d3,4F,5/2
Sc,2,Sc II,566.7164,566.7164,566.7149,air,12.0,12,3400000.0,B',12101.50,29742.16,3p6.3d2,3P,1,3p6.3d.4p,3P*,1
Sc,2,Sc II,566.9055,566.9055,566.9042,air,13.0,13,13100000.0,B',12101.50,29736.27,3p6.3d2,3P,1,3p6.3d.4p,3P*,0
Sc,1,Sc I,567.1828,567.1828,567.1807,air,7.0,7,54000000.0,B+,11677.3121,29303.485,3d2.(3F).4s,4F,9/2,3d2.(3F).4p,4G*,11/2
Sc,2,Sc II,568.4214,568.4214,568.4202,air,15.0,15bl,5800000.0,B',12154.42,29742.16,3p6.3d2,3P,2,3p6.3d.4p,3P*,1
Sc,1,Sc I,568.6832,568.6832,568.68316,air,7.0,7*,48600000.0,B+,11610.2357,29189.842,3d2.(3F).4s,4F,7/2,3d2.(3F).4p,4G*,9/2
Sc,1,Sc I,570.01508,570.01508,570.01531,air,7.0,7,47200000.0,B+,11557.6556,29096.178,3d2.(3F).4s,4F,5/2,3d2.(3F).4p,4G*,7/2
Sc,1,Sc I,570.86138,570.86138,570.86135,air,6.0,6,5160000.0,B+,11677.3121,29189.842,3d2.(3F).4s,4F,9/2,3d2.(3F).4p,4G*,9/2
Sc,1,Sc I,571.17525,571.17525,571.17534,air,7.0,7,46600000.0,B+,11519.9611,29022.864,3d2.(3F).4s,4F,3/2,3d2.(3F).4p,4G*,5/2
Sc,1,Sc I,571.72912,571.72912,571.72936,air,6.0,6,6030000.0,B,11610.2357,29096.178,3d2.(3F).4s,4F,7/2,3d2.(3F).4p,4G*,7/2
Sc,1,Sc I,572.40799,572.40799,572.4081,air,6.0,6,5710000.0,B+,11557.6556,29022.864,3d2.(3F).4s,4F,5/2,3d2.(3F).4p,4G*,5/2
Sc,1,Sc I,573.93081,573.93081,573.93099,air,4.0,4,150000.0,C+,11677.3121,29096.178,3d2.(3F).4s,4F,9/2,3d2.(3F).4p,4G*,7/2
Sc,1,Sc I,574.13667,574.13667,574.13659,air,4.0,4,233000.0,B+,11610.2357,29022.864,3d2.(3F).4s,4F,7/2,3d2.(3F).4p,4G*,5/2
Sc,2,Sc II,589.0034,589.0034,589.0002,air,5.0,5,76000.0,E,10944.56,27917.78,3p6.3d2,1D,2,3p6.3d.4p,3D*,1
Sc,1,Sc I,598.8431,598.8431,598.8417,air,1.0,1,6600000.0,C+,17012.753,33707.034,3d2.(1D).4s,2D,5/2,3d2.(3F).4p,2D*,5/2
Sc,1,Sc I,602.616,602.616,602.6152,air,5.0,5,7200000.0,C+,17025.127,33614.869,3d2.(1D).4s,2D,3/2,3d2.(3F).4p,2D*,3/2
Sc,1,Sc I,614.62,614.62,614.6237,air,6.0,6,4200000.0,C+,17012.753,33278.370,3d2.(1D).4s,2D,5/2,3d2.(3F).4p,2F*,7/2
Sc,1,Sc I,619.36781,619.36781,619.36888,air,6.0,6g*,22400.0,D,0.0000,16141.0012,3d.4s2,2D,3/2,3d.4s.(3D).4p,4D*,5/2
Sc,1,Sc I,619.843,619.843,619.8431,air,6.0,6,3500000.0,B,17025.127,33153.779,3d2.(1D).4s,2D,3/2,3d2.(3F).4p,2F*,5/2
Sc,1,Sc I,621.06637,621.06637,621.06644,air,7.0,7g,1580000.0,B+,0.0000,16096.8834,3d.4s2,2D,3/2,3d.4s.(1D).4p,2D*,3/2
Sc,1,Sc I,623.17298,623.17298,623.17274,air,3.0,3g,355.0,C,168.3371,16210.8140,3d.4s2,2D,5/2,3d.4s.(3D).4p,4D*,7/2
Sc,3,Sc III,623.8314,623.8314,623.8318,air,10.0,10,7500000.0,D,112257.62,128283.15,3p6.4d,2D,3/2,3p6.5p,2P*,3/2
Sc,1,Sc I,623.94095,623.94095,623.94108,air,6.0,6g,178000.0,B,0.0000,16022.7219,3d.4s2,2D,3/2,3d.4s.(1D).4p,2D*,5/2
Sc,1,Sc I,623.9779,623.9779,623.97781,air,6.0,6g,850000.0,B+,0.0000,16021.7788,3d.4s2,2D,3/2,3d.4s.(3D).4p,4D*,3/2
Sc,1,Sc I,624.44611,624.44611,624.4469,air,2.0,2g,780.0,C,0.0000,16009.7432,3d.4s2,2D,3/2,3d.4s.(3D).4p,4D*,1/2
Sc,1,Sc I,624.996,624.996,624.9915,air,6.0,6,13200000.0,B,18571.386,34567.180,3d.4s.(3D).4p,4P*,5/2,3d.4s.(3D).5s,4D,7/2
Sc,3,Sc III,625.166,,625.166,air,,,210000.0,E,159472.24,175463.56,3p6.5f,2F*,5/2,3p6.7d,2D,5/2
Sc,3,Sc III,625.1698,625.1698,625.1663,air,1.0,1,4100000.0,E,159472.24,175463.56,3p6.5f,2F*,7/2,3p6.7d,2D,5/2
Sc,3,Sc III,625.4264,625.4264,625.4217,air,1.0,1,4300000.0,E,159472.24,175457.03,3p6.5f,2F*,5/2,3p6.7d,2D,3/2
Sc,3,Sc III,625.601,625.601,625.6013,air,80.0,80,66000000.0,C,112302.95,128283.15,3p6.4d,2D,5/2,3p6.5p,2P*,3/2
Sc,1,Sc I,625.89656,625.89656,625.89651,air,7.0,7g,453000.0,B+,168.3371,16141.0012,3d.4s2,2D,5/2,3d.4s.(3D).4p,4D*,5/2
Sc,1,Sc I,626.222,626.222,626.2235,air,5.0,5,8400000.0,B,18515.665,34479.990,3d.4s.(3D).4p,4P*,3/2,3d.4s.(3D).5s,4D,5/2
Sc,1,Sc I,627.63017,627.63017,627.63009,air,6.0,6g,101000.0,B+,168.3371,16096.8834,3d.4s2,2D,5/2,3d.4s.(1D).4p,2D*,3/2
Sc,1,Sc I,628.013,628.013,628.0155,air,5.0,5*,4000000.0,B+,18504.058,34422.829,3d.4s.(3D).4p,4P*,1/2,3d.4s.(3D).5s,4D,3/2
Sc,1,Sc I,628.416,628.416,628.4169,air,5.0,5,3900000.0,B+,18571.386,34479.990,3d.4s.(3D).4p,4P*,5/2,3d.4s.(3D).5s,4D,5/2
Sc,1,Sc I,628.473,628.473,628.4738,air,5.0,5,7100000.0,B,18515.665,34422.829,3d.4s.(3D).4p,4P*,3/2,3d.4s.(3D).5s,4D,3/2
Sc,1,Sc I,629.302,629.302,629.3033,air,5.0,5,10400000.0,B,18504.058,34390.253,3d.4s.(3D).4p,4P*,1/2,3d.4s.(3D).5s,4D,1/2
Sc,1,Sc I,630.56605,630.56605,630.56596,air,7.0,7g,1930000.0,B+,168.3371,16022.7219,3d.4s2,2D,5/2,3d.4s.(1D).4p,2D*,5/2
Sc,1,Sc I,630.60306,630.60306,630.60347,air,6.0,6g,115000.0,B+,168.3371,16021.7788,3d.4s2,2D,5/2,3d.4s.(3D).4p,4D*,3/2
Sc,3,Sc III,630.7595,630.7595,630.7603,air,60.0,60,73000000.0,C,112257.62,128107.12,3p6.4d,2D,3/2,3p6.5p,2P*,1/2
Sc,1,Sc I,634.48208,634.48208,634.48209,air,5.0,5g,9900.0,C,0.0000,15756.5295,3d.4s2,2D,3/2,3d.4s.(3D).4p,4F*,5/2
Sc,1,Sc I,636.22559,636.22559,636.22478,air,4.0,4g,890.0,C,168.3371,15881.7082,3d.4s2,2D,5/2,3d.4s.(3D).4p,4F*,7/2
Sc,1,Sc I,637.88161,637.88161,637.88153,air,6.0,6g,110000.0,C,0.0000,15672.5595,3d.4s2,2D,3/2,3d.4s.(3D).4p,4F*,3/2
Sc,1,Sc I,641.33394,641.33394,641.33393,air,6.0,6g,69000.0,C,168.3371,15756.5295,3d.4s2,2D,5/2,3d.4s.(3D).4p,4F*,5/2
Sc,1,Sc I,644.80771,644.80771,644.80738,air,5.0,5g,10700.0,C,168.3371,15672.5595,3d.4s2,2D,5/2,3d.4s.(3D).4p,4F*,3/2
Sc,2,Sc II,660.4578,660.4578,660.4601,air,14.0,14,1500000.0,D+,10944.56,26081.34,3p6.3d2,1D,2,3p6.3d.4p,1D*,2
Sc,2,Sc II,704.349,,704.349,air,,,0.0022,E,67.72,14261.32,3p6.3d.4s,3D,2,3p6.3d2,1G,4
Sc,1,Sc I,705.51683,705.51683,705.5159,air,,,7150.0,C+,14926.061,29096.178,3d2.(3F).4s,2F,5/2,3d2.(3F).4p,4G*,7/2
Sc,2,Sc II,709.852,,709.852,air,,,5.1e-05,E,177.76,14261.32,3p6.3d.4s,3D,3,3p6.3d2,1G,4
Sc,3,Sc III,733.9033,733.9033,733.8963,air,1.0,1,3400000.0,E,165592.55,179214.70,3p6.6d,2D,3/2,3p6.7f,2F*,5/2
Sc,3,Sc III,734.475,,734.475,air,,,3600000.0,E,165603.29,179214.70,3p6.6d,2D,5/2,3p6.7f,2F*,7/2
Sc,3,Sc III,734.475,,734.475,air,,,240000.0,E,165603.29,179214.70,3p6.6d,2D,5/2,3p6.7f,2F*,5/2
Sc,3,Sc III,744.9155,744.9155,744.9141,air,90.0,90,58000000.0,C,114862.48,128283.15,3p6.5s,2S,1/2,3p6.5p,2P*,3/2
Sc,3,Sc III,754.8148,754.8148,754.8146,air,70.0,70,54000000.0,D,114862.48,128107.12,3p6.5s,2S,1/2,3p6.5p,2P*,1/2
Sc,1,Sc I,774.12223,774.12223,774.1219,air,24.0,24,5430000.0,B+,20236.877,33151.185,3d2.(1G).4s,2G,9/2,3d2.(3F).4p,2G*,9/2
Sc,1,Sc I,774.28779,774.28779,774.2882,air,3.0,3,115000.0,B+,20239.650,33151.185,3d2.(1G).4s,2G,7/2,3d2.(3F).4p,2G*,9/2
Sc,1,Sc I,780.042,780.042,780.0413,air,28.0,28,5100000.0,D+,20239.650,33055.957,3d2.(1G).4s,2G,7/2,3d2.(3F).4p,2G*,7/2
Sc,2,Sc II,822.52,,822.52,air,,,0.084,E,0.00,12154.42,3p6.3d.4s,3D,1,3p6.3d2,3P,2
Sc,2,Sc II,826.117,,826.117,air,,,0.41,E,0.00,12101.50,3p6.3d.4s,3D,1,3p6.3d2,3P,1
Sc,2,Sc II,827.128,,827.128,air,,,0.32,E,67.72,12154.42,3p6.3d.4s,3D,2,3p6.3d2,3P,2
Sc,2,Sc II,830.766,,830.766,air,,,0.074,E,67.72,12101.50,3p6.3d.4s,3D,2,3p6.3d2,3P,1
Sc,2,Sc II,832.662,,832.662,air,,,0.88,E,67.72,12074.10,3p6.3d.4s,3D,2,3p6.3d2,3P,0
Sc,2,Sc II,834.728,,834.728,air,,,0.49,E,177.76,12154.42,3p6.3d.4s,3D,3,3p6.3d2,3P,2
Sc,2,Sc II,838.433,,838.433,air,,,0.4,E,177.76,12101.50,3p6.3d.4s,3D,3,3p6.3d2,3P,1
Sc,3,Sc III,881.4293,881.4293,881.4204,air,35.0,35,84000000.0,D,148130.03,159472.24,3p6.5d,2D,3/2,3p6.5f,2F*,5/2
Sc,3,Sc III,882.9785,882.9785,882.9859,air,50.0,50,89000000.0,D,148150.14,159472.24,3p6.5d,2D,5/2,3p6.5f,2F*,7/2
Sc,3,Sc III,882.986,,882.986,air,,,5900000.0,D,148150.14,159472.24,3p6.5d,2D,5/2,3p6.5f,2F*,5/2
Sc,3,Sc III,886.575,,886.575,air,,,980000.0,E,136873.87,148150.14,3p6.4f,2F*,5/2,3p6.5d,2D,5/2
Sc,3,Sc III,886.5891,886.5891,886.5943,air,30.0,30,20000000.0,D,136874.12,148150.14,3p6.4f,2F*,7/2,3p6.5d,2D,5/2
Sc,3,Sc III,888.1585,888.1585,888.1586,air,15.0,15,20000000.0,D,136873.87,148130.03,3p6.4f,2F*,5/2,3p6.5d,2D,3/2
Sc,3,Sc III,937.174,937.174,937.1793,air,1.0,1,28000000.0,D,155489.78,166157.17,3p6.6p,2P*,1/2,3p6.7s,2S,1/2
Sc,3,Sc III,944.744,,944.744,air,,,55000000.0,C,155575.20,166157.17,3p6.6p,2P*,3/2,3p6.7s,2S,1/2
